:app-nia-catalog	direct	androidx.activity:activity-compose:1.9.3	dev
:app-nia-catalog	direct	androidx.activity:activity-compose:1.9.3	prod
:app-nia-catalog	direct	androidx.compose.ui:ui-tooling-preview:1.10.0-alpha04	dev
:app-nia-catalog	direct	androidx.compose.ui:ui-tooling-preview:1.10.0-alpha04	prod
:app-nia-catalog	direct	androidx.compose.ui:ui-tooling:1.10.0-alpha04	dev
:app-nia-catalog	direct	androidx.compose.ui:ui-tooling:1.10.0-alpha04	prod
:app-nia-catalog	direct	androidx.compose:compose-bom-alpha:2025.09.01	dev
:app-nia-catalog	direct	androidx.compose:compose-bom-alpha:2025.09.01	prod
:app-nia-catalog	direct	org.jetbrains.kotlin:kotlin-stdlib:2.3.0	dev
:app-nia-catalog	direct	org.jetbrains.kotlin:kotlin-stdlib:2.3.0	prod
:app-nia-catalog	transitive	androidx.activity:activity-compose:1.9.3	dev
:app-nia-catalog	transitive	androidx.activity:activity-ktx:1.9.3	dev
:app-nia-catalog	transitive	androidx.activity:activity-ktx:1.9.3	prod
:app-nia-catalog	transitive	androidx.activity:activity:1.9.3	dev
:app-nia-catalog	transitive	androidx.activity:activity:1.9.3	prod
:app-nia-catalog	transitive	androidx.annotation:annotation-experimental:1.5.1	dev
:app-nia-catalog	transitive	androidx.annotation:annotation-experimental:1.5.1	prod
:app-nia-catalog	transitive	androidx.annotation:annotation-jvm:1.9.1	dev
:app-nia-catalog	transitive	androidx.annotation:annotation-jvm:1.9.1	prod
:app-nia-catalog	transitive	androidx.annotation:annotation:1.9.1	dev
:app-nia-catalog	transitive	androidx.annotation:annotation:1.9.1	prod
:app-nia-catalog	transitive	androidx.appcompat:appcompat-resources:1.6.1	dev
:app-nia-catalog	transitive	androidx.appcompat:appcompat-resources:1.6.1	prod
:app-nia-catalog	transitive	androidx.arch.core:core-common:2.2.0	dev
:app-nia-catalog	transitive	androidx.arch.core:core-common:2.2.0	prod
:app-nia-catalog	transitive	androidx.arch.core:core-runtime:2.2.0	dev
:app-nia-catalog	transitive	androidx.arch.core:core-runtime:2.2.0	prod
:app-nia-catalog	transitive	androidx.autofill:autofill:1.0.0	dev
:app-nia-catalog	transitive	androidx.autofill:autofill:1.0.0	prod
:app-nia-catalog	transitive	androidx.browser:browser:1.8.0	dev
:app-nia-catalog	transitive	androidx.browser:browser:1.8.0	prod
:app-nia-catalog	transitive	androidx.collection:collection-jvm:1.5.0	dev
:app-nia-catalog	transitive	androidx.collection:collection-jvm:1.5.0	prod
:app-nia-catalog	transitive	androidx.collection:collection-ktx:1.5.0	dev
:app-nia-catalog	transitive	androidx.collection:collection-ktx:1.5.0	prod
:app-nia-catalog	transitive	androidx.collection:collection:1.5.0	dev
:app-nia-catalog	transitive	androidx.collection:collection:1.5.0	prod
:app-nia-catalog	transitive	androidx.compose.animation:animation-android:1.10.0-alpha04	dev
:app-nia-catalog	transitive	androidx.compose.animation:animation-android:1.10.0-alpha04	prod
:app-nia-catalog	transitive	androidx.compose.animation:animation-core-android:1.10.0-alpha04	dev
:app-nia-catalog	transitive	androidx.compose.animation:animation-core-android:1.10.0-alpha04	prod
:app-nia-catalog	transitive	androidx.compose.animation:animation-core:1.10.0-alpha04	dev
:app-nia-catalog	transitive	androidx.compose.animation:animation-core:1.10.0-alpha04	prod
:app-nia-catalog	transitive	androidx.compose.animation:animation:1.10.0-alpha04	dev
:app-nia-catalog	transitive	androidx.compose.animation:animation:1.10.0-alpha04	prod
:app-nia-catalog	transitive	androidx.compose.foundation:foundation-android:1.10.0-alpha04	dev
:app-nia-catalog	transitive	androidx.compose.foundation:foundation-android:1.10.0-alpha04	prod
:app-nia-catalog	transitive	androidx.compose.foundation:foundation-layout-android:1.10.0-alpha04	dev
:app-nia-catalog	transitive	androidx.compose.foundation:foundation-layout-android:1.10.0-alpha04	prod
:app-nia-catalog	transitive	androidx.compose.foundation:foundation-layout:1.10.0-alpha04	dev
:app-nia-catalog	transitive	androidx.compose.foundation:foundation-layout:1.10.0-alpha04	prod
:app-nia-catalog	transitive	androidx.compose.foundation:foundation:1.10.0-alpha04	dev
:app-nia-catalog	transitive	androidx.compose.foundation:foundation:1.10.0-alpha04	prod
:app-nia-catalog	transitive	androidx.compose.material3.adaptive:adaptive-android:1.2.0-beta03	dev
:app-nia-catalog	transitive	androidx.compose.material3.adaptive:adaptive-android:1.2.0-beta03	prod
:app-nia-catalog	transitive	androidx.compose.material3.adaptive:adaptive:1.2.0-beta03	dev
:app-nia-catalog	transitive	androidx.compose.material3.adaptive:adaptive:1.2.0-beta03	prod
:app-nia-catalog	transitive	androidx.compose.material3:material3-adaptive-navigation-suite-android:1.5.0-alpha04	dev
:app-nia-catalog	transitive	androidx.compose.material3:material3-adaptive-navigation-suite-android:1.5.0-alpha04	prod
:app-nia-catalog	transitive	androidx.compose.material3:material3-adaptive-navigation-suite:1.5.0-alpha04	dev
:app-nia-catalog	transitive	androidx.compose.material3:material3-adaptive-navigation-suite:1.5.0-alpha04	prod
:app-nia-catalog	transitive	androidx.compose.material3:material3-android:1.5.0-alpha04	dev
:app-nia-catalog	transitive	androidx.compose.material3:material3-android:1.5.0-alpha04	prod
:app-nia-catalog	transitive	androidx.compose.material3:material3:1.5.0-alpha04	dev
:app-nia-catalog	transitive	androidx.compose.material3:material3:1.5.0-alpha04	prod
:app-nia-catalog	transitive	androidx.compose.material:material-android:1.10.0-alpha04	dev
:app-nia-catalog	transitive	androidx.compose.material:material-android:1.10.0-alpha04	prod
:app-nia-catalog	transitive	androidx.compose.material:material-icons-core-android:1.7.8	dev
:app-nia-catalog	transitive	androidx.compose.material:material-icons-core-android:1.7.8	prod
:app-nia-catalog	transitive	androidx.compose.material:material-icons-core:1.7.8	dev
:app-nia-catalog	transitive	androidx.compose.material:material-icons-core:1.7.8	prod
:app-nia-catalog	transitive	androidx.compose.material:material-icons-extended-android:1.7.8	dev
:app-nia-catalog	transitive	androidx.compose.material:material-icons-extended-android:1.7.8	prod
:app-nia-catalog	transitive	androidx.compose.material:material-icons-extended:1.7.8	dev
:app-nia-catalog	transitive	androidx.compose.material:material-icons-extended:1.7.8	prod
:app-nia-catalog	transitive	androidx.compose.material:material-ripple-android:1.10.0-alpha04	dev
:app-nia-catalog	transitive	androidx.compose.material:material-ripple-android:1.10.0-alpha04	prod
:app-nia-catalog	transitive	androidx.compose.material:material-ripple:1.10.0-alpha04	dev
:app-nia-catalog	transitive	androidx.compose.material:material-ripple:1.10.0-alpha04	prod
:app-nia-catalog	transitive	androidx.compose.material:material:1.10.0-alpha04	dev
:app-nia-catalog	transitive	androidx.compose.material:material:1.10.0-alpha04	prod
:app-nia-catalog	transitive	androidx.compose.runtime:runtime-android:1.10.0-alpha04	dev
:app-nia-catalog	transitive	androidx.compose.runtime:runtime-android:1.10.0-alpha04	prod
:app-nia-catalog	transitive	androidx.compose.runtime:runtime-annotation-android:1.10.0-alpha04	dev
:app-nia-catalog	transitive	androidx.compose.runtime:runtime-annotation-android:1.10.0-alpha04	prod
:app-nia-catalog	transitive	androidx.compose.runtime:runtime-annotation:1.10.0-alpha04	dev
:app-nia-catalog	transitive	androidx.compose.runtime:runtime-annotation:1.10.0-alpha04	prod
:app-nia-catalog	transitive	androidx.compose.runtime:runtime-retain-android:1.10.0-alpha04	dev
:app-nia-catalog	transitive	androidx.compose.runtime:runtime-retain-android:1.10.0-alpha04	prod
:app-nia-catalog	transitive	androidx.compose.runtime:runtime-retain:1.10.0-alpha04	dev
:app-nia-catalog	transitive	androidx.compose.runtime:runtime-retain:1.10.0-alpha04	prod
:app-nia-catalog	transitive	androidx.compose.runtime:runtime-saveable-android:1.10.0-alpha04	dev
:app-nia-catalog	transitive	androidx.compose.runtime:runtime-saveable-android:1.10.0-alpha04	prod
:app-nia-catalog	transitive	androidx.compose.runtime:runtime-saveable:1.10.0-alpha04	dev
:app-nia-catalog	transitive	androidx.compose.runtime:runtime-saveable:1.10.0-alpha04	prod
:app-nia-catalog	transitive	androidx.compose.runtime:runtime:1.10.0-alpha04	dev
:app-nia-catalog	transitive	androidx.compose.runtime:runtime:1.10.0-alpha04	prod
:app-nia-catalog	transitive	androidx.compose.ui:ui-android:1.10.0-alpha04	dev
:app-nia-catalog	transitive	androidx.compose.ui:ui-android:1.10.0-alpha04	prod
:app-nia-catalog	transitive	androidx.compose.ui:ui-geometry-android:1.10.0-alpha04	dev
:app-nia-catalog	transitive	androidx.compose.ui:ui-geometry-android:1.10.0-alpha04	prod
:app-nia-catalog	transitive	androidx.compose.ui:ui-geometry:1.10.0-alpha04	dev
:app-nia-catalog	transitive	androidx.compose.ui:ui-geometry:1.10.0-alpha04	prod
:app-nia-catalog	transitive	androidx.compose.ui:ui-graphics-android:1.10.0-alpha04	dev
:app-nia-catalog	transitive	androidx.compose.ui:ui-graphics-android:1.10.0-alpha04	prod
:app-nia-catalog	transitive	androidx.compose.ui:ui-graphics:1.10.0-alpha04	dev
:app-nia-catalog	transitive	androidx.compose.ui:ui-graphics:1.10.0-alpha04	prod
:app-nia-catalog	transitive	androidx.compose.ui:ui-text-android:1.10.0-alpha04	dev
:app-nia-catalog	transitive	androidx.compose.ui:ui-text-android:1.10.0-alpha04	prod
:app-nia-catalog	transitive	androidx.compose.ui:ui-text:1.10.0-alpha04	dev
:app-nia-catalog	transitive	androidx.compose.ui:ui-text:1.10.0-alpha04	prod
:app-nia-catalog	transitive	androidx.compose.ui:ui-tooling-android:1.10.0-alpha04	dev
:app-nia-catalog	transitive	androidx.compose.ui:ui-tooling-android:1.10.0-alpha04	prod
:app-nia-catalog	transitive	androidx.compose.ui:ui-tooling-data-android:1.10.0-alpha04	dev
:app-nia-catalog	transitive	androidx.compose.ui:ui-tooling-data-android:1.10.0-alpha04	prod
:app-nia-catalog	transitive	androidx.compose.ui:ui-tooling-data:1.10.0-alpha04	dev
:app-nia-catalog	transitive	androidx.compose.ui:ui-tooling-data:1.10.0-alpha04	prod
:app-nia-catalog	transitive	androidx.compose.ui:ui-tooling-preview-android:1.10.0-alpha04	dev
:app-nia-catalog	transitive	androidx.compose.ui:ui-tooling-preview-android:1.10.0-alpha04	prod
:app-nia-catalog	transitive	androidx.compose.ui:ui-tooling-preview:1.10.0-alpha04	dev
:app-nia-catalog	transitive	androidx.compose.ui:ui-tooling:1.10.0-alpha04	dev
:app-nia-catalog	transitive	androidx.compose.ui:ui-unit-android:1.10.0-alpha04	dev
:app-nia-catalog	transitive	androidx.compose.ui:ui-unit-android:1.10.0-alpha04	prod
:app-nia-catalog	transitive	androidx.compose.ui:ui-unit:1.10.0-alpha04	dev
:app-nia-catalog	transitive	androidx.compose.ui:ui-unit:1.10.0-alpha04	prod
:app-nia-catalog	transitive	androidx.compose.ui:ui-util-android:1.10.0-alpha04	dev
:app-nia-catalog	transitive	androidx.compose.ui:ui-util-android:1.10.0-alpha04	prod
:app-nia-catalog	transitive	androidx.compose.ui:ui-util:1.10.0-alpha04	dev
:app-nia-catalog	transitive	androidx.compose.ui:ui-util:1.10.0-alpha04	prod
:app-nia-catalog	transitive	androidx.compose.ui:ui:1.10.0-alpha04	dev
:app-nia-catalog	transitive	androidx.compose.ui:ui:1.10.0-alpha04	prod
:app-nia-catalog	transitive	androidx.compose:compose-bom-alpha:2025.09.01	dev
:app-nia-catalog	transitive	androidx.concurrent:concurrent-futures:1.1.0	dev
:app-nia-catalog	transitive	androidx.concurrent:concurrent-futures:1.1.0	prod
:app-nia-catalog	transitive	androidx.core:core-ktx:1.13.0	dev
:app-nia-catalog	transitive	androidx.core:core-ktx:1.13.0	prod
:app-nia-catalog	transitive	androidx.core:core-ktx:1.16.0	dev
:app-nia-catalog	transitive	androidx.core:core-ktx:1.16.0	prod
:app-nia-catalog	transitive	androidx.core:core-viewtree:1.0.0	dev
:app-nia-catalog	transitive	androidx.core:core-viewtree:1.0.0	prod
:app-nia-catalog	transitive	androidx.core:core:1.13.0	dev
:app-nia-catalog	transitive	androidx.core:core:1.13.0	prod
:app-nia-catalog	transitive	androidx.core:core:1.16.0	dev
:app-nia-catalog	transitive	androidx.core:core:1.16.0	prod
:app-nia-catalog	transitive	androidx.customview:customview-poolingcontainer:1.0.0	dev
:app-nia-catalog	transitive	androidx.customview:customview-poolingcontainer:1.0.0	prod
:app-nia-catalog	transitive	androidx.customview:customview:1.0.0	dev
:app-nia-catalog	transitive	androidx.customview:customview:1.0.0	prod
:app-nia-catalog	transitive	androidx.documentfile:documentfile:1.0.0	dev
:app-nia-catalog	transitive	androidx.documentfile:documentfile:1.0.0	prod
:app-nia-catalog	transitive	androidx.dynamicanimation:dynamicanimation:1.0.0	dev
:app-nia-catalog	transitive	androidx.dynamicanimation:dynamicanimation:1.0.0	prod
:app-nia-catalog	transitive	androidx.emoji2:emoji2:1.4.0	dev
:app-nia-catalog	transitive	androidx.emoji2:emoji2:1.4.0	prod
:app-nia-catalog	transitive	androidx.exifinterface:exifinterface:1.3.7	dev
:app-nia-catalog	transitive	androidx.exifinterface:exifinterface:1.3.7	prod
:app-nia-catalog	transitive	androidx.fragment:fragment:1.5.1	dev
:app-nia-catalog	transitive	androidx.fragment:fragment:1.5.1	prod
:app-nia-catalog	transitive	androidx.graphics:graphics-path:1.0.1	dev
:app-nia-catalog	transitive	androidx.graphics:graphics-path:1.0.1	prod
:app-nia-catalog	transitive	androidx.graphics:graphics-shapes-android:1.0.1	dev
:app-nia-catalog	transitive	androidx.graphics:graphics-shapes-android:1.0.1	prod
:app-nia-catalog	transitive	androidx.graphics:graphics-shapes:1.0.1	dev
:app-nia-catalog	transitive	androidx.graphics:graphics-shapes:1.0.1	prod
:app-nia-catalog	transitive	androidx.interpolator:interpolator:1.0.0	dev
:app-nia-catalog	transitive	androidx.interpolator:interpolator:1.0.0	prod
:app-nia-catalog	transitive	androidx.legacy:legacy-support-core-utils:1.0.0	dev
:app-nia-catalog	transitive	androidx.legacy:legacy-support-core-utils:1.0.0	prod
:app-nia-catalog	transitive	androidx.lifecycle:lifecycle-common-java8:2.9.4	dev
:app-nia-catalog	transitive	androidx.lifecycle:lifecycle-common-java8:2.9.4	prod
:app-nia-catalog	transitive	androidx.lifecycle:lifecycle-common-jvm:2.8.7	dev
:app-nia-catalog	transitive	androidx.lifecycle:lifecycle-common-jvm:2.8.7	prod
:app-nia-catalog	transitive	androidx.lifecycle:lifecycle-common-jvm:2.9.4	dev
:app-nia-catalog	transitive	androidx.lifecycle:lifecycle-common-jvm:2.9.4	prod
:app-nia-catalog	transitive	androidx.lifecycle:lifecycle-common:2.8.7	dev
:app-nia-catalog	transitive	androidx.lifecycle:lifecycle-common:2.8.7	prod
:app-nia-catalog	transitive	androidx.lifecycle:lifecycle-common:2.9.4	dev
:app-nia-catalog	transitive	androidx.lifecycle:lifecycle-common:2.9.4	prod
:app-nia-catalog	transitive	androidx.lifecycle:lifecycle-livedata-core-ktx:2.9.4	dev
:app-nia-catalog	transitive	androidx.lifecycle:lifecycle-livedata-core-ktx:2.9.4	prod
:app-nia-catalog	transitive	androidx.lifecycle:lifecycle-livedata-core:2.8.7	dev
:app-nia-catalog	transitive	androidx.lifecycle:lifecycle-livedata-core:2.8.7	prod
:app-nia-catalog	transitive	androidx.lifecycle:lifecycle-livedata-core:2.9.4	dev
:app-nia-catalog	transitive	androidx.lifecycle:lifecycle-livedata-core:2.9.4	prod
:app-nia-catalog	transitive	androidx.lifecycle:lifecycle-livedata:2.9.4	dev
:app-nia-catalog	transitive	androidx.lifecycle:lifecycle-livedata:2.9.4	prod
:app-nia-catalog	transitive	androidx.lifecycle:lifecycle-process:2.9.4	dev
:app-nia-catalog	transitive	androidx.lifecycle:lifecycle-process:2.9.4	prod
:app-nia-catalog	transitive	androidx.lifecycle:lifecycle-runtime-android:2.8.7	dev
:app-nia-catalog	transitive	androidx.lifecycle:lifecycle-runtime-android:2.8.7	prod
:app-nia-catalog	transitive	androidx.lifecycle:lifecycle-runtime-android:2.9.4	dev
:app-nia-catalog	transitive	androidx.lifecycle:lifecycle-runtime-android:2.9.4	prod
:app-nia-catalog	transitive	androidx.lifecycle:lifecycle-runtime-compose-android:2.8.7	dev
:app-nia-catalog	transitive	androidx.lifecycle:lifecycle-runtime-compose-android:2.8.7	prod
:app-nia-catalog	transitive	androidx.lifecycle:lifecycle-runtime-compose-android:2.9.4	dev
:app-nia-catalog	transitive	androidx.lifecycle:lifecycle-runtime-compose-android:2.9.4	prod
:app-nia-catalog	transitive	androidx.lifecycle:lifecycle-runtime-compose:2.8.7	dev
:app-nia-catalog	transitive	androidx.lifecycle:lifecycle-runtime-compose:2.8.7	prod
:app-nia-catalog	transitive	androidx.lifecycle:lifecycle-runtime-compose:2.9.4	dev
:app-nia-catalog	transitive	androidx.lifecycle:lifecycle-runtime-compose:2.9.4	prod
:app-nia-catalog	transitive	androidx.lifecycle:lifecycle-runtime-ktx-android:2.8.7	dev
:app-nia-catalog	transitive	androidx.lifecycle:lifecycle-runtime-ktx-android:2.8.7	prod
:app-nia-catalog	transitive	androidx.lifecycle:lifecycle-runtime-ktx-android:2.9.4	dev
:app-nia-catalog	transitive	androidx.lifecycle:lifecycle-runtime-ktx-android:2.9.4	prod
:app-nia-catalog	transitive	androidx.lifecycle:lifecycle-runtime-ktx:2.8.7	dev
:app-nia-catalog	transitive	androidx.lifecycle:lifecycle-runtime-ktx:2.8.7	prod
:app-nia-catalog	transitive	androidx.lifecycle:lifecycle-runtime-ktx:2.9.4	dev
:app-nia-catalog	transitive	androidx.lifecycle:lifecycle-runtime-ktx:2.9.4	prod
:app-nia-catalog	transitive	androidx.lifecycle:lifecycle-runtime:2.8.7	dev
:app-nia-catalog	transitive	androidx.lifecycle:lifecycle-runtime:2.8.7	prod
:app-nia-catalog	transitive	androidx.lifecycle:lifecycle-runtime:2.9.4	dev
:app-nia-catalog	transitive	androidx.lifecycle:lifecycle-runtime:2.9.4	prod
:app-nia-catalog	transitive	androidx.lifecycle:lifecycle-viewmodel-android:2.8.7	dev
:app-nia-catalog	transitive	androidx.lifecycle:lifecycle-viewmodel-android:2.8.7	prod
:app-nia-catalog	transitive	androidx.lifecycle:lifecycle-viewmodel-android:2.9.4	dev
:app-nia-catalog	transitive	androidx.lifecycle:lifecycle-viewmodel-android:2.9.4	prod
:app-nia-catalog	transitive	androidx.lifecycle:lifecycle-viewmodel-ktx:2.8.7	dev
:app-nia-catalog	transitive	androidx.lifecycle:lifecycle-viewmodel-ktx:2.8.7	prod
:app-nia-catalog	transitive	androidx.lifecycle:lifecycle-viewmodel-ktx:2.9.4	dev
:app-nia-catalog	transitive	androidx.lifecycle:lifecycle-viewmodel-ktx:2.9.4	prod
:app-nia-catalog	transitive	androidx.lifecycle:lifecycle-viewmodel-savedstate-android:2.9.4	dev
:app-nia-catalog	transitive	androidx.lifecycle:lifecycle-viewmodel-savedstate-android:2.9.4	prod
:app-nia-catalog	transitive	androidx.lifecycle:lifecycle-viewmodel-savedstate:2.8.7	dev
:app-nia-catalog	transitive	androidx.lifecycle:lifecycle-viewmodel-savedstate:2.8.7	prod
:app-nia-catalog	transitive	androidx.lifecycle:lifecycle-viewmodel-savedstate:2.9.4	dev
:app-nia-catalog	transitive	androidx.lifecycle:lifecycle-viewmodel-savedstate:2.9.4	prod
:app-nia-catalog	transitive	androidx.lifecycle:lifecycle-viewmodel:2.8.7	dev
:app-nia-catalog	transitive	androidx.lifecycle:lifecycle-viewmodel:2.8.7	prod
:app-nia-catalog	transitive	androidx.lifecycle:lifecycle-viewmodel:2.9.4	dev
:app-nia-catalog	transitive	androidx.lifecycle:lifecycle-viewmodel:2.9.4	prod
:app-nia-catalog	transitive	androidx.loader:loader:1.0.0	dev
:app-nia-catalog	transitive	androidx.loader:loader:1.0.0	prod
:app-nia-catalog	transitive	androidx.localbroadcastmanager:localbroadcastmanager:1.0.0	dev
:app-nia-catalog	transitive	androidx.localbroadcastmanager:localbroadcastmanager:1.0.0	prod
:app-nia-catalog	transitive	androidx.metrics:metrics-performance:1.0.0-beta01	dev
:app-nia-catalog	transitive	androidx.metrics:metrics-performance:1.0.0-beta01	prod
:app-nia-catalog	transitive	androidx.print:print:1.0.0	dev
:app-nia-catalog	transitive	androidx.print:print:1.0.0	prod
:app-nia-catalog	transitive	androidx.profileinstaller:profileinstaller:1.4.0	dev
:app-nia-catalog	transitive	androidx.profileinstaller:profileinstaller:1.4.0	prod
:app-nia-catalog	transitive	androidx.savedstate:savedstate-android:1.3.2	dev
:app-nia-catalog	transitive	androidx.savedstate:savedstate-android:1.3.2	prod
:app-nia-catalog	transitive	androidx.savedstate:savedstate-compose-android:1.3.2	dev
:app-nia-catalog	transitive	androidx.savedstate:savedstate-compose-android:1.3.2	prod
:app-nia-catalog	transitive	androidx.savedstate:savedstate-compose:1.3.2	dev
:app-nia-catalog	transitive	androidx.savedstate:savedstate-compose:1.3.2	prod
:app-nia-catalog	transitive	androidx.savedstate:savedstate-ktx:1.3.2	dev
:app-nia-catalog	transitive	androidx.savedstate:savedstate-ktx:1.3.2	prod
:app-nia-catalog	transitive	androidx.savedstate:savedstate:1.3.2	dev
:app-nia-catalog	transitive	androidx.savedstate:savedstate:1.3.2	prod
:app-nia-catalog	transitive	androidx.startup:startup-runtime:1.1.1	dev
:app-nia-catalog	transitive	androidx.startup:startup-runtime:1.1.1	prod
:app-nia-catalog	transitive	androidx.tracing:tracing-ktx:1.3.0-alpha02	dev
:app-nia-catalog	transitive	androidx.tracing:tracing-ktx:1.3.0-alpha02	prod
:app-nia-catalog	transitive	androidx.tracing:tracing:1.3.0-alpha02	dev
:app-nia-catalog	transitive	androidx.tracing:tracing:1.3.0-alpha02	prod
:app-nia-catalog	transitive	androidx.transition:transition:1.6.0	dev
:app-nia-catalog	transitive	androidx.transition:transition:1.6.0	prod
:app-nia-catalog	transitive	androidx.vectordrawable:vectordrawable-animated:1.1.0	dev
:app-nia-catalog	transitive	androidx.vectordrawable:vectordrawable-animated:1.1.0	prod
:app-nia-catalog	transitive	androidx.vectordrawable:vectordrawable:1.1.0	dev
:app-nia-catalog	transitive	androidx.vectordrawable:vectordrawable:1.1.0	prod
:app-nia-catalog	transitive	androidx.versionedparcelable:versionedparcelable:1.1.1	dev
:app-nia-catalog	transitive	androidx.versionedparcelable:versionedparcelable:1.1.1	prod
:app-nia-catalog	transitive	androidx.viewpager:viewpager:1.0.0	dev
:app-nia-catalog	transitive	androidx.viewpager:viewpager:1.0.0	prod
:app-nia-catalog	transitive	androidx.window:window-core-android:1.4.0	dev
:app-nia-catalog	transitive	androidx.window:window-core-android:1.4.0	prod
:app-nia-catalog	transitive	androidx.window:window-core:1.4.0	dev
:app-nia-catalog	transitive	androidx.window:window-core:1.4.0	prod
:app-nia-catalog	transitive	androidx.window:window:1.4.0	dev
:app-nia-catalog	transitive	androidx.window:window:1.4.0	prod
:app-nia-catalog	transitive	com.google.accompanist:accompanist-drawablepainter:0.32.0	dev
:app-nia-catalog	transitive	com.google.accompanist:accompanist-drawablepainter:0.32.0	prod
:app-nia-catalog	transitive	com.google.code.findbugs:jsr305:3.0.2	dev
:app-nia-catalog	transitive	com.google.code.findbugs:jsr305:3.0.2	prod
:app-nia-catalog	transitive	com.google.dagger:dagger-lint-aar:2.59	dev
:app-nia-catalog	transitive	com.google.dagger:dagger-lint-aar:2.59	prod
:app-nia-catalog	transitive	com.google.dagger:dagger:2.59	dev
:app-nia-catalog	transitive	com.google.dagger:dagger:2.59	prod
:app-nia-catalog	transitive	com.google.dagger:hilt-android:2.59	dev
:app-nia-catalog	transitive	com.google.dagger:hilt-android:2.59	prod
:app-nia-catalog	transitive	com.google.dagger:hilt-core:2.59	dev
:app-nia-catalog	transitive	com.google.dagger:hilt-core:2.59	prod
:app-nia-catalog	transitive	com.google.guava:listenablefuture:1.0	dev
:app-nia-catalog	transitive	com.google.guava:listenablefuture:1.0	prod
:app-nia-catalog	transitive	com.squareup.okhttp3:okhttp:4.12.0	dev
:app-nia-catalog	transitive	com.squareup.okhttp3:okhttp:4.12.0	prod
:app-nia-catalog	transitive	com.squareup.okio:okio-jvm:3.9.0	dev
:app-nia-catalog	transitive	com.squareup.okio:okio-jvm:3.9.0	prod
:app-nia-catalog	transitive	com.squareup.okio:okio:3.9.0	dev
:app-nia-catalog	transitive	com.squareup.okio:okio:3.9.0	prod
:app-nia-catalog	transitive	io.coil-kt:coil-base:2.7.0	dev
:app-nia-catalog	transitive	io.coil-kt:coil-base:2.7.0	prod
:app-nia-catalog	transitive	io.coil-kt:coil-compose-base:2.7.0	dev
:app-nia-catalog	transitive	io.coil-kt:coil-compose-base:2.7.0	prod
:app-nia-catalog	transitive	io.coil-kt:coil-compose:2.7.0	dev
:app-nia-catalog	transitive	io.coil-kt:coil-compose:2.7.0	prod
:app-nia-catalog	transitive	io.coil-kt:coil:2.7.0	dev
:app-nia-catalog	transitive	io.coil-kt:coil:2.7.0	prod
:app-nia-catalog	transitive	jakarta.inject:jakarta.inject-api:2.0.1	dev
:app-nia-catalog	transitive	jakarta.inject:jakarta.inject-api:2.0.1	prod
:app-nia-catalog	transitive	javax.inject:javax.inject:1	dev
:app-nia-catalog	transitive	javax.inject:javax.inject:1	prod
:app-nia-catalog	transitive	org.jetbrains.kotlin:kotlin-stdlib-common:2.3.0	dev
:app-nia-catalog	transitive	org.jetbrains.kotlin:kotlin-stdlib-common:2.3.0	prod
:app-nia-catalog	transitive	org.jetbrains.kotlin:kotlin-stdlib-jdk7:1.9.0	dev
:app-nia-catalog	transitive	org.jetbrains.kotlin:kotlin-stdlib-jdk7:1.9.0	prod
:app-nia-catalog	transitive	org.jetbrains.kotlin:kotlin-stdlib-jdk8:1.9.0	dev
:app-nia-catalog	transitive	org.jetbrains.kotlin:kotlin-stdlib-jdk8:1.9.0	prod
:app-nia-catalog	transitive	org.jetbrains.kotlin:kotlin-stdlib:2.3.0	dev
:app-nia-catalog	transitive	org.jetbrains.kotlinx:kotlinx-coroutines-android:1.9.0	dev
:app-nia-catalog	transitive	org.jetbrains.kotlinx:kotlinx-coroutines-android:1.9.0	prod
:app-nia-catalog	transitive	org.jetbrains.kotlinx:kotlinx-coroutines-bom:1.9.0	dev
:app-nia-catalog	transitive	org.jetbrains.kotlinx:kotlinx-coroutines-bom:1.9.0	prod
:app-nia-catalog	transitive	org.jetbrains.kotlinx:kotlinx-coroutines-core-jvm:1.9.0	dev
:app-nia-catalog	transitive	org.jetbrains.kotlinx:kotlinx-coroutines-core-jvm:1.9.0	prod
:app-nia-catalog	transitive	org.jetbrains.kotlinx:kotlinx-coroutines-core:1.9.0	dev
:app-nia-catalog	transitive	org.jetbrains.kotlinx:kotlinx-coroutines-core:1.9.0	prod
:app-nia-catalog	transitive	org.jetbrains.kotlinx:kotlinx-datetime-jvm:0.6.1	dev
:app-nia-catalog	transitive	org.jetbrains.kotlinx:kotlinx-datetime-jvm:0.6.1	prod
:app-nia-catalog	transitive	org.jetbrains.kotlinx:kotlinx-datetime:0.6.1	dev
:app-nia-catalog	transitive	org.jetbrains.kotlinx:kotlinx-datetime:0.6.1	prod
:app-nia-catalog	transitive	org.jetbrains.kotlinx:kotlinx-serialization-bom:1.7.3	dev
:app-nia-catalog	transitive	org.jetbrains.kotlinx:kotlinx-serialization-bom:1.7.3	prod
:app-nia-catalog	transitive	org.jetbrains.kotlinx:kotlinx-serialization-core-jvm:1.7.3	dev
:app-nia-catalog	transitive	org.jetbrains.kotlinx:kotlinx-serialization-core-jvm:1.7.3	prod
:app-nia-catalog	transitive	org.jetbrains.kotlinx:kotlinx-serialization-core:1.7.3	dev
:app-nia-catalog	transitive	org.jetbrains.kotlinx:kotlinx-serialization-core:1.7.3	prod
:app-nia-catalog	transitive	org.jetbrains:annotations:23.0.0	dev
:app-nia-catalog	transitive	org.jetbrains:annotations:23.0.0	prod
:app-nia-catalog	transitive	org.jspecify:jspecify:1.0.0	dev
:app-nia-catalog	transitive	org.jspecify:jspecify:1.0.0	prod
:benchmarks	direct	androidx.benchmark:benchmark-macro-junit4:1.5.0-alpha01	prod
:benchmarks	direct	androidx.test.espresso:espresso-core:3.6.1	prod
:benchmarks	direct	androidx.test.ext:junit-ktx:1.3.0-rc01	prod
:benchmarks	direct	androidx.test.uiautomator:uiautomator:2.4.0-alpha07	prod
:benchmarks	direct	androidx.test:core:1.7.0	prod
:benchmarks	direct	androidx.test:core:1.7.0-rc01	prod
:benchmarks	direct	androidx.test:rules:1.7.0-rc01	prod
:benchmarks	direct	androidx.test:runner:1.7.0	prod
:benchmarks	direct	androidx.test:runner:1.7.0-rc01	prod
:benchmarks	direct	org.jetbrains.kotlin:kotlin-stdlib:2.3.0	prod
:benchmarks	transitive	androidx.annotation:annotation-experimental:1.4.1	prod
:benchmarks	transitive	androidx.annotation:annotation-jvm:1.8.1	prod
:benchmarks	transitive	androidx.annotation:annotation:1.8.1	prod
:benchmarks	transitive	androidx.arch.core:core-common:2.1.0	prod
:benchmarks	transitive	androidx.arch.core:core-runtime:2.1.0	prod
:benchmarks	transitive	androidx.benchmark:benchmark-common:1.5.0-alpha01	prod
:benchmarks	transitive	androidx.benchmark:benchmark-macro:1.5.0-alpha01	prod
:benchmarks	transitive	androidx.benchmark:benchmark-traceprocessor-android:1.5.0-alpha01	prod
:benchmarks	transitive	androidx.benchmark:benchmark-traceprocessor:1.5.0-alpha01	prod
:benchmarks	transitive	androidx.collection:collection:1.0.0	prod
:benchmarks	transitive	androidx.concurrent:concurrent-futures-ktx:1.2.0	prod
:benchmarks	transitive	androidx.concurrent:concurrent-futures:1.2.0	prod
:benchmarks	transitive	androidx.core:core:1.9.0	prod
:benchmarks	transitive	androidx.lifecycle:lifecycle-common:2.3.1	prod
:benchmarks	transitive	androidx.lifecycle:lifecycle-runtime:2.3.1	prod
:benchmarks	transitive	androidx.profileinstaller:profileinstaller:1.4.1	prod
:benchmarks	transitive	androidx.startup:startup-runtime:1.1.1	prod
:benchmarks	transitive	androidx.test.espresso:espresso-idling-resource:3.6.1	prod
:benchmarks	transitive	androidx.test.ext:junit:1.3.0-rc01	prod
:benchmarks	transitive	androidx.test.services:storage:1.6.0	prod
:benchmarks	transitive	androidx.test.services:storage:1.6.0-rc01	prod
:benchmarks	transitive	androidx.test.uiautomator:uiautomator-shell-android:1.0.0-alpha03	prod
:benchmarks	transitive	androidx.test.uiautomator:uiautomator-shell:1.0.0-alpha03	prod
:benchmarks	transitive	androidx.test:monitor:1.8.0	prod
:benchmarks	transitive	androidx.test:monitor:1.8.0-rc01	prod
:benchmarks	transitive	androidx.tracing:tracing-ktx:1.1.0	prod
:benchmarks	transitive	androidx.tracing:tracing-perfetto-binary:1.0.1	prod
:benchmarks	transitive	androidx.tracing:tracing-perfetto-handshake:1.0.1	prod
:benchmarks	transitive	androidx.tracing:tracing-perfetto:1.0.1	prod
:benchmarks	transitive	androidx.tracing:tracing:1.1.0	prod
:benchmarks	transitive	androidx.versionedparcelable:versionedparcelable:1.1.1	prod
:benchmarks	transitive	com.google.code.findbugs:jsr305:3.0.2	prod
:benchmarks	transitive	com.google.errorprone:error_prone_annotations:2.18.0	prod
:benchmarks	transitive	com.google.guava:listenablefuture:1.0	prod
:benchmarks	transitive	com.squareup.moshi:moshi:1.13.0	prod
:benchmarks	transitive	com.squareup.okio:okio-jvm:3.9.1	prod
:benchmarks	transitive	com.squareup.okio:okio:3.9.1	prod
:benchmarks	transitive	com.squareup.wire:wire-runtime-jvm:5.4.0	prod
:benchmarks	transitive	com.squareup.wire:wire-runtime:5.4.0	prod
:benchmarks	transitive	javax.inject:javax.inject:1	prod
:benchmarks	transitive	junit:junit:4.13.2	prod
:benchmarks	transitive	org.hamcrest:hamcrest-core:1.3	prod
:benchmarks	transitive	org.hamcrest:hamcrest-library:1.3	prod
:benchmarks	transitive	org.jetbrains.kotlin:kotlin-stdlib-jdk7:1.8.0	prod
:benchmarks	transitive	org.jetbrains.kotlin:kotlin-stdlib-jdk8:1.8.0	prod
:benchmarks	transitive	org.jetbrains.kotlinx:kotlinx-coroutines-android:1.9.0	prod
:benchmarks	transitive	org.jetbrains.kotlinx:kotlinx-coroutines-bom:1.8.1	prod
:benchmarks	transitive	org.jetbrains.kotlinx:kotlinx-coroutines-bom:1.9.0	prod
:benchmarks	transitive	org.jetbrains.kotlinx:kotlinx-coroutines-core-jvm:1.8.1	prod
:benchmarks	transitive	org.jetbrains.kotlinx:kotlinx-coroutines-core-jvm:1.9.0	prod
:benchmarks	transitive	org.jetbrains.kotlinx:kotlinx-coroutines-core:1.8.1	prod
:benchmarks	transitive	org.jetbrains.kotlinx:kotlinx-coroutines-core:1.9.0	prod
:benchmarks	transitive	org.jetbrains:annotations:23.0.0	prod
:benchmarks	transitive	org.jspecify:jspecify:1.0.0	prod
:lint	direct	com.android.tools.lint:lint-api:32.0.0	prod
:lint	direct	com.android.tools.lint:lint-checks:32.0.0	dev
:lint	direct	com.android.tools.lint:lint-tests:32.0.0	dev
:lint	direct	org.jetbrains.kotlin:kotlin-stdlib-jdk8:2.3.0	prod
:lint	direct	org.jetbrains.kotlin:kotlin-stdlib:2.3.0	dev
:lint	direct	org.jetbrains.kotlin:kotlin-test:2.3.0	dev
:lint	transitive	com.android.tools.analytics-library:protos:32.0.0	dev
:lint	transitive	com.android.tools.analytics-library:shared:32.0.0	dev
:lint	transitive	com.android.tools.analytics-library:tracker:32.0.0	dev
:lint	transitive	com.android.tools.build:aapt2-proto:9.0.0-14304508	dev
:lint	transitive	com.android.tools.build:builder-model:9.0.0	dev
:lint	transitive	com.android.tools.build:manifest-merger:32.0.0	dev
:lint	transitive	com.android.tools.build:manifest-merger:32.0.0	prod
:lint	transitive	com.android.tools.ddms:ddmlib:32.0.0	dev
:lint	transitive	com.android.tools.external.com-intellij:intellij-core:32.0.0	dev
:lint	transitive	com.android.tools.external.com-intellij:intellij-core:32.0.0	prod
:lint	transitive	com.android.tools.external.com-intellij:kotlin-compiler:32.0.0	dev
:lint	transitive	com.android.tools.external.com-intellij:kotlin-compiler:32.0.0	prod
:lint	transitive	com.android.tools.external.org-jetbrains:uast:32.0.0	dev
:lint	transitive	com.android.tools.external.org-jetbrains:uast:32.0.0	prod
:lint	transitive	com.android.tools.layoutlib:layoutlib-api:32.0.0	dev
:lint	transitive	com.android.tools.layoutlib:layoutlib-api:32.0.0	prod
:lint	transitive	com.android.tools.lint:lint-api:32.0.0	dev
:lint	transitive	com.android.tools.lint:lint-model:32.0.0	dev
:lint	transitive	com.android.tools.lint:lint-model:32.0.0	prod
:lint	transitive	com.android.tools.lint:lint:32.0.0	dev
:lint	transitive	com.android.tools:annotations:32.0.0	dev
:lint	transitive	com.android.tools:annotations:32.0.0	prod
:lint	transitive	com.android.tools:common:32.0.0	dev
:lint	transitive	com.android.tools:common:32.0.0	prod
:lint	transitive	com.android.tools:dvlib:32.0.0	dev
:lint	transitive	com.android.tools:play-sdk-proto:32.0.0	dev
:lint	transitive	com.android.tools:repository:32.0.0	dev
:lint	transitive	com.android.tools:repository:32.0.0	prod
:lint	transitive	com.android.tools:sdk-common:32.0.0	dev
:lint	transitive	com.android.tools:sdk-common:32.0.0	prod
:lint	transitive	com.android.tools:sdklib:32.0.0	dev
:lint	transitive	com.android.tools:sdklib:32.0.0	prod
:lint	transitive	com.google.code.findbugs:jsr305:3.0.2	dev
:lint	transitive	com.google.code.findbugs:jsr305:3.0.2	prod
:lint	transitive	com.google.code.gson:gson:2.11.0	dev
:lint	transitive	com.google.errorprone:error_prone_annotations:2.28.0	dev
:lint	transitive	com.google.errorprone:error_prone_annotations:2.28.0	prod
:lint	transitive	com.google.guava:failureaccess:1.0.2	dev
:lint	transitive	com.google.guava:failureaccess:1.0.2	prod
:lint	transitive	com.google.guava:guava:33.3.1-jre	dev
:lint	transitive	com.google.guava:guava:33.3.1-jre	prod
:lint	transitive	com.google.guava:listenablefuture:9999.0-empty-to-avoid-conflict-with-guava	dev
:lint	transitive	com.google.guava:listenablefuture:9999.0-empty-to-avoid-conflict-with-guava	prod
:lint	transitive	com.google.j2objc:j2objc-annotations:3.0.0	dev
:lint	transitive	com.google.j2objc:j2objc-annotations:3.0.0	prod
:lint	transitive	com.google.jimfs:jimfs:1.1	dev
:lint	transitive	com.google.protobuf:protobuf-java:3.25.5	dev
:lint	transitive	com.sun.istack:istack-commons-runtime:3.0.8	dev
:lint	transitive	com.sun.xml.fastinfoset:FastInfoset:1.2.16	dev
:lint	transitive	commons-codec:commons-codec:1.17.1	dev
:lint	transitive	commons-io:commons-io:2.16.1	dev
:lint	transitive	commons-io:commons-io:2.16.1	prod
:lint	transitive	commons-logging:commons-logging:1.2	dev
:lint	transitive	jakarta.activation:jakarta.activation-api:1.2.1	dev
:lint	transitive	jakarta.xml.bind:jakarta.xml.bind-api:2.3.2	dev
:lint	transitive	javax.inject:javax.inject:1	dev
:lint	transitive	junit:junit:4.13.2	dev
:lint	transitive	net.java.dev.jna:jna-platform:5.6.0	dev
:lint	transitive	net.java.dev.jna:jna:5.6.0	dev
:lint	transitive	net.sf.kxml:kxml2:2.3.0	dev
:lint	transitive	net.sf.kxml:kxml2:2.3.0	prod
:lint	transitive	org.apache.commons:commons-compress:1.27.1	dev
:lint	transitive	org.apache.commons:commons-lang3:3.16.0	dev
:lint	transitive	org.apache.httpcomponents:httpclient:4.5.6	dev
:lint	transitive	org.apache.httpcomponents:httpcore:4.4.16	dev
:lint	transitive	org.apache.httpcomponents:httpmime:4.5.6	dev
:lint	transitive	org.bouncycastle:bcpkix-jdk18on:1.79	dev
:lint	transitive	org.bouncycastle:bcprov-jdk18on:1.79	dev
:lint	transitive	org.bouncycastle:bcutil-jdk18on:1.79	dev
:lint	transitive	org.checkerframework:checker-qual:3.43.0	dev
:lint	transitive	org.checkerframework:checker-qual:3.43.0	prod
:lint	transitive	org.codehaus.groovy:groovy:3.0.22	dev
:lint	transitive	org.glassfish.jaxb:jaxb-runtime:2.3.2	dev
:lint	transitive	org.glassfish.jaxb:txw2:2.3.2	dev
:lint	transitive	org.hamcrest:hamcrest-core:1.3	dev
:lint	transitive	org.jetbrains.kotlin:kotlin-reflect:2.2.10	dev
:lint	transitive	org.jetbrains.kotlin:kotlin-reflect:2.2.10	prod
:lint	transitive	org.jetbrains.kotlin:kotlin-stdlib-jdk7:2.2.10	dev
:lint	transitive	org.jetbrains.kotlin:kotlin-stdlib-jdk7:2.3.0	prod
:lint	transitive	org.jetbrains.kotlin:kotlin-stdlib-jdk8:2.2.10	dev
:lint	transitive	org.jetbrains.kotlin:kotlin-stdlib:2.3.0	dev
:lint	transitive	org.jetbrains.kotlin:kotlin-stdlib:2.3.0	prod
:lint	transitive	org.jetbrains.kotlin:kotlin-test-junit:2.3.0	dev
:lint	transitive	org.jetbrains.kotlinx:kotlinx-coroutines-bom:1.9.0	dev
:lint	transitive	org.jetbrains.kotlinx:kotlinx-coroutines-core-jvm:1.9.0	dev
:lint	transitive	org.jetbrains.kotlinx:kotlinx-coroutines-core:1.9.0	dev
:lint	transitive	org.jetbrains:annotations:13.0	dev
:lint	transitive	org.jetbrains:annotations:13.0	prod
:lint	transitive	org.jetbrains:annotations:23.0.0	dev
:lint	transitive	org.jvnet.staxex:stax-ex:1.8.1	dev
:lint	transitive	org.ow2.asm:asm-analysis:9.8	dev
:lint	transitive	org.ow2.asm:asm-commons:9.8	dev
:lint	transitive	org.ow2.asm:asm-commons:9.8	prod
:lint	transitive	org.ow2.asm:asm-tree:9.8	dev
:lint	transitive	org.ow2.asm:asm-tree:9.8	prod
:lint	transitive	org.ow2.asm:asm:9.8	dev
:lint	transitive	org.ow2.asm:asm:9.8	prod
:ui-test-hilt-manifest	direct	androidx.tracing:tracing-ktx:1.3.0-alpha02	dev
:ui-test-hilt-manifest	direct	androidx.tracing:tracing-ktx:1.3.0-alpha02	prod
:ui-test-hilt-manifest	direct	com.google.dagger:hilt-android:2.59	dev
:ui-test-hilt-manifest	direct	com.google.dagger:hilt-android:2.59	prod
:ui-test-hilt-manifest	direct	junit:junit:4.13.2	dev
:ui-test-hilt-manifest	direct	org.jetbrains.kotlin:kotlin-stdlib:2.3.0	dev
:ui-test-hilt-manifest	direct	org.jetbrains.kotlin:kotlin-stdlib:2.3.0	prod
:ui-test-hilt-manifest	direct	org.jetbrains.kotlin:kotlin-test:2.3.0	dev
:ui-test-hilt-manifest	transitive	androidx.activity:activity:1.5.1	dev
:ui-test-hilt-manifest	transitive	androidx.activity:activity:1.5.1	prod
:ui-test-hilt-manifest	transitive	androidx.annotation:annotation-experimental:1.3.1	dev
:ui-test-hilt-manifest	transitive	androidx.annotation:annotation-experimental:1.3.1	prod
:ui-test-hilt-manifest	transitive	androidx.annotation:annotation-jvm:1.7.1	dev
:ui-test-hilt-manifest	transitive	androidx.annotation:annotation-jvm:1.7.1	prod
:ui-test-hilt-manifest	transitive	androidx.annotation:annotation:1.7.1	dev
:ui-test-hilt-manifest	transitive	androidx.annotation:annotation:1.7.1	prod
:ui-test-hilt-manifest	transitive	androidx.arch.core:core-common:2.1.0	dev
:ui-test-hilt-manifest	transitive	androidx.arch.core:core-common:2.1.0	prod
:ui-test-hilt-manifest	transitive	androidx.arch.core:core-runtime:2.0.0	dev
:ui-test-hilt-manifest	transitive	androidx.arch.core:core-runtime:2.0.0	prod
:ui-test-hilt-manifest	transitive	androidx.arch.core:core-runtime:2.1.0	dev
:ui-test-hilt-manifest	transitive	androidx.arch.core:core-runtime:2.1.0	prod
:ui-test-hilt-manifest	transitive	androidx.collection:collection:1.1.0	dev
:ui-test-hilt-manifest	transitive	androidx.collection:collection:1.1.0	prod
:ui-test-hilt-manifest	transitive	androidx.concurrent:concurrent-futures:1.0.0	dev
:ui-test-hilt-manifest	transitive	androidx.concurrent:concurrent-futures:1.0.0	prod
:ui-test-hilt-manifest	transitive	androidx.core:core-ktx:1.2.0	dev
:ui-test-hilt-manifest	transitive	androidx.core:core-ktx:1.2.0	prod
:ui-test-hilt-manifest	transitive	androidx.core:core:1.8.0	dev
:ui-test-hilt-manifest	transitive	androidx.core:core:1.8.0	prod
:ui-test-hilt-manifest	transitive	androidx.customview:customview:1.0.0	dev
:ui-test-hilt-manifest	transitive	androidx.customview:customview:1.0.0	prod
:ui-test-hilt-manifest	transitive	androidx.fragment:fragment:1.5.1	dev
:ui-test-hilt-manifest	transitive	androidx.fragment:fragment:1.5.1	prod
:ui-test-hilt-manifest	transitive	androidx.lifecycle:lifecycle-common:2.5.1	dev
:ui-test-hilt-manifest	transitive	androidx.lifecycle:lifecycle-common:2.5.1	prod
:ui-test-hilt-manifest	transitive	androidx.lifecycle:lifecycle-livedata-core:2.5.1	dev
:ui-test-hilt-manifest	transitive	androidx.lifecycle:lifecycle-livedata-core:2.5.1	prod
:ui-test-hilt-manifest	transitive	androidx.lifecycle:lifecycle-livedata:2.0.0	dev
:ui-test-hilt-manifest	transitive	androidx.lifecycle:lifecycle-livedata:2.0.0	prod
:ui-test-hilt-manifest	transitive	androidx.lifecycle:lifecycle-runtime:2.5.1	dev
:ui-test-hilt-manifest	transitive	androidx.lifecycle:lifecycle-runtime:2.5.1	prod
:ui-test-hilt-manifest	transitive	androidx.lifecycle:lifecycle-viewmodel-savedstate:2.5.1	dev
:ui-test-hilt-manifest	transitive	androidx.lifecycle:lifecycle-viewmodel-savedstate:2.5.1	prod
:ui-test-hilt-manifest	transitive	androidx.lifecycle:lifecycle-viewmodel:2.5.1	dev
:ui-test-hilt-manifest	transitive	androidx.lifecycle:lifecycle-viewmodel:2.5.1	prod
:ui-test-hilt-manifest	transitive	androidx.loader:loader:1.0.0	dev
:ui-test-hilt-manifest	transitive	androidx.loader:loader:1.0.0	prod
:ui-test-hilt-manifest	transitive	androidx.savedstate:savedstate:1.2.0	dev
:ui-test-hilt-manifest	transitive	androidx.savedstate:savedstate:1.2.0	prod
:ui-test-hilt-manifest	transitive	androidx.tracing:tracing-ktx:1.3.0-alpha02	dev
:ui-test-hilt-manifest	transitive	androidx.tracing:tracing:1.3.0-alpha02	dev
:ui-test-hilt-manifest	transitive	androidx.tracing:tracing:1.3.0-alpha02	prod
:ui-test-hilt-manifest	transitive	androidx.versionedparcelable:versionedparcelable:1.1.1	dev
:ui-test-hilt-manifest	transitive	androidx.versionedparcelable:versionedparcelable:1.1.1	prod
:ui-test-hilt-manifest	transitive	androidx.viewpager:viewpager:1.0.0	dev
:ui-test-hilt-manifest	transitive	androidx.viewpager:viewpager:1.0.0	prod
:ui-test-hilt-manifest	transitive	com.google.code.findbugs:jsr305:3.0.2	dev
:ui-test-hilt-manifest	transitive	com.google.code.findbugs:jsr305:3.0.2	prod
:ui-test-hilt-manifest	transitive	com.google.dagger:dagger-lint-aar:2.59	dev
:ui-test-hilt-manifest	transitive	com.google.dagger:dagger-lint-aar:2.59	prod
:ui-test-hilt-manifest	transitive	com.google.dagger:dagger:2.59	dev
:ui-test-hilt-manifest	transitive	com.google.dagger:dagger:2.59	prod
:ui-test-hilt-manifest	transitive	com.google.dagger:hilt-android:2.59	dev
:ui-test-hilt-manifest	transitive	com.google.dagger:hilt-core:2.59	dev
:ui-test-hilt-manifest	transitive	com.google.dagger:hilt-core:2.59	prod
:ui-test-hilt-manifest	transitive	com.google.guava:listenablefuture:1.0	dev
:ui-test-hilt-manifest	transitive	com.google.guava:listenablefuture:1.0	prod
:ui-test-hilt-manifest	transitive	jakarta.inject:jakarta.inject-api:2.0.1	dev
:ui-test-hilt-manifest	transitive	jakarta.inject:jakarta.inject-api:2.0.1	prod
:ui-test-hilt-manifest	transitive	javax.inject:javax.inject:1	dev
:ui-test-hilt-manifest	transitive	javax.inject:javax.inject:1	prod
:ui-test-hilt-manifest	transitive	org.hamcrest:hamcrest-core:1.3	dev
:ui-test-hilt-manifest	transitive	org.jetbrains.kotlin:kotlin-stdlib-common:2.3.0	dev
:ui-test-hilt-manifest	transitive	org.jetbrains.kotlin:kotlin-stdlib-common:2.3.0	prod
:ui-test-hilt-manifest	transitive	org.jetbrains.kotlin:kotlin-stdlib-jdk7:1.8.0	dev
:ui-test-hilt-manifest	transitive	org.jetbrains.kotlin:kotlin-stdlib-jdk7:1.8.0	prod
:ui-test-hilt-manifest	transitive	org.jetbrains.kotlin:kotlin-stdlib-jdk8:1.8.0	dev
:ui-test-hilt-manifest	transitive	org.jetbrains.kotlin:kotlin-stdlib-jdk8:1.8.0	prod
:ui-test-hilt-manifest	transitive	org.jetbrains.kotlin:kotlin-stdlib:2.3.0	dev
:ui-test-hilt-manifest	transitive	org.jetbrains.kotlinx:kotlinx-coroutines-android:1.6.1	dev
:ui-test-hilt-manifest	transitive	org.jetbrains.kotlinx:kotlinx-coroutines-android:1.6.1	prod
:ui-test-hilt-manifest	transitive	org.jetbrains.kotlinx:kotlinx-coroutines-bom:1.6.1	dev
:ui-test-hilt-manifest	transitive	org.jetbrains.kotlinx:kotlinx-coroutines-bom:1.6.1	prod
:ui-test-hilt-manifest	transitive	org.jetbrains.kotlinx:kotlinx-coroutines-core-jvm:1.6.1	dev
:ui-test-hilt-manifest	transitive	org.jetbrains.kotlinx:kotlinx-coroutines-core-jvm:1.6.1	prod
:ui-test-hilt-manifest	transitive	org.jetbrains.kotlinx:kotlinx-coroutines-core:1.6.1	dev
:ui-test-hilt-manifest	transitive	org.jetbrains.kotlinx:kotlinx-coroutines-core:1.6.1	prod
:ui-test-hilt-manifest	transitive	org.jetbrains:annotations:13.0	dev
:ui-test-hilt-manifest	transitive	org.jetbrains:annotations:13.0	prod
:ui-test-hilt-manifest	transitive	org.jspecify:jspecify:1.0.0	dev
:ui-test-hilt-manifest	transitive	org.jspecify:jspecify:1.0.0	prod
:core:analytics	direct	androidx.compose.runtime:runtime:1.10.0-alpha04	dev
:core:analytics	direct	androidx.compose.runtime:runtime:1.10.0-alpha04	prod
:core:analytics	direct	androidx.compose.ui:ui-tooling-preview:1.10.0-alpha04	dev
:core:analytics	direct	androidx.compose.ui:ui-tooling-preview:1.10.0-alpha04	prod
:core:analytics	direct	androidx.compose.ui:ui-tooling:1.10.0-alpha04	dev
:core:analytics	direct	androidx.compose.ui:ui-tooling:1.10.0-alpha04	prod
:core:analytics	direct	androidx.compose:compose-bom-alpha:2025.09.01	dev
:core:analytics	direct	androidx.compose:compose-bom-alpha:2025.09.01	prod
:core:analytics	direct	androidx.tracing:tracing-ktx:1.3.0-alpha02	dev
:core:analytics	direct	androidx.tracing:tracing-ktx:1.3.0-alpha02	prod
:core:analytics	direct	com.google.dagger:hilt-android:2.59	dev
:core:analytics	direct	com.google.dagger:hilt-android:2.59	prod
:core:analytics	direct	com.google.firebase:firebase-analytics:22.1.2	dev
:core:analytics	direct	com.google.firebase:firebase-analytics:22.1.2	prod
:core:analytics	direct	com.google.firebase:firebase-bom:33.7.0	dev
:core:analytics	direct	com.google.firebase:firebase-bom:33.7.0	prod
:core:analytics	direct	junit:junit:4.13.2	dev
:core:analytics	direct	org.jetbrains.kotlin:kotlin-stdlib:2.3.0	dev
:core:analytics	direct	org.jetbrains.kotlin:kotlin-stdlib:2.3.0	prod
:core:analytics	direct	org.jetbrains.kotlin:kotlin-test:2.3.0	dev
:core:analytics	transitive	androidx.activity:activity-compose:1.7.0	dev
:core:analytics	transitive	androidx.activity:activity-compose:1.7.0	prod
:core:analytics	transitive	androidx.activity:activity-ktx:1.7.0	dev
:core:analytics	transitive	androidx.activity:activity-ktx:1.7.0	prod
:core:analytics	transitive	androidx.activity:activity:1.5.1	dev
:core:analytics	transitive	androidx.activity:activity:1.5.1	prod
:core:analytics	transitive	androidx.activity:activity:1.7.0	dev
:core:analytics	transitive	androidx.activity:activity:1.7.0	prod
:core:analytics	transitive	androidx.annotation:annotation-experimental:1.4.1	dev
:core:analytics	transitive	androidx.annotation:annotation-experimental:1.4.1	prod
:core:analytics	transitive	androidx.annotation:annotation-jvm:1.9.1	dev
:core:analytics	transitive	androidx.annotation:annotation-jvm:1.9.1	prod
:core:analytics	transitive	androidx.annotation:annotation:1.9.1	dev
:core:analytics	transitive	androidx.annotation:annotation:1.9.1	prod
:core:analytics	transitive	androidx.arch.core:core-common:2.1.0	prod
:core:analytics	transitive	androidx.arch.core:core-common:2.2.0	dev
:core:analytics	transitive	androidx.arch.core:core-common:2.2.0	prod
:core:analytics	transitive	androidx.arch.core:core-runtime:2.0.0	prod
:core:analytics	transitive	androidx.arch.core:core-runtime:2.1.0	prod
:core:analytics	transitive	androidx.arch.core:core-runtime:2.2.0	dev
:core:analytics	transitive	androidx.arch.core:core-runtime:2.2.0	prod
:core:analytics	transitive	androidx.autofill:autofill:1.0.0	dev
:core:analytics	transitive	androidx.autofill:autofill:1.0.0	prod
:core:analytics	transitive	androidx.collection:collection-jvm:1.5.0	dev
:core:analytics	transitive	androidx.collection:collection-jvm:1.5.0	prod
:core:analytics	transitive	androidx.collection:collection-ktx:1.5.0	dev
:core:analytics	transitive	androidx.collection:collection-ktx:1.5.0	prod
:core:analytics	transitive	androidx.collection:collection:1.1.0	dev
:core:analytics	transitive	androidx.collection:collection:1.1.0	prod
:core:analytics	transitive	androidx.collection:collection:1.5.0	dev
:core:analytics	transitive	androidx.collection:collection:1.5.0	prod
:core:analytics	transitive	androidx.compose.animation:animation-android:1.10.0-alpha04	dev
:core:analytics	transitive	androidx.compose.animation:animation-android:1.10.0-alpha04	prod
:core:analytics	transitive	androidx.compose.animation:animation-core-android:1.10.0-alpha04	dev
:core:analytics	transitive	androidx.compose.animation:animation-core-android:1.10.0-alpha04	prod
:core:analytics	transitive	androidx.compose.animation:animation-core:1.10.0-alpha04	dev
:core:analytics	transitive	androidx.compose.animation:animation-core:1.10.0-alpha04	prod
:core:analytics	transitive	androidx.compose.animation:animation:1.10.0-alpha04	dev
:core:analytics	transitive	androidx.compose.animation:animation:1.10.0-alpha04	prod
:core:analytics	transitive	androidx.compose.foundation:foundation-android:1.10.0-alpha04	dev
:core:analytics	transitive	androidx.compose.foundation:foundation-android:1.10.0-alpha04	prod
:core:analytics	transitive	androidx.compose.foundation:foundation-layout-android:1.10.0-alpha04	dev
:core:analytics	transitive	androidx.compose.foundation:foundation-layout-android:1.10.0-alpha04	prod
:core:analytics	transitive	androidx.compose.foundation:foundation-layout:1.10.0-alpha04	dev
:core:analytics	transitive	androidx.compose.foundation:foundation-layout:1.10.0-alpha04	prod
:core:analytics	transitive	androidx.compose.foundation:foundation:1.10.0-alpha04	dev
:core:analytics	transitive	androidx.compose.foundation:foundation:1.10.0-alpha04	prod
:core:analytics	transitive	androidx.compose.material:material-android:1.10.0-alpha04	dev
:core:analytics	transitive	androidx.compose.material:material-android:1.10.0-alpha04	prod
:core:analytics	transitive	androidx.compose.material:material-ripple-android:1.10.0-alpha04	dev
:core:analytics	transitive	androidx.compose.material:material-ripple-android:1.10.0-alpha04	prod
:core:analytics	transitive	androidx.compose.material:material-ripple:1.10.0-alpha04	dev
:core:analytics	transitive	androidx.compose.material:material-ripple:1.10.0-alpha04	prod
:core:analytics	transitive	androidx.compose.material:material:1.10.0-alpha04	dev
:core:analytics	transitive	androidx.compose.material:material:1.10.0-alpha04	prod
:core:analytics	transitive	androidx.compose.runtime:runtime-android:1.10.0-alpha04	dev
:core:analytics	transitive	androidx.compose.runtime:runtime-android:1.10.0-alpha04	prod
:core:analytics	transitive	androidx.compose.runtime:runtime-annotation-android:1.10.0-alpha04	dev
:core:analytics	transitive	androidx.compose.runtime:runtime-annotation-android:1.10.0-alpha04	prod
:core:analytics	transitive	androidx.compose.runtime:runtime-annotation:1.10.0-alpha04	dev
:core:analytics	transitive	androidx.compose.runtime:runtime-annotation:1.10.0-alpha04	prod
:core:analytics	transitive	androidx.compose.runtime:runtime-retain-android:1.10.0-alpha04	dev
:core:analytics	transitive	androidx.compose.runtime:runtime-retain-android:1.10.0-alpha04	prod
:core:analytics	transitive	androidx.compose.runtime:runtime-retain:1.10.0-alpha04	dev
:core:analytics	transitive	androidx.compose.runtime:runtime-retain:1.10.0-alpha04	prod
:core:analytics	transitive	androidx.compose.runtime:runtime-saveable-android:1.10.0-alpha04	dev
:core:analytics	transitive	androidx.compose.runtime:runtime-saveable-android:1.10.0-alpha04	prod
:core:analytics	transitive	androidx.compose.runtime:runtime-saveable:1.10.0-alpha04	dev
:core:analytics	transitive	androidx.compose.runtime:runtime-saveable:1.10.0-alpha04	prod
:core:analytics	transitive	androidx.compose.runtime:runtime:1.10.0-alpha04	dev
:core:analytics	transitive	androidx.compose.ui:ui-android:1.10.0-alpha04	dev
:core:analytics	transitive	androidx.compose.ui:ui-android:1.10.0-alpha04	prod
:core:analytics	transitive	androidx.compose.ui:ui-geometry-android:1.10.0-alpha04	dev
:core:analytics	transitive	androidx.compose.ui:ui-geometry-android:1.10.0-alpha04	prod
:core:analytics	transitive	androidx.compose.ui:ui-geometry:1.10.0-alpha04	dev
:core:analytics	transitive	androidx.compose.ui:ui-geometry:1.10.0-alpha04	prod
:core:analytics	transitive	androidx.compose.ui:ui-graphics-android:1.10.0-alpha04	dev
:core:analytics	transitive	androidx.compose.ui:ui-graphics-android:1.10.0-alpha04	prod
:core:analytics	transitive	androidx.compose.ui:ui-graphics:1.10.0-alpha04	dev
:core:analytics	transitive	androidx.compose.ui:ui-graphics:1.10.0-alpha04	prod
:core:analytics	transitive	androidx.compose.ui:ui-text-android:1.10.0-alpha04	dev
:core:analytics	transitive	androidx.compose.ui:ui-text-android:1.10.0-alpha04	prod
:core:analytics	transitive	androidx.compose.ui:ui-text:1.10.0-alpha04	dev
:core:analytics	transitive	androidx.compose.ui:ui-text:1.10.0-alpha04	prod
:core:analytics	transitive	androidx.compose.ui:ui-tooling-android:1.10.0-alpha04	dev
:core:analytics	transitive	androidx.compose.ui:ui-tooling-android:1.10.0-alpha04	prod
:core:analytics	transitive	androidx.compose.ui:ui-tooling-data-android:1.10.0-alpha04	dev
:core:analytics	transitive	androidx.compose.ui:ui-tooling-data-android:1.10.0-alpha04	prod
:core:analytics	transitive	androidx.compose.ui:ui-tooling-data:1.10.0-alpha04	dev
:core:analytics	transitive	androidx.compose.ui:ui-tooling-data:1.10.0-alpha04	prod
:core:analytics	transitive	androidx.compose.ui:ui-tooling-preview-android:1.10.0-alpha04	dev
:core:analytics	transitive	androidx.compose.ui:ui-tooling-preview-android:1.10.0-alpha04	prod
:core:analytics	transitive	androidx.compose.ui:ui-tooling-preview:1.10.0-alpha04	dev
:core:analytics	transitive	androidx.compose.ui:ui-tooling:1.10.0-alpha04	dev
:core:analytics	transitive	androidx.compose.ui:ui-unit-android:1.10.0-alpha04	dev
:core:analytics	transitive	androidx.compose.ui:ui-unit-android:1.10.0-alpha04	prod
:core:analytics	transitive	androidx.compose.ui:ui-unit:1.10.0-alpha04	dev
:core:analytics	transitive	androidx.compose.ui:ui-unit:1.10.0-alpha04	prod
:core:analytics	transitive	androidx.compose.ui:ui-util-android:1.10.0-alpha04	dev
:core:analytics	transitive	androidx.compose.ui:ui-util-android:1.10.0-alpha04	prod
:core:analytics	transitive	androidx.compose.ui:ui-util:1.10.0-alpha04	dev
:core:analytics	transitive	androidx.compose.ui:ui-util:1.10.0-alpha04	prod
:core:analytics	transitive	androidx.compose.ui:ui:1.10.0-alpha04	dev
:core:analytics	transitive	androidx.compose.ui:ui:1.10.0-alpha04	prod
:core:analytics	transitive	androidx.compose:compose-bom-alpha:2025.09.01	dev
:core:analytics	transitive	androidx.concurrent:concurrent-futures:1.0.0	prod
:core:analytics	transitive	androidx.concurrent:concurrent-futures:1.1.0	dev
:core:analytics	transitive	androidx.concurrent:concurrent-futures:1.1.0	prod
:core:analytics	transitive	androidx.core:core-ktx:1.16.0	dev
:core:analytics	transitive	androidx.core:core-ktx:1.16.0	prod
:core:analytics	transitive	androidx.core:core-ktx:1.2.0	dev
:core:analytics	transitive	androidx.core:core-ktx:1.2.0	prod
:core:analytics	transitive	androidx.core:core-ktx:1.9.0	prod
:core:analytics	transitive	androidx.core:core-viewtree:1.0.0	dev
:core:analytics	transitive	androidx.core:core-viewtree:1.0.0	prod
:core:analytics	transitive	androidx.core:core:1.16.0	dev
:core:analytics	transitive	androidx.core:core:1.16.0	prod
:core:analytics	transitive	androidx.core:core:1.8.0	dev
:core:analytics	transitive	androidx.core:core:1.8.0	prod
:core:analytics	transitive	androidx.core:core:1.9.0	dev
:core:analytics	transitive	androidx.core:core:1.9.0	prod
:core:analytics	transitive	androidx.customview:customview-poolingcontainer:1.0.0	dev
:core:analytics	transitive	androidx.customview:customview-poolingcontainer:1.0.0	prod
:core:analytics	transitive	androidx.customview:customview:1.0.0	dev
:core:analytics	transitive	androidx.customview:customview:1.0.0	prod
:core:analytics	transitive	androidx.documentfile:documentfile:1.0.0	dev
:core:analytics	transitive	androidx.documentfile:documentfile:1.0.0	prod
:core:analytics	transitive	androidx.dynamicanimation:dynamicanimation:1.0.0	dev
:core:analytics	transitive	androidx.dynamicanimation:dynamicanimation:1.0.0	prod
:core:analytics	transitive	androidx.emoji2:emoji2:1.4.0	dev
:core:analytics	transitive	androidx.emoji2:emoji2:1.4.0	prod
:core:analytics	transitive	androidx.fragment:fragment:1.5.1	dev
:core:analytics	transitive	androidx.fragment:fragment:1.5.1	prod
:core:analytics	transitive	androidx.graphics:graphics-path:1.0.1	dev
:core:analytics	transitive	androidx.graphics:graphics-path:1.0.1	prod
:core:analytics	transitive	androidx.interpolator:interpolator:1.0.0	dev
:core:analytics	transitive	androidx.interpolator:interpolator:1.0.0	prod
:core:analytics	transitive	androidx.legacy:legacy-support-core-utils:1.0.0	dev
:core:analytics	transitive	androidx.legacy:legacy-support-core-utils:1.0.0	prod
:core:analytics	transitive	androidx.lifecycle:lifecycle-common-jvm:2.8.7	dev
:core:analytics	transitive	androidx.lifecycle:lifecycle-common-jvm:2.8.7	prod
:core:analytics	transitive	androidx.lifecycle:lifecycle-common-jvm:2.9.4	dev
:core:analytics	transitive	androidx.lifecycle:lifecycle-common-jvm:2.9.4	prod
:core:analytics	transitive	androidx.lifecycle:lifecycle-common:2.5.1	prod
:core:analytics	transitive	androidx.lifecycle:lifecycle-common:2.8.7	dev
:core:analytics	transitive	androidx.lifecycle:lifecycle-common:2.8.7	prod
:core:analytics	transitive	androidx.lifecycle:lifecycle-common:2.9.4	dev
:core:analytics	transitive	androidx.lifecycle:lifecycle-common:2.9.4	prod
:core:analytics	transitive	androidx.lifecycle:lifecycle-livedata-core-ktx:2.8.7	dev
:core:analytics	transitive	androidx.lifecycle:lifecycle-livedata-core-ktx:2.8.7	prod
:core:analytics	transitive	androidx.lifecycle:lifecycle-livedata-core-ktx:2.9.4	dev
:core:analytics	transitive	androidx.lifecycle:lifecycle-livedata-core-ktx:2.9.4	prod
:core:analytics	transitive	androidx.lifecycle:lifecycle-livedata-core:2.5.1	prod
:core:analytics	transitive	androidx.lifecycle:lifecycle-livedata-core:2.8.7	dev
:core:analytics	transitive	androidx.lifecycle:lifecycle-livedata-core:2.8.7	prod
:core:analytics	transitive	androidx.lifecycle:lifecycle-livedata-core:2.9.4	dev
:core:analytics	transitive	androidx.lifecycle:lifecycle-livedata-core:2.9.4	prod
:core:analytics	transitive	androidx.lifecycle:lifecycle-livedata:2.0.0	prod
:core:analytics	transitive	androidx.lifecycle:lifecycle-livedata:2.8.7	dev
:core:analytics	transitive	androidx.lifecycle:lifecycle-livedata:2.8.7	prod
:core:analytics	transitive	androidx.lifecycle:lifecycle-livedata:2.9.4	dev
:core:analytics	transitive	androidx.lifecycle:lifecycle-livedata:2.9.4	prod
:core:analytics	transitive	androidx.lifecycle:lifecycle-process:2.9.4	dev
:core:analytics	transitive	androidx.lifecycle:lifecycle-process:2.9.4	prod
:core:analytics	transitive	androidx.lifecycle:lifecycle-runtime-android:2.8.7	dev
:core:analytics	transitive	androidx.lifecycle:lifecycle-runtime-android:2.8.7	prod
:core:analytics	transitive	androidx.lifecycle:lifecycle-runtime-android:2.9.4	dev
:core:analytics	transitive	androidx.lifecycle:lifecycle-runtime-android:2.9.4	prod
:core:analytics	transitive	androidx.lifecycle:lifecycle-runtime-compose-android:2.8.7	dev
:core:analytics	transitive	androidx.lifecycle:lifecycle-runtime-compose-android:2.8.7	prod
:core:analytics	transitive	androidx.lifecycle:lifecycle-runtime-compose-android:2.9.4	dev
:core:analytics	transitive	androidx.lifecycle:lifecycle-runtime-compose-android:2.9.4	prod
:core:analytics	transitive	androidx.lifecycle:lifecycle-runtime-compose:2.8.7	dev
:core:analytics	transitive	androidx.lifecycle:lifecycle-runtime-compose:2.8.7	prod
:core:analytics	transitive	androidx.lifecycle:lifecycle-runtime-compose:2.9.4	dev
:core:analytics	transitive	androidx.lifecycle:lifecycle-runtime-compose:2.9.4	prod
:core:analytics	transitive	androidx.lifecycle:lifecycle-runtime-ktx-android:2.8.7	dev
:core:analytics	transitive	androidx.lifecycle:lifecycle-runtime-ktx-android:2.8.7	prod
:core:analytics	transitive	androidx.lifecycle:lifecycle-runtime-ktx-android:2.9.4	dev
:core:analytics	transitive	androidx.lifecycle:lifecycle-runtime-ktx-android:2.9.4	prod
:core:analytics	transitive	androidx.lifecycle:lifecycle-runtime-ktx:2.8.7	dev
:core:analytics	transitive	androidx.lifecycle:lifecycle-runtime-ktx:2.8.7	prod
:core:analytics	transitive	androidx.lifecycle:lifecycle-runtime-ktx:2.9.4	dev
:core:analytics	transitive	androidx.lifecycle:lifecycle-runtime-ktx:2.9.4	prod
:core:analytics	transitive	androidx.lifecycle:lifecycle-runtime:2.5.1	prod
:core:analytics	transitive	androidx.lifecycle:lifecycle-runtime:2.8.7	dev
:core:analytics	transitive	androidx.lifecycle:lifecycle-runtime:2.8.7	prod
:core:analytics	transitive	androidx.lifecycle:lifecycle-runtime:2.9.4	dev
:core:analytics	transitive	androidx.lifecycle:lifecycle-runtime:2.9.4	prod
:core:analytics	transitive	androidx.lifecycle:lifecycle-viewmodel-android:2.8.7	dev
:core:analytics	transitive	androidx.lifecycle:lifecycle-viewmodel-android:2.8.7	prod
:core:analytics	transitive	androidx.lifecycle:lifecycle-viewmodel-android:2.9.4	dev
:core:analytics	transitive	androidx.lifecycle:lifecycle-viewmodel-android:2.9.4	prod
:core:analytics	transitive	androidx.lifecycle:lifecycle-viewmodel-ktx:2.9.4	dev
:core:analytics	transitive	androidx.lifecycle:lifecycle-viewmodel-ktx:2.9.4	prod
:core:analytics	transitive	androidx.lifecycle:lifecycle-viewmodel-savedstate-android:2.9.4	dev
:core:analytics	transitive	androidx.lifecycle:lifecycle-viewmodel-savedstate-android:2.9.4	prod
:core:analytics	transitive	androidx.lifecycle:lifecycle-viewmodel-savedstate:2.5.1	prod
:core:analytics	transitive	androidx.lifecycle:lifecycle-viewmodel-savedstate:2.8.7	dev
:core:analytics	transitive	androidx.lifecycle:lifecycle-viewmodel-savedstate:2.8.7	prod
:core:analytics	transitive	androidx.lifecycle:lifecycle-viewmodel-savedstate:2.9.4	dev
:core:analytics	transitive	androidx.lifecycle:lifecycle-viewmodel-savedstate:2.9.4	prod
:core:analytics	transitive	androidx.lifecycle:lifecycle-viewmodel:2.5.1	prod
:core:analytics	transitive	androidx.lifecycle:lifecycle-viewmodel:2.8.7	dev
:core:analytics	transitive	androidx.lifecycle:lifecycle-viewmodel:2.8.7	prod
:core:analytics	transitive	androidx.lifecycle:lifecycle-viewmodel:2.9.4	dev
:core:analytics	transitive	androidx.lifecycle:lifecycle-viewmodel:2.9.4	prod
:core:analytics	transitive	androidx.loader:loader:1.0.0	dev
:core:analytics	transitive	androidx.loader:loader:1.0.0	prod
:core:analytics	transitive	androidx.localbroadcastmanager:localbroadcastmanager:1.0.0	dev
:core:analytics	transitive	androidx.localbroadcastmanager:localbroadcastmanager:1.0.0	prod
:core:analytics	transitive	androidx.print:print:1.0.0	dev
:core:analytics	transitive	androidx.print:print:1.0.0	prod
:core:analytics	transitive	androidx.privacysandbox.ads:ads-adservices-java:1.0.0-beta05	dev
:core:analytics	transitive	androidx.privacysandbox.ads:ads-adservices-java:1.0.0-beta05	prod
:core:analytics	transitive	androidx.privacysandbox.ads:ads-adservices:1.0.0-beta05	dev
:core:analytics	transitive	androidx.privacysandbox.ads:ads-adservices:1.0.0-beta05	prod
:core:analytics	transitive	androidx.profileinstaller:profileinstaller:1.4.0	dev
:core:analytics	transitive	androidx.profileinstaller:profileinstaller:1.4.0	prod
:core:analytics	transitive	androidx.savedstate:savedstate-android:1.3.2	dev
:core:analytics	transitive	androidx.savedstate:savedstate-android:1.3.2	prod
:core:analytics	transitive	androidx.savedstate:savedstate-compose-android:1.3.2	dev
:core:analytics	transitive	androidx.savedstate:savedstate-compose-android:1.3.2	prod
:core:analytics	transitive	androidx.savedstate:savedstate-compose:1.3.2	dev
:core:analytics	transitive	androidx.savedstate:savedstate-compose:1.3.2	prod
:core:analytics	transitive	androidx.savedstate:savedstate-ktx:1.3.2	dev
:core:analytics	transitive	androidx.savedstate:savedstate-ktx:1.3.2	prod
:core:analytics	transitive	androidx.savedstate:savedstate:1.2.0	prod
:core:analytics	transitive	androidx.savedstate:savedstate:1.3.2	dev
:core:analytics	transitive	androidx.savedstate:savedstate:1.3.2	prod
:core:analytics	transitive	androidx.startup:startup-runtime:1.1.1	dev
:core:analytics	transitive	androidx.startup:startup-runtime:1.1.1	prod
:core:analytics	transitive	androidx.tracing:tracing-ktx:1.3.0-alpha02	dev
:core:analytics	transitive	androidx.tracing:tracing:1.3.0-alpha02	dev
:core:analytics	transitive	androidx.tracing:tracing:1.3.0-alpha02	prod
:core:analytics	transitive	androidx.transition:transition:1.6.0	dev
:core:analytics	transitive	androidx.transition:transition:1.6.0	prod
:core:analytics	transitive	androidx.versionedparcelable:versionedparcelable:1.1.1	dev
:core:analytics	transitive	androidx.versionedparcelable:versionedparcelable:1.1.1	prod
:core:analytics	transitive	androidx.viewpager:viewpager:1.0.0	dev
:core:analytics	transitive	androidx.viewpager:viewpager:1.0.0	prod
:core:analytics	transitive	com.google.android.gms:play-services-ads-identifier:18.0.0	dev
:core:analytics	transitive	com.google.android.gms:play-services-ads-identifier:18.0.0	prod
:core:analytics	transitive	com.google.android.gms:play-services-base:18.5.0	dev
:core:analytics	transitive	com.google.android.gms:play-services-base:18.5.0	prod
:core:analytics	transitive	com.google.android.gms:play-services-basement:18.4.0	dev
:core:analytics	transitive	com.google.android.gms:play-services-basement:18.4.0	prod
:core:analytics	transitive	com.google.android.gms:play-services-measurement-api:22.1.2	dev
:core:analytics	transitive	com.google.android.gms:play-services-measurement-api:22.1.2	prod
:core:analytics	transitive	com.google.android.gms:play-services-measurement-base:22.1.2	dev
:core:analytics	transitive	com.google.android.gms:play-services-measurement-base:22.1.2	prod
:core:analytics	transitive	com.google.android.gms:play-services-measurement-impl:22.1.2	dev
:core:analytics	transitive	com.google.android.gms:play-services-measurement-impl:22.1.2	prod
:core:analytics	transitive	com.google.android.gms:play-services-measurement-sdk-api:22.1.2	dev
:core:analytics	transitive	com.google.android.gms:play-services-measurement-sdk-api:22.1.2	prod
:core:analytics	transitive	com.google.android.gms:play-services-measurement-sdk:22.1.2	dev
:core:analytics	transitive	com.google.android.gms:play-services-measurement-sdk:22.1.2	prod
:core:analytics	transitive	com.google.android.gms:play-services-measurement:22.1.2	dev
:core:analytics	transitive	com.google.android.gms:play-services-measurement:22.1.2	prod
:core:analytics	transitive	com.google.android.gms:play-services-stats:17.0.2	dev
:core:analytics	transitive	com.google.android.gms:play-services-stats:17.0.2	prod
:core:analytics	transitive	com.google.android.gms:play-services-tasks:18.2.0	dev
:core:analytics	transitive	com.google.android.gms:play-services-tasks:18.2.0	prod
:core:analytics	transitive	com.google.code.findbugs:jsr305:3.0.2	dev
:core:analytics	transitive	com.google.code.findbugs:jsr305:3.0.2	prod
:core:analytics	transitive	com.google.dagger:dagger-lint-aar:2.59	dev
:core:analytics	transitive	com.google.dagger:dagger-lint-aar:2.59	prod
:core:analytics	transitive	com.google.dagger:dagger:2.59	dev
:core:analytics	transitive	com.google.dagger:dagger:2.59	prod
:core:analytics	transitive	com.google.dagger:hilt-android:2.59	dev
:core:analytics	transitive	com.google.dagger:hilt-core:2.59	dev
:core:analytics	transitive	com.google.dagger:hilt-core:2.59	prod
:core:analytics	transitive	com.google.errorprone:error_prone_annotations:2.11.0	dev
:core:analytics	transitive	com.google.errorprone:error_prone_annotations:2.11.0	prod
:core:analytics	transitive	com.google.errorprone:error_prone_annotations:2.26.0	dev
:core:analytics	transitive	com.google.errorprone:error_prone_annotations:2.26.0	prod
:core:analytics	transitive	com.google.firebase:firebase-analytics:22.1.2	dev
:core:analytics	transitive	com.google.firebase:firebase-annotations:16.2.0	dev
:core:analytics	transitive	com.google.firebase:firebase-annotations:16.2.0	prod
:core:analytics	transitive	com.google.firebase:firebase-bom:33.7.0	dev
:core:analytics	transitive	com.google.firebase:firebase-common-ktx:21.0.0	dev
:core:analytics	transitive	com.google.firebase:firebase-common-ktx:21.0.0	prod
:core:analytics	transitive	com.google.firebase:firebase-common:21.0.0	dev
:core:analytics	transitive	com.google.firebase:firebase-common:21.0.0	prod
:core:analytics	transitive	com.google.firebase:firebase-components:18.0.0	dev
:core:analytics	transitive	com.google.firebase:firebase-components:18.0.0	prod
:core:analytics	transitive	com.google.firebase:firebase-installations-interop:17.1.1	dev
:core:analytics	transitive	com.google.firebase:firebase-installations-interop:17.1.1	prod
:core:analytics	transitive	com.google.firebase:firebase-installations:18.0.0	dev
:core:analytics	transitive	com.google.firebase:firebase-installations:18.0.0	prod
:core:analytics	transitive	com.google.firebase:firebase-measurement-connector:19.0.0	dev
:core:analytics	transitive	com.google.firebase:firebase-measurement-connector:19.0.0	prod
:core:analytics	transitive	com.google.guava:failureaccess:1.0.1	dev
:core:analytics	transitive	com.google.guava:failureaccess:1.0.1	prod
:core:analytics	transitive	com.google.guava:guava:31.1-android	dev
:core:analytics	transitive	com.google.guava:guava:31.1-android	prod
:core:analytics	transitive	com.google.guava:listenablefuture:1.0	dev
:core:analytics	transitive	com.google.guava:listenablefuture:1.0	prod
:core:analytics	transitive	com.google.guava:listenablefuture:9999.0-empty-to-avoid-conflict-with-guava	dev
:core:analytics	transitive	com.google.guava:listenablefuture:9999.0-empty-to-avoid-conflict-with-guava	prod
:core:analytics	transitive	com.google.j2objc:j2objc-annotations:1.3	dev
:core:analytics	transitive	com.google.j2objc:j2objc-annotations:1.3	prod
:core:analytics	transitive	jakarta.inject:jakarta.inject-api:2.0.1	dev
:core:analytics	transitive	jakarta.inject:jakarta.inject-api:2.0.1	prod
:core:analytics	transitive	javax.inject:javax.inject:1	dev
:core:analytics	transitive	javax.inject:javax.inject:1	prod
:core:analytics	transitive	org.checkerframework:checker-qual:3.12.0	dev
:core:analytics	transitive	org.checkerframework:checker-qual:3.12.0	prod
:core:analytics	transitive	org.hamcrest:hamcrest-core:1.3	dev
:core:analytics	transitive	org.jetbrains.kotlin:kotlin-stdlib-common:2.3.0	dev
:core:analytics	transitive	org.jetbrains.kotlin:kotlin-stdlib-common:2.3.0	prod
:core:analytics	transitive	org.jetbrains.kotlin:kotlin-stdlib-jdk7:1.8.22	dev
:core:analytics	transitive	org.jetbrains.kotlin:kotlin-stdlib-jdk7:1.8.22	prod
:core:analytics	transitive	org.jetbrains.kotlin:kotlin-stdlib-jdk8:1.8.22	dev
:core:analytics	transitive	org.jetbrains.kotlin:kotlin-stdlib-jdk8:1.8.22	prod
:core:analytics	transitive	org.jetbrains.kotlin:kotlin-stdlib:2.3.0	dev
:core:analytics	transitive	org.jetbrains.kotlinx:kotlinx-coroutines-android:1.9.0	dev
:core:analytics	transitive	org.jetbrains.kotlinx:kotlinx-coroutines-android:1.9.0	prod
:core:analytics	transitive	org.jetbrains.kotlinx:kotlinx-coroutines-bom:1.9.0	dev
:core:analytics	transitive	org.jetbrains.kotlinx:kotlinx-coroutines-bom:1.9.0	prod
:core:analytics	transitive	org.jetbrains.kotlinx:kotlinx-coroutines-core-jvm:1.9.0	dev
:core:analytics	transitive	org.jetbrains.kotlinx:kotlinx-coroutines-core-jvm:1.9.0	prod
:core:analytics	transitive	org.jetbrains.kotlinx:kotlinx-coroutines-core:1.9.0	dev
:core:analytics	transitive	org.jetbrains.kotlinx:kotlinx-coroutines-core:1.9.0	prod
:core:analytics	transitive	org.jetbrains.kotlinx:kotlinx-coroutines-play-services:1.9.0	dev
:core:analytics	transitive	org.jetbrains.kotlinx:kotlinx-coroutines-play-services:1.9.0	prod
:core:analytics	transitive	org.jetbrains.kotlinx:kotlinx-serialization-bom:1.7.3	dev
:core:analytics	transitive	org.jetbrains.kotlinx:kotlinx-serialization-bom:1.7.3	prod
:core:analytics	transitive	org.jetbrains.kotlinx:kotlinx-serialization-core-jvm:1.7.3	dev
:core:analytics	transitive	org.jetbrains.kotlinx:kotlinx-serialization-core-jvm:1.7.3	prod
:core:analytics	transitive	org.jetbrains.kotlinx:kotlinx-serialization-core:1.7.3	dev
:core:analytics	transitive	org.jetbrains.kotlinx:kotlinx-serialization-core:1.7.3	prod
:core:analytics	transitive	org.jetbrains:annotations:23.0.0	dev
:core:analytics	transitive	org.jetbrains:annotations:23.0.0	prod
:core:analytics	transitive	org.jspecify:jspecify:1.0.0	dev
:core:analytics	transitive	org.jspecify:jspecify:1.0.0	prod
:core:common	direct	app.cash.turbine:turbine:1.2.0	dev
:core:common	direct	com.google.dagger:hilt-core:2.59	dev
:core:common	direct	com.google.dagger:hilt-core:2.59	prod
:core:common	direct	org.jetbrains.kotlin:kotlin-stdlib:2.3.0	dev
:core:common	direct	org.jetbrains.kotlin:kotlin-stdlib:2.3.0	prod
:core:common	direct	org.jetbrains.kotlin:kotlin-test:2.3.0	dev
:core:common	direct	org.jetbrains.kotlinx:kotlinx-coroutines-core:1.10.1	dev
:core:common	direct	org.jetbrains.kotlinx:kotlinx-coroutines-core:1.10.1	prod
:core:common	direct	org.jetbrains.kotlinx:kotlinx-coroutines-test:1.10.1	dev
:core:common	transitive	app.cash.turbine:turbine-jvm:1.2.0	dev
:core:common	transitive	com.google.code.findbugs:jsr305:3.0.2	dev
:core:common	transitive	com.google.code.findbugs:jsr305:3.0.2	prod
:core:common	transitive	com.google.dagger:dagger:2.59	dev
:core:common	transitive	com.google.dagger:dagger:2.59	prod
:core:common	transitive	jakarta.inject:jakarta.inject-api:2.0.1	dev
:core:common	transitive	jakarta.inject:jakarta.inject-api:2.0.1	prod
:core:common	transitive	javax.inject:javax.inject:1	dev
:core:common	transitive	javax.inject:javax.inject:1	prod
:core:common	transitive	junit:junit:4.13.2	dev
:core:common	transitive	org.hamcrest:hamcrest-core:1.3	dev
:core:common	transitive	org.jetbrains.kotlin:kotlin-test-junit:2.3.0	dev
:core:common	transitive	org.jetbrains.kotlinx:kotlinx-coroutines-bom:1.10.1	dev
:core:common	transitive	org.jetbrains.kotlinx:kotlinx-coroutines-bom:1.10.1	prod
:core:common	transitive	org.jetbrains.kotlinx:kotlinx-coroutines-core-jvm:1.10.1	dev
:core:common	transitive	org.jetbrains.kotlinx:kotlinx-coroutines-core-jvm:1.10.1	prod
:core:common	transitive	org.jetbrains.kotlinx:kotlinx-coroutines-test-jvm:1.10.1	dev
:core:common	transitive	org.jetbrains:annotations:23.0.0	dev
:core:common	transitive	org.jetbrains:annotations:23.0.0	prod
:core:common	transitive	org.jspecify:jspecify:1.0.0	dev
:core:common	transitive	org.jspecify:jspecify:1.0.0	prod
:core:data	direct	androidx.tracing:tracing-ktx:1.3.0-alpha02	dev
:core:data	direct	androidx.tracing:tracing-ktx:1.3.0-alpha02	prod
:core:data	direct	com.google.dagger:hilt-android:2.59	dev
:core:data	direct	com.google.dagger:hilt-android:2.59	prod
:core:data	direct	junit:junit:4.13.2	dev
:core:data	direct	org.jetbrains.kotlin:kotlin-stdlib:2.3.0	dev
:core:data	direct	org.jetbrains.kotlin:kotlin-stdlib:2.3.0	prod
:core:data	direct	org.jetbrains.kotlin:kotlin-test:2.3.0	dev
:core:data	direct	org.jetbrains.kotlinx:kotlinx-coroutines-test:1.10.1	dev
:core:data	direct	org.jetbrains.kotlinx:kotlinx-serialization-json:1.8.0	dev
:core:data	transitive	androidx.activity:activity-compose:1.7.0	dev
:core:data	transitive	androidx.activity:activity-compose:1.7.0	prod
:core:data	transitive	androidx.activity:activity-ktx:1.7.0	dev
:core:data	transitive	androidx.activity:activity-ktx:1.7.0	prod
:core:data	transitive	androidx.activity:activity:1.5.1	dev
:core:data	transitive	androidx.activity:activity:1.5.1	prod
:core:data	transitive	androidx.activity:activity:1.7.0	dev
:core:data	transitive	androidx.activity:activity:1.7.0	prod
:core:data	transitive	androidx.annotation:annotation-experimental:1.3.1	dev
:core:data	transitive	androidx.annotation:annotation-experimental:1.3.1	prod
:core:data	transitive	androidx.annotation:annotation-experimental:1.5.0	dev
:core:data	transitive	androidx.annotation:annotation-experimental:1.5.0	prod
:core:data	transitive	androidx.annotation:annotation-jvm:1.9.1	dev
:core:data	transitive	androidx.annotation:annotation-jvm:1.9.1	prod
:core:data	transitive	androidx.annotation:annotation:1.9.1	dev
:core:data	transitive	androidx.annotation:annotation:1.9.1	prod
:core:data	transitive	androidx.appcompat:appcompat-resources:1.6.1	dev
:core:data	transitive	androidx.appcompat:appcompat-resources:1.6.1	prod
:core:data	transitive	androidx.arch.core:core-common:2.1.0	dev
:core:data	transitive	androidx.arch.core:core-common:2.1.0	prod
:core:data	transitive	androidx.arch.core:core-common:2.2.0	dev
:core:data	transitive	androidx.arch.core:core-common:2.2.0	prod
:core:data	transitive	androidx.arch.core:core-runtime:2.0.0	dev
:core:data	transitive	androidx.arch.core:core-runtime:2.0.0	prod
:core:data	transitive	androidx.arch.core:core-runtime:2.2.0	dev
:core:data	transitive	androidx.arch.core:core-runtime:2.2.0	prod
:core:data	transitive	androidx.autofill:autofill:1.0.0	dev
:core:data	transitive	androidx.autofill:autofill:1.0.0	prod
:core:data	transitive	androidx.collection:collection-jvm:1.5.0	dev
:core:data	transitive	androidx.collection:collection-jvm:1.5.0	prod
:core:data	transitive	androidx.collection:collection-ktx:1.5.0	dev
:core:data	transitive	androidx.collection:collection-ktx:1.5.0	prod
:core:data	transitive	androidx.collection:collection:1.1.0	dev
:core:data	transitive	androidx.collection:collection:1.1.0	prod
:core:data	transitive	androidx.collection:collection:1.5.0	dev
:core:data	transitive	androidx.collection:collection:1.5.0	prod
:core:data	transitive	androidx.compose.animation:animation-android:1.10.0-alpha04	dev
:core:data	transitive	androidx.compose.animation:animation-android:1.10.0-alpha04	prod
:core:data	transitive	androidx.compose.animation:animation-core-android:1.10.0-alpha04	dev
:core:data	transitive	androidx.compose.animation:animation-core-android:1.10.0-alpha04	prod
:core:data	transitive	androidx.compose.animation:animation-core:1.10.0-alpha04	dev
:core:data	transitive	androidx.compose.animation:animation-core:1.10.0-alpha04	prod
:core:data	transitive	androidx.compose.animation:animation:1.10.0-alpha04	dev
:core:data	transitive	androidx.compose.animation:animation:1.10.0-alpha04	prod
:core:data	transitive	androidx.compose.foundation:foundation-android:1.10.0-alpha04	dev
:core:data	transitive	androidx.compose.foundation:foundation-android:1.10.0-alpha04	prod
:core:data	transitive	androidx.compose.foundation:foundation-layout-android:1.10.0-alpha04	dev
:core:data	transitive	androidx.compose.foundation:foundation-layout-android:1.10.0-alpha04	prod
:core:data	transitive	androidx.compose.foundation:foundation-layout:1.10.0-alpha04	dev
:core:data	transitive	androidx.compose.foundation:foundation-layout:1.10.0-alpha04	prod
:core:data	transitive	androidx.compose.foundation:foundation:1.10.0-alpha04	dev
:core:data	transitive	androidx.compose.foundation:foundation:1.10.0-alpha04	prod
:core:data	transitive	androidx.compose.material:material-android:1.10.0-alpha04	dev
:core:data	transitive	androidx.compose.material:material-android:1.10.0-alpha04	prod
:core:data	transitive	androidx.compose.material:material-ripple-android:1.10.0-alpha04	dev
:core:data	transitive	androidx.compose.material:material-ripple-android:1.10.0-alpha04	prod
:core:data	transitive	androidx.compose.material:material-ripple:1.10.0-alpha04	dev
:core:data	transitive	androidx.compose.material:material-ripple:1.10.0-alpha04	prod
:core:data	transitive	androidx.compose.material:material:1.10.0-alpha04	dev
:core:data	transitive	androidx.compose.material:material:1.10.0-alpha04	prod
:core:data	transitive	androidx.compose.runtime:runtime-android:1.10.0-alpha04	dev
:core:data	transitive	androidx.compose.runtime:runtime-android:1.10.0-alpha04	prod
:core:data	transitive	androidx.compose.runtime:runtime-annotation-android:1.10.0-alpha04	dev
:core:data	transitive	androidx.compose.runtime:runtime-annotation-android:1.10.0-alpha04	prod
:core:data	transitive	androidx.compose.runtime:runtime-annotation:1.10.0-alpha04	dev
:core:data	transitive	androidx.compose.runtime:runtime-annotation:1.10.0-alpha04	prod
:core:data	transitive	androidx.compose.runtime:runtime-retain-android:1.10.0-alpha04	dev
:core:data	transitive	androidx.compose.runtime:runtime-retain-android:1.10.0-alpha04	prod
:core:data	transitive	androidx.compose.runtime:runtime-retain:1.10.0-alpha04	dev
:core:data	transitive	androidx.compose.runtime:runtime-retain:1.10.0-alpha04	prod
:core:data	transitive	androidx.compose.runtime:runtime-saveable-android:1.10.0-alpha04	dev
:core:data	transitive	androidx.compose.runtime:runtime-saveable-android:1.10.0-alpha04	prod
:core:data	transitive	androidx.compose.runtime:runtime-saveable:1.10.0-alpha04	dev
:core:data	transitive	androidx.compose.runtime:runtime-saveable:1.10.0-alpha04	prod
:core:data	transitive	androidx.compose.runtime:runtime:1.10.0-alpha04	dev
:core:data	transitive	androidx.compose.runtime:runtime:1.10.0-alpha04	prod
:core:data	transitive	androidx.compose.ui:ui-android:1.10.0-alpha04	dev
:core:data	transitive	androidx.compose.ui:ui-android:1.10.0-alpha04	prod
:core:data	transitive	androidx.compose.ui:ui-geometry-android:1.10.0-alpha04	dev
:core:data	transitive	androidx.compose.ui:ui-geometry-android:1.10.0-alpha04	prod
:core:data	transitive	androidx.compose.ui:ui-geometry:1.10.0-alpha04	dev
:core:data	transitive	androidx.compose.ui:ui-geometry:1.10.0-alpha04	prod
:core:data	transitive	androidx.compose.ui:ui-graphics-android:1.10.0-alpha04	dev
:core:data	transitive	androidx.compose.ui:ui-graphics-android:1.10.0-alpha04	prod
:core:data	transitive	androidx.compose.ui:ui-graphics:1.10.0-alpha04	dev
:core:data	transitive	androidx.compose.ui:ui-graphics:1.10.0-alpha04	prod
:core:data	transitive	androidx.compose.ui:ui-text-android:1.10.0-alpha04	dev
:core:data	transitive	androidx.compose.ui:ui-text-android:1.10.0-alpha04	prod
:core:data	transitive	androidx.compose.ui:ui-text:1.10.0-alpha04	dev
:core:data	transitive	androidx.compose.ui:ui-text:1.10.0-alpha04	prod
:core:data	transitive	androidx.compose.ui:ui-tooling-android:1.10.0-alpha04	dev
:core:data	transitive	androidx.compose.ui:ui-tooling-android:1.10.0-alpha04	prod
:core:data	transitive	androidx.compose.ui:ui-tooling-data-android:1.10.0-alpha04	dev
:core:data	transitive	androidx.compose.ui:ui-tooling-data-android:1.10.0-alpha04	prod
:core:data	transitive	androidx.compose.ui:ui-tooling-data:1.10.0-alpha04	dev
:core:data	transitive	androidx.compose.ui:ui-tooling-data:1.10.0-alpha04	prod
:core:data	transitive	androidx.compose.ui:ui-tooling-preview-android:1.10.0-alpha04	dev
:core:data	transitive	androidx.compose.ui:ui-tooling-preview-android:1.10.0-alpha04	prod
:core:data	transitive	androidx.compose.ui:ui-tooling-preview:1.10.0-alpha04	dev
:core:data	transitive	androidx.compose.ui:ui-tooling-preview:1.10.0-alpha04	prod
:core:data	transitive	androidx.compose.ui:ui-tooling:1.10.0-alpha04	dev
:core:data	transitive	androidx.compose.ui:ui-tooling:1.10.0-alpha04	prod
:core:data	transitive	androidx.compose.ui:ui-unit-android:1.10.0-alpha04	dev
:core:data	transitive	androidx.compose.ui:ui-unit-android:1.10.0-alpha04	prod
:core:data	transitive	androidx.compose.ui:ui-unit:1.10.0-alpha04	dev
:core:data	transitive	androidx.compose.ui:ui-unit:1.10.0-alpha04	prod
:core:data	transitive	androidx.compose.ui:ui-util-android:1.10.0-alpha04	dev
:core:data	transitive	androidx.compose.ui:ui-util-android:1.10.0-alpha04	prod
:core:data	transitive	androidx.compose.ui:ui-util:1.10.0-alpha04	dev
:core:data	transitive	androidx.compose.ui:ui-util:1.10.0-alpha04	prod
:core:data	transitive	androidx.compose.ui:ui:1.10.0-alpha04	dev
:core:data	transitive	androidx.compose.ui:ui:1.10.0-alpha04	prod
:core:data	transitive	androidx.compose:compose-bom-alpha:2025.09.01	dev
:core:data	transitive	androidx.compose:compose-bom-alpha:2025.09.01	prod
:core:data	transitive	androidx.concurrent:concurrent-futures:1.1.0	dev
:core:data	transitive	androidx.concurrent:concurrent-futures:1.1.0	prod
:core:data	transitive	androidx.core:core-ktx:1.12.0	prod
:core:data	transitive	androidx.core:core-ktx:1.16.0	dev
:core:data	transitive	androidx.core:core-ktx:1.16.0	prod
:core:data	transitive	androidx.core:core-ktx:1.2.0	dev
:core:data	transitive	androidx.core:core-ktx:1.2.0	prod
:core:data	transitive	androidx.core:core-viewtree:1.0.0	dev
:core:data	transitive	androidx.core:core-viewtree:1.0.0	prod
:core:data	transitive	androidx.core:core:1.12.0	prod
:core:data	transitive	androidx.core:core:1.16.0	dev
:core:data	transitive	androidx.core:core:1.16.0	prod
:core:data	transitive	androidx.core:core:1.8.0	dev
:core:data	transitive	androidx.core:core:1.8.0	prod
:core:data	transitive	androidx.customview:customview-poolingcontainer:1.0.0	dev
:core:data	transitive	androidx.customview:customview-poolingcontainer:1.0.0	prod
:core:data	transitive	androidx.customview:customview:1.0.0	dev
:core:data	transitive	androidx.customview:customview:1.0.0	prod
:core:data	transitive	androidx.datastore:datastore-android:1.2.0	dev
:core:data	transitive	androidx.datastore:datastore-android:1.2.0	prod
:core:data	transitive	androidx.datastore:datastore-core-android:1.2.0	dev
:core:data	transitive	androidx.datastore:datastore-core-android:1.2.0	prod
:core:data	transitive	androidx.datastore:datastore-core-okio-jvm:1.2.0	dev
:core:data	transitive	androidx.datastore:datastore-core-okio-jvm:1.2.0	prod
:core:data	transitive	androidx.datastore:datastore-core-okio:1.2.0	dev
:core:data	transitive	androidx.datastore:datastore-core-okio:1.2.0	prod
:core:data	transitive	androidx.datastore:datastore-core:1.2.0	dev
:core:data	transitive	androidx.datastore:datastore-core:1.2.0	prod
:core:data	transitive	androidx.datastore:datastore:1.2.0	dev
:core:data	transitive	androidx.datastore:datastore:1.2.0	prod
:core:data	transitive	androidx.documentfile:documentfile:1.0.0	dev
:core:data	transitive	androidx.documentfile:documentfile:1.0.0	prod
:core:data	transitive	androidx.dynamicanimation:dynamicanimation:1.0.0	dev
:core:data	transitive	androidx.dynamicanimation:dynamicanimation:1.0.0	prod
:core:data	transitive	androidx.emoji2:emoji2:1.4.0	dev
:core:data	transitive	androidx.emoji2:emoji2:1.4.0	prod
:core:data	transitive	androidx.exifinterface:exifinterface:1.3.7	dev
:core:data	transitive	androidx.exifinterface:exifinterface:1.3.7	prod
:core:data	transitive	androidx.fragment:fragment:1.5.1	dev
:core:data	transitive	androidx.fragment:fragment:1.5.1	prod
:core:data	transitive	androidx.graphics:graphics-path:1.0.1	dev
:core:data	transitive	androidx.graphics:graphics-path:1.0.1	prod
:core:data	transitive	androidx.interpolator:interpolator:1.0.0	dev
:core:data	transitive	androidx.interpolator:interpolator:1.0.0	prod
:core:data	transitive	androidx.legacy:legacy-support-core-utils:1.0.0	dev
:core:data	transitive	androidx.legacy:legacy-support-core-utils:1.0.0	prod
:core:data	transitive	androidx.lifecycle:lifecycle-common-jvm:2.9.4	dev
:core:data	transitive	androidx.lifecycle:lifecycle-common-jvm:2.9.4	prod
:core:data	transitive	androidx.lifecycle:lifecycle-common:2.5.1	dev
:core:data	transitive	androidx.lifecycle:lifecycle-common:2.5.1	prod
:core:data	transitive	androidx.lifecycle:lifecycle-common:2.7.0	prod
:core:data	transitive	androidx.lifecycle:lifecycle-common:2.9.4	dev
:core:data	transitive	androidx.lifecycle:lifecycle-common:2.9.4	prod
:core:data	transitive	androidx.lifecycle:lifecycle-livedata-core-ktx:2.7.0	prod
:core:data	transitive	androidx.lifecycle:lifecycle-livedata-core-ktx:2.9.4	dev
:core:data	transitive	androidx.lifecycle:lifecycle-livedata-core-ktx:2.9.4	prod
:core:data	transitive	androidx.lifecycle:lifecycle-livedata-core:2.5.1	dev
:core:data	transitive	androidx.lifecycle:lifecycle-livedata-core:2.5.1	prod
:core:data	transitive	androidx.lifecycle:lifecycle-livedata-core:2.7.0	prod
:core:data	transitive	androidx.lifecycle:lifecycle-livedata-core:2.9.4	dev
:core:data	transitive	androidx.lifecycle:lifecycle-livedata-core:2.9.4	prod
:core:data	transitive	androidx.lifecycle:lifecycle-livedata:2.0.0	dev
:core:data	transitive	androidx.lifecycle:lifecycle-livedata:2.0.0	prod
:core:data	transitive	androidx.lifecycle:lifecycle-livedata:2.7.0	prod
:core:data	transitive	androidx.lifecycle:lifecycle-livedata:2.9.4	dev
:core:data	transitive	androidx.lifecycle:lifecycle-livedata:2.9.4	prod
:core:data	transitive	androidx.lifecycle:lifecycle-process:2.9.4	dev
:core:data	transitive	androidx.lifecycle:lifecycle-process:2.9.4	prod
:core:data	transitive	androidx.lifecycle:lifecycle-runtime-android:2.9.4	dev
:core:data	transitive	androidx.lifecycle:lifecycle-runtime-android:2.9.4	prod
:core:data	transitive	androidx.lifecycle:lifecycle-runtime-compose-android:2.9.4	dev
:core:data	transitive	androidx.lifecycle:lifecycle-runtime-compose-android:2.9.4	prod
:core:data	transitive	androidx.lifecycle:lifecycle-runtime-compose:2.9.4	dev
:core:data	transitive	androidx.lifecycle:lifecycle-runtime-compose:2.9.4	prod
:core:data	transitive	androidx.lifecycle:lifecycle-runtime-ktx-android:2.9.4	dev
:core:data	transitive	androidx.lifecycle:lifecycle-runtime-ktx-android:2.9.4	prod
:core:data	transitive	androidx.lifecycle:lifecycle-runtime-ktx:2.9.4	dev
:core:data	transitive	androidx.lifecycle:lifecycle-runtime-ktx:2.9.4	prod
:core:data	transitive	androidx.lifecycle:lifecycle-runtime:2.5.1	dev
:core:data	transitive	androidx.lifecycle:lifecycle-runtime:2.5.1	prod
:core:data	transitive	androidx.lifecycle:lifecycle-runtime:2.7.0	prod
:core:data	transitive	androidx.lifecycle:lifecycle-runtime:2.9.4	dev
:core:data	transitive	androidx.lifecycle:lifecycle-runtime:2.9.4	prod
:core:data	transitive	androidx.lifecycle:lifecycle-viewmodel-android:2.9.4	dev
:core:data	transitive	androidx.lifecycle:lifecycle-viewmodel-android:2.9.4	prod
:core:data	transitive	androidx.lifecycle:lifecycle-viewmodel-ktx:2.9.4	dev
:core:data	transitive	androidx.lifecycle:lifecycle-viewmodel-ktx:2.9.4	prod
:core:data	transitive	androidx.lifecycle:lifecycle-viewmodel-savedstate-android:2.9.4	dev
:core:data	transitive	androidx.lifecycle:lifecycle-viewmodel-savedstate-android:2.9.4	prod
:core:data	transitive	androidx.lifecycle:lifecycle-viewmodel-savedstate:2.5.1	dev
:core:data	transitive	androidx.lifecycle:lifecycle-viewmodel-savedstate:2.5.1	prod
:core:data	transitive	androidx.lifecycle:lifecycle-viewmodel-savedstate:2.7.0	prod
:core:data	transitive	androidx.lifecycle:lifecycle-viewmodel-savedstate:2.9.4	dev
:core:data	transitive	androidx.lifecycle:lifecycle-viewmodel-savedstate:2.9.4	prod
:core:data	transitive	androidx.lifecycle:lifecycle-viewmodel:2.5.1	dev
:core:data	transitive	androidx.lifecycle:lifecycle-viewmodel:2.5.1	prod
:core:data	transitive	androidx.lifecycle:lifecycle-viewmodel:2.7.0	prod
:core:data	transitive	androidx.lifecycle:lifecycle-viewmodel:2.9.4	dev
:core:data	transitive	androidx.lifecycle:lifecycle-viewmodel:2.9.4	prod
:core:data	transitive	androidx.loader:loader:1.0.0	dev
:core:data	transitive	androidx.loader:loader:1.0.0	prod
:core:data	transitive	androidx.localbroadcastmanager:localbroadcastmanager:1.0.0	dev
:core:data	transitive	androidx.localbroadcastmanager:localbroadcastmanager:1.0.0	prod
:core:data	transitive	androidx.multidex:multidex:2.0.1	dev
:core:data	transitive	androidx.print:print:1.0.0	dev
:core:data	transitive	androidx.print:print:1.0.0	prod
:core:data	transitive	androidx.privacysandbox.ads:ads-adservices-java:1.0.0-beta05	dev
:core:data	transitive	androidx.privacysandbox.ads:ads-adservices-java:1.0.0-beta05	prod
:core:data	transitive	androidx.privacysandbox.ads:ads-adservices:1.0.0-beta05	dev
:core:data	transitive	androidx.privacysandbox.ads:ads-adservices:1.0.0-beta05	prod
:core:data	transitive	androidx.profileinstaller:profileinstaller:1.3.1	prod
:core:data	transitive	androidx.profileinstaller:profileinstaller:1.4.0	dev
:core:data	transitive	androidx.profileinstaller:profileinstaller:1.4.0	prod
:core:data	transitive	androidx.room:room-common-jvm:2.8.3	dev
:core:data	transitive	androidx.room:room-common-jvm:2.8.3	prod
:core:data	transitive	androidx.room:room-common:2.8.3	dev
:core:data	transitive	androidx.room:room-common:2.8.3	prod
:core:data	transitive	androidx.room:room-ktx:2.8.3	dev
:core:data	transitive	androidx.room:room-ktx:2.8.3	prod
:core:data	transitive	androidx.room:room-runtime-android:2.8.3	dev
:core:data	transitive	androidx.room:room-runtime-android:2.8.3	prod
:core:data	transitive	androidx.room:room-runtime:2.8.3	dev
:core:data	transitive	androidx.room:room-runtime:2.8.3	prod
:core:data	transitive	androidx.savedstate:savedstate-android:1.3.2	dev
:core:data	transitive	androidx.savedstate:savedstate-android:1.3.2	prod
:core:data	transitive	androidx.savedstate:savedstate-compose-android:1.3.2	dev
:core:data	transitive	androidx.savedstate:savedstate-compose-android:1.3.2	prod
:core:data	transitive	androidx.savedstate:savedstate-compose:1.3.2	dev
:core:data	transitive	androidx.savedstate:savedstate-compose:1.3.2	prod
:core:data	transitive	androidx.savedstate:savedstate-ktx:1.3.2	dev
:core:data	transitive	androidx.savedstate:savedstate-ktx:1.3.2	prod
:core:data	transitive	androidx.savedstate:savedstate:1.2.0	dev
:core:data	transitive	androidx.savedstate:savedstate:1.2.0	prod
:core:data	transitive	androidx.savedstate:savedstate:1.2.1	prod
:core:data	transitive	androidx.savedstate:savedstate:1.3.2	dev
:core:data	transitive	androidx.savedstate:savedstate:1.3.2	prod
:core:data	transitive	androidx.sqlite:sqlite-android:2.6.1	dev
:core:data	transitive	androidx.sqlite:sqlite-android:2.6.1	prod
:core:data	transitive	androidx.sqlite:sqlite-framework-android:2.6.1	dev
:core:data	transitive	androidx.sqlite:sqlite-framework-android:2.6.1	prod
:core:data	transitive	androidx.sqlite:sqlite-framework:2.6.1	dev
:core:data	transitive	androidx.sqlite:sqlite-framework:2.6.1	prod
:core:data	transitive	androidx.sqlite:sqlite:2.6.1	dev
:core:data	transitive	androidx.sqlite:sqlite:2.6.1	prod
:core:data	transitive	androidx.startup:startup-runtime:1.1.1	dev
:core:data	transitive	androidx.startup:startup-runtime:1.1.1	prod
:core:data	transitive	androidx.test.services:storage:1.6.0-rc01	dev
:core:data	transitive	androidx.test:core:1.4.0	dev
:core:data	transitive	androidx.test:monitor:1.8.0-rc01	dev
:core:data	transitive	androidx.test:rules:1.7.0-rc01	dev
:core:data	transitive	androidx.test:runner:1.7.0-rc01	dev
:core:data	transitive	androidx.tracing:tracing-ktx:1.3.0-alpha02	dev
:core:data	transitive	androidx.tracing:tracing:1.3.0-alpha02	dev
:core:data	transitive	androidx.tracing:tracing:1.3.0-alpha02	prod
:core:data	transitive	androidx.transition:transition:1.6.0	dev
:core:data	transitive	androidx.transition:transition:1.6.0	prod
:core:data	transitive	androidx.vectordrawable:vectordrawable-animated:1.1.0	dev
:core:data	transitive	androidx.vectordrawable:vectordrawable-animated:1.1.0	prod
:core:data	transitive	androidx.vectordrawable:vectordrawable:1.1.0	dev
:core:data	transitive	androidx.vectordrawable:vectordrawable:1.1.0	prod
:core:data	transitive	androidx.versionedparcelable:versionedparcelable:1.1.1	dev
:core:data	transitive	androidx.versionedparcelable:versionedparcelable:1.1.1	prod
:core:data	transitive	androidx.viewpager:viewpager:1.0.0	dev
:core:data	transitive	androidx.viewpager:viewpager:1.0.0	prod
:core:data	transitive	com.caverock:androidsvg-aar:1.4	dev
:core:data	transitive	com.caverock:androidsvg-aar:1.4	prod
:core:data	transitive	com.google.android.gms:play-services-ads-identifier:18.0.0	dev
:core:data	transitive	com.google.android.gms:play-services-ads-identifier:18.0.0	prod
:core:data	transitive	com.google.android.gms:play-services-base:18.5.0	dev
:core:data	transitive	com.google.android.gms:play-services-base:18.5.0	prod
:core:data	transitive	com.google.android.gms:play-services-basement:18.4.0	dev
:core:data	transitive	com.google.android.gms:play-services-basement:18.4.0	prod
:core:data	transitive	com.google.android.gms:play-services-measurement-api:22.1.2	dev
:core:data	transitive	com.google.android.gms:play-services-measurement-api:22.1.2	prod
:core:data	transitive	com.google.android.gms:play-services-measurement-base:22.1.2	dev
:core:data	transitive	com.google.android.gms:play-services-measurement-base:22.1.2	prod
:core:data	transitive	com.google.android.gms:play-services-measurement-impl:22.1.2	dev
:core:data	transitive	com.google.android.gms:play-services-measurement-impl:22.1.2	prod
:core:data	transitive	com.google.android.gms:play-services-measurement-sdk-api:22.1.2	dev
:core:data	transitive	com.google.android.gms:play-services-measurement-sdk-api:22.1.2	prod
:core:data	transitive	com.google.android.gms:play-services-measurement-sdk:22.1.2	dev
:core:data	transitive	com.google.android.gms:play-services-measurement-sdk:22.1.2	prod
:core:data	transitive	com.google.android.gms:play-services-measurement:22.1.2	dev
:core:data	transitive	com.google.android.gms:play-services-measurement:22.1.2	prod
:core:data	transitive	com.google.android.gms:play-services-stats:17.0.2	dev
:core:data	transitive	com.google.android.gms:play-services-stats:17.0.2	prod
:core:data	transitive	com.google.android.gms:play-services-tasks:18.2.0	dev
:core:data	transitive	com.google.android.gms:play-services-tasks:18.2.0	prod
:core:data	transitive	com.google.code.findbugs:jsr305:3.0.2	dev
:core:data	transitive	com.google.code.findbugs:jsr305:3.0.2	prod
:core:data	transitive	com.google.dagger:dagger-lint-aar:2.59	dev
:core:data	transitive	com.google.dagger:dagger-lint-aar:2.59	prod
:core:data	transitive	com.google.dagger:dagger:2.59	dev
:core:data	transitive	com.google.dagger:dagger:2.59	prod
:core:data	transitive	com.google.dagger:hilt-android-testing:2.59	dev
:core:data	transitive	com.google.dagger:hilt-android:2.59	dev
:core:data	transitive	com.google.dagger:hilt-core:2.59	dev
:core:data	transitive	com.google.dagger:hilt-core:2.59	prod
:core:data	transitive	com.google.errorprone:error_prone_annotations:2.26.0	dev
:core:data	transitive	com.google.errorprone:error_prone_annotations:2.26.0	prod
:core:data	transitive	com.google.firebase:firebase-analytics:22.1.2	dev
:core:data	transitive	com.google.firebase:firebase-analytics:22.1.2	prod
:core:data	transitive	com.google.firebase:firebase-annotations:16.2.0	dev
:core:data	transitive	com.google.firebase:firebase-annotations:16.2.0	prod
:core:data	transitive	com.google.firebase:firebase-bom:33.7.0	dev
:core:data	transitive	com.google.firebase:firebase-bom:33.7.0	prod
:core:data	transitive	com.google.firebase:firebase-common-ktx:21.0.0	dev
:core:data	transitive	com.google.firebase:firebase-common-ktx:21.0.0	prod
:core:data	transitive	com.google.firebase:firebase-common:21.0.0	dev
:core:data	transitive	com.google.firebase:firebase-common:21.0.0	prod
:core:data	transitive	com.google.firebase:firebase-components:18.0.0	dev
:core:data	transitive	com.google.firebase:firebase-components:18.0.0	prod
:core:data	transitive	com.google.firebase:firebase-installations-interop:17.1.1	dev
:core:data	transitive	com.google.firebase:firebase-installations-interop:17.1.1	prod
:core:data	transitive	com.google.firebase:firebase-installations:18.0.0	dev
:core:data	transitive	com.google.firebase:firebase-installations:18.0.0	prod
:core:data	transitive	com.google.firebase:firebase-measurement-connector:19.0.0	dev
:core:data	transitive	com.google.firebase:firebase-measurement-connector:19.0.0	prod
:core:data	transitive	com.google.guava:failureaccess:1.0.1	dev
:core:data	transitive	com.google.guava:failureaccess:1.0.1	prod
:core:data	transitive	com.google.guava:guava:31.1-android	dev
:core:data	transitive	com.google.guava:guava:31.1-android	prod
:core:data	transitive	com.google.guava:listenablefuture:1.0	dev
:core:data	transitive	com.google.guava:listenablefuture:1.0	prod
:core:data	transitive	com.google.guava:listenablefuture:9999.0-empty-to-avoid-conflict-with-guava	dev
:core:data	transitive	com.google.guava:listenablefuture:9999.0-empty-to-avoid-conflict-with-guava	prod
:core:data	transitive	com.google.j2objc:j2objc-annotations:1.3	dev
:core:data	transitive	com.google.j2objc:j2objc-annotations:1.3	prod
:core:data	transitive	com.google.protobuf:protobuf-javalite:4.29.2	dev
:core:data	transitive	com.google.protobuf:protobuf-javalite:4.29.2	prod
:core:data	transitive	com.google.protobuf:protobuf-kotlin-lite:4.29.2	dev
:core:data	transitive	com.google.protobuf:protobuf-kotlin-lite:4.29.2	prod
:core:data	transitive	com.squareup.okhttp3:logging-interceptor:4.12.0	dev
:core:data	transitive	com.squareup.okhttp3:logging-interceptor:4.12.0	prod
:core:data	transitive	com.squareup.okhttp3:okhttp:4.12.0	dev
:core:data	transitive	com.squareup.okhttp3:okhttp:4.12.0	prod
:core:data	transitive	com.squareup.okio:okio-jvm:3.9.1	dev
:core:data	transitive	com.squareup.okio:okio-jvm:3.9.1	prod
:core:data	transitive	com.squareup.okio:okio:3.9.1	dev
:core:data	transitive	com.squareup.okio:okio:3.9.1	prod
:core:data	transitive	com.squareup.retrofit2:converter-kotlinx-serialization:2.11.0	dev
:core:data	transitive	com.squareup.retrofit2:converter-kotlinx-serialization:2.11.0	prod
:core:data	transitive	com.squareup.retrofit2:retrofit:2.11.0	dev
:core:data	transitive	com.squareup.retrofit2:retrofit:2.11.0	prod
:core:data	transitive	io.coil-kt:coil-base:2.7.0	dev
:core:data	transitive	io.coil-kt:coil-base:2.7.0	prod
:core:data	transitive	io.coil-kt:coil-svg:2.7.0	dev
:core:data	transitive	io.coil-kt:coil-svg:2.7.0	prod
:core:data	transitive	io.coil-kt:coil:2.7.0	dev
:core:data	transitive	io.coil-kt:coil:2.7.0	prod
:core:data	transitive	jakarta.inject:jakarta.inject-api:2.0.1	dev
:core:data	transitive	jakarta.inject:jakarta.inject-api:2.0.1	prod
:core:data	transitive	javax.inject:javax.inject:1	dev
:core:data	transitive	javax.inject:javax.inject:1	prod
:core:data	transitive	org.checkerframework:checker-qual:3.12.0	dev
:core:data	transitive	org.checkerframework:checker-qual:3.12.0	prod
:core:data	transitive	org.hamcrest:hamcrest-core:1.3	dev
:core:data	transitive	org.jetbrains.kotlin:kotlin-stdlib-common:2.3.0	dev
:core:data	transitive	org.jetbrains.kotlin:kotlin-stdlib-common:2.3.0	prod
:core:data	transitive	org.jetbrains.kotlin:kotlin-stdlib-jdk7:1.8.21	dev
:core:data	transitive	org.jetbrains.kotlin:kotlin-stdlib-jdk7:1.8.21	prod
:core:data	transitive	org.jetbrains.kotlin:kotlin-stdlib-jdk7:1.8.22	dev
:core:data	transitive	org.jetbrains.kotlin:kotlin-stdlib-jdk7:1.8.22	prod
:core:data	transitive	org.jetbrains.kotlin:kotlin-stdlib-jdk8:1.8.21	dev
:core:data	transitive	org.jetbrains.kotlin:kotlin-stdlib-jdk8:1.8.21	prod
:core:data	transitive	org.jetbrains.kotlin:kotlin-stdlib-jdk8:1.8.22	dev
:core:data	transitive	org.jetbrains.kotlin:kotlin-stdlib-jdk8:1.8.22	prod
:core:data	transitive	org.jetbrains.kotlin:kotlin-stdlib:2.3.0	dev
:core:data	transitive	org.jetbrains.kotlinx:kotlinx-coroutines-android:1.10.1	dev
:core:data	transitive	org.jetbrains.kotlinx:kotlinx-coroutines-android:1.10.1	prod
:core:data	transitive	org.jetbrains.kotlinx:kotlinx-coroutines-android:1.9.0	prod
:core:data	transitive	org.jetbrains.kotlinx:kotlinx-coroutines-bom:1.10.1	dev
:core:data	transitive	org.jetbrains.kotlinx:kotlinx-coroutines-bom:1.10.1	prod
:core:data	transitive	org.jetbrains.kotlinx:kotlinx-coroutines-bom:1.9.0	prod
:core:data	transitive	org.jetbrains.kotlinx:kotlinx-coroutines-core-jvm:1.10.1	dev
:core:data	transitive	org.jetbrains.kotlinx:kotlinx-coroutines-core-jvm:1.10.1	prod
:core:data	transitive	org.jetbrains.kotlinx:kotlinx-coroutines-core-jvm:1.9.0	prod
:core:data	transitive	org.jetbrains.kotlinx:kotlinx-coroutines-core:1.10.1	dev
:core:data	transitive	org.jetbrains.kotlinx:kotlinx-coroutines-core:1.10.1	prod
:core:data	transitive	org.jetbrains.kotlinx:kotlinx-coroutines-core:1.9.0	prod
:core:data	transitive	org.jetbrains.kotlinx:kotlinx-coroutines-play-services:1.10.1	dev
:core:data	transitive	org.jetbrains.kotlinx:kotlinx-coroutines-play-services:1.10.1	prod
:core:data	transitive	org.jetbrains.kotlinx:kotlinx-coroutines-test-jvm:1.10.1	dev
:core:data	transitive	org.jetbrains.kotlinx:kotlinx-datetime-jvm:0.6.1	dev
:core:data	transitive	org.jetbrains.kotlinx:kotlinx-datetime-jvm:0.6.1	prod
:core:data	transitive	org.jetbrains.kotlinx:kotlinx-datetime:0.6.1	dev
:core:data	transitive	org.jetbrains.kotlinx:kotlinx-datetime:0.6.1	prod
:core:data	transitive	org.jetbrains.kotlinx:kotlinx-serialization-bom:1.8.0	dev
:core:data	transitive	org.jetbrains.kotlinx:kotlinx-serialization-bom:1.8.0	prod
:core:data	transitive	org.jetbrains.kotlinx:kotlinx-serialization-core-jvm:1.8.0	dev
:core:data	transitive	org.jetbrains.kotlinx:kotlinx-serialization-core-jvm:1.8.0	prod
:core:data	transitive	org.jetbrains.kotlinx:kotlinx-serialization-core:1.8.0	dev
:core:data	transitive	org.jetbrains.kotlinx:kotlinx-serialization-core:1.8.0	prod
:core:data	transitive	org.jetbrains.kotlinx:kotlinx-serialization-json-jvm:1.8.0	dev
:core:data	transitive	org.jetbrains.kotlinx:kotlinx-serialization-json-jvm:1.8.0	prod
:core:data	transitive	org.jetbrains.kotlinx:kotlinx-serialization-json:1.8.0	prod
:core:data	transitive	org.jetbrains:annotations:23.0.0	dev
:core:data	transitive	org.jetbrains:annotations:23.0.0	prod
:core:data	transitive	org.jspecify:jspecify:1.0.0	dev
:core:data	transitive	org.jspecify:jspecify:1.0.0	prod
:core:data-test	direct	androidx.tracing:tracing-ktx:1.3.0-alpha02	dev
:core:data-test	direct	androidx.tracing:tracing-ktx:1.3.0-alpha02	prod
:core:data-test	direct	com.google.dagger:hilt-android-testing:2.59	dev
:core:data-test	direct	com.google.dagger:hilt-android-testing:2.59	prod
:core:data-test	direct	com.google.dagger:hilt-android:2.59	dev
:core:data-test	direct	com.google.dagger:hilt-android:2.59	prod
:core:data-test	direct	junit:junit:4.13.2	dev
:core:data-test	direct	org.jetbrains.kotlin:kotlin-stdlib:2.3.0	dev
:core:data-test	direct	org.jetbrains.kotlin:kotlin-stdlib:2.3.0	prod
:core:data-test	direct	org.jetbrains.kotlin:kotlin-test:2.3.0	dev
:core:data-test	transitive	androidx.activity:activity-compose:1.7.0	dev
:core:data-test	transitive	androidx.activity:activity-compose:1.7.0	prod
:core:data-test	transitive	androidx.activity:activity-ktx:1.7.0	dev
:core:data-test	transitive	androidx.activity:activity-ktx:1.7.0	prod
:core:data-test	transitive	androidx.activity:activity:1.5.1	dev
:core:data-test	transitive	androidx.activity:activity:1.5.1	prod
:core:data-test	transitive	androidx.activity:activity:1.7.0	dev
:core:data-test	transitive	androidx.activity:activity:1.7.0	prod
:core:data-test	transitive	androidx.annotation:annotation-experimental:1.3.1	dev
:core:data-test	transitive	androidx.annotation:annotation-experimental:1.3.1	prod
:core:data-test	transitive	androidx.annotation:annotation-experimental:1.5.0	dev
:core:data-test	transitive	androidx.annotation:annotation-experimental:1.5.0	prod
:core:data-test	transitive	androidx.annotation:annotation-jvm:1.9.1	dev
:core:data-test	transitive	androidx.annotation:annotation-jvm:1.9.1	prod
:core:data-test	transitive	androidx.annotation:annotation:1.9.1	dev
:core:data-test	transitive	androidx.annotation:annotation:1.9.1	prod
:core:data-test	transitive	androidx.appcompat:appcompat-resources:1.6.1	dev
:core:data-test	transitive	androidx.appcompat:appcompat-resources:1.6.1	prod
:core:data-test	transitive	androidx.arch.core:core-common:2.1.0	dev
:core:data-test	transitive	androidx.arch.core:core-common:2.1.0	prod
:core:data-test	transitive	androidx.arch.core:core-common:2.2.0	dev
:core:data-test	transitive	androidx.arch.core:core-common:2.2.0	prod
:core:data-test	transitive	androidx.arch.core:core-runtime:2.0.0	dev
:core:data-test	transitive	androidx.arch.core:core-runtime:2.0.0	prod
:core:data-test	transitive	androidx.arch.core:core-runtime:2.2.0	dev
:core:data-test	transitive	androidx.arch.core:core-runtime:2.2.0	prod
:core:data-test	transitive	androidx.autofill:autofill:1.0.0	dev
:core:data-test	transitive	androidx.autofill:autofill:1.0.0	prod
:core:data-test	transitive	androidx.collection:collection-jvm:1.5.0	dev
:core:data-test	transitive	androidx.collection:collection-jvm:1.5.0	prod
:core:data-test	transitive	androidx.collection:collection-ktx:1.5.0	dev
:core:data-test	transitive	androidx.collection:collection-ktx:1.5.0	prod
:core:data-test	transitive	androidx.collection:collection:1.1.0	dev
:core:data-test	transitive	androidx.collection:collection:1.1.0	prod
:core:data-test	transitive	androidx.collection:collection:1.5.0	dev
:core:data-test	transitive	androidx.collection:collection:1.5.0	prod
:core:data-test	transitive	androidx.compose.animation:animation-android:1.10.0-alpha04	dev
:core:data-test	transitive	androidx.compose.animation:animation-android:1.10.0-alpha04	prod
:core:data-test	transitive	androidx.compose.animation:animation-core-android:1.10.0-alpha04	dev
:core:data-test	transitive	androidx.compose.animation:animation-core-android:1.10.0-alpha04	prod
:core:data-test	transitive	androidx.compose.animation:animation-core:1.10.0-alpha04	dev
:core:data-test	transitive	androidx.compose.animation:animation-core:1.10.0-alpha04	prod
:core:data-test	transitive	androidx.compose.animation:animation:1.10.0-alpha04	dev
:core:data-test	transitive	androidx.compose.animation:animation:1.10.0-alpha04	prod
:core:data-test	transitive	androidx.compose.foundation:foundation-android:1.10.0-alpha04	dev
:core:data-test	transitive	androidx.compose.foundation:foundation-android:1.10.0-alpha04	prod
:core:data-test	transitive	androidx.compose.foundation:foundation-layout-android:1.10.0-alpha04	dev
:core:data-test	transitive	androidx.compose.foundation:foundation-layout-android:1.10.0-alpha04	prod
:core:data-test	transitive	androidx.compose.foundation:foundation-layout:1.10.0-alpha04	dev
:core:data-test	transitive	androidx.compose.foundation:foundation-layout:1.10.0-alpha04	prod
:core:data-test	transitive	androidx.compose.foundation:foundation:1.10.0-alpha04	dev
:core:data-test	transitive	androidx.compose.foundation:foundation:1.10.0-alpha04	prod
:core:data-test	transitive	androidx.compose.material:material-android:1.10.0-alpha04	dev
:core:data-test	transitive	androidx.compose.material:material-android:1.10.0-alpha04	prod
:core:data-test	transitive	androidx.compose.material:material-ripple-android:1.10.0-alpha04	dev
:core:data-test	transitive	androidx.compose.material:material-ripple-android:1.10.0-alpha04	prod
:core:data-test	transitive	androidx.compose.material:material-ripple:1.10.0-alpha04	dev
:core:data-test	transitive	androidx.compose.material:material-ripple:1.10.0-alpha04	prod
:core:data-test	transitive	androidx.compose.material:material:1.10.0-alpha04	dev
:core:data-test	transitive	androidx.compose.material:material:1.10.0-alpha04	prod
:core:data-test	transitive	androidx.compose.runtime:runtime-android:1.10.0-alpha04	dev
:core:data-test	transitive	androidx.compose.runtime:runtime-android:1.10.0-alpha04	prod
:core:data-test	transitive	androidx.compose.runtime:runtime-annotation-android:1.10.0-alpha04	dev
:core:data-test	transitive	androidx.compose.runtime:runtime-annotation-android:1.10.0-alpha04	prod
:core:data-test	transitive	androidx.compose.runtime:runtime-annotation:1.10.0-alpha04	dev
:core:data-test	transitive	androidx.compose.runtime:runtime-annotation:1.10.0-alpha04	prod
:core:data-test	transitive	androidx.compose.runtime:runtime-retain-android:1.10.0-alpha04	dev
:core:data-test	transitive	androidx.compose.runtime:runtime-retain-android:1.10.0-alpha04	prod
:core:data-test	transitive	androidx.compose.runtime:runtime-retain:1.10.0-alpha04	dev
:core:data-test	transitive	androidx.compose.runtime:runtime-retain:1.10.0-alpha04	prod
:core:data-test	transitive	androidx.compose.runtime:runtime-saveable-android:1.10.0-alpha04	dev
:core:data-test	transitive	androidx.compose.runtime:runtime-saveable-android:1.10.0-alpha04	prod
:core:data-test	transitive	androidx.compose.runtime:runtime-saveable:1.10.0-alpha04	dev
:core:data-test	transitive	androidx.compose.runtime:runtime-saveable:1.10.0-alpha04	prod
:core:data-test	transitive	androidx.compose.runtime:runtime:1.10.0-alpha04	dev
:core:data-test	transitive	androidx.compose.runtime:runtime:1.10.0-alpha04	prod
:core:data-test	transitive	androidx.compose.ui:ui-android:1.10.0-alpha04	dev
:core:data-test	transitive	androidx.compose.ui:ui-android:1.10.0-alpha04	prod
:core:data-test	transitive	androidx.compose.ui:ui-geometry-android:1.10.0-alpha04	dev
:core:data-test	transitive	androidx.compose.ui:ui-geometry-android:1.10.0-alpha04	prod
:core:data-test	transitive	androidx.compose.ui:ui-geometry:1.10.0-alpha04	dev
:core:data-test	transitive	androidx.compose.ui:ui-geometry:1.10.0-alpha04	prod
:core:data-test	transitive	androidx.compose.ui:ui-graphics-android:1.10.0-alpha04	dev
:core:data-test	transitive	androidx.compose.ui:ui-graphics-android:1.10.0-alpha04	prod
:core:data-test	transitive	androidx.compose.ui:ui-graphics:1.10.0-alpha04	dev
:core:data-test	transitive	androidx.compose.ui:ui-graphics:1.10.0-alpha04	prod
:core:data-test	transitive	androidx.compose.ui:ui-text-android:1.10.0-alpha04	dev
:core:data-test	transitive	androidx.compose.ui:ui-text-android:1.10.0-alpha04	prod
:core:data-test	transitive	androidx.compose.ui:ui-text:1.10.0-alpha04	dev
:core:data-test	transitive	androidx.compose.ui:ui-text:1.10.0-alpha04	prod
:core:data-test	transitive	androidx.compose.ui:ui-tooling-android:1.10.0-alpha04	dev
:core:data-test	transitive	androidx.compose.ui:ui-tooling-android:1.10.0-alpha04	prod
:core:data-test	transitive	androidx.compose.ui:ui-tooling-data-android:1.10.0-alpha04	dev
:core:data-test	transitive	androidx.compose.ui:ui-tooling-data-android:1.10.0-alpha04	prod
:core:data-test	transitive	androidx.compose.ui:ui-tooling-data:1.10.0-alpha04	dev
:core:data-test	transitive	androidx.compose.ui:ui-tooling-data:1.10.0-alpha04	prod
:core:data-test	transitive	androidx.compose.ui:ui-tooling-preview-android:1.10.0-alpha04	dev
:core:data-test	transitive	androidx.compose.ui:ui-tooling-preview-android:1.10.0-alpha04	prod
:core:data-test	transitive	androidx.compose.ui:ui-tooling-preview:1.10.0-alpha04	dev
:core:data-test	transitive	androidx.compose.ui:ui-tooling-preview:1.10.0-alpha04	prod
:core:data-test	transitive	androidx.compose.ui:ui-tooling:1.10.0-alpha04	dev
:core:data-test	transitive	androidx.compose.ui:ui-tooling:1.10.0-alpha04	prod
:core:data-test	transitive	androidx.compose.ui:ui-unit-android:1.10.0-alpha04	dev
:core:data-test	transitive	androidx.compose.ui:ui-unit-android:1.10.0-alpha04	prod
:core:data-test	transitive	androidx.compose.ui:ui-unit:1.10.0-alpha04	dev
:core:data-test	transitive	androidx.compose.ui:ui-unit:1.10.0-alpha04	prod
:core:data-test	transitive	androidx.compose.ui:ui-util-android:1.10.0-alpha04	dev
:core:data-test	transitive	androidx.compose.ui:ui-util-android:1.10.0-alpha04	prod
:core:data-test	transitive	androidx.compose.ui:ui-util:1.10.0-alpha04	dev
:core:data-test	transitive	androidx.compose.ui:ui-util:1.10.0-alpha04	prod
:core:data-test	transitive	androidx.compose.ui:ui:1.10.0-alpha04	dev
:core:data-test	transitive	androidx.compose.ui:ui:1.10.0-alpha04	prod
:core:data-test	transitive	androidx.compose:compose-bom-alpha:2025.09.01	dev
:core:data-test	transitive	androidx.compose:compose-bom-alpha:2025.09.01	prod
:core:data-test	transitive	androidx.concurrent:concurrent-futures:1.1.0	dev
:core:data-test	transitive	androidx.concurrent:concurrent-futures:1.1.0	prod
:core:data-test	transitive	androidx.core:core-ktx:1.12.0	prod
:core:data-test	transitive	androidx.core:core-ktx:1.16.0	dev
:core:data-test	transitive	androidx.core:core-ktx:1.16.0	prod
:core:data-test	transitive	androidx.core:core-ktx:1.2.0	dev
:core:data-test	transitive	androidx.core:core-ktx:1.2.0	prod
:core:data-test	transitive	androidx.core:core-viewtree:1.0.0	dev
:core:data-test	transitive	androidx.core:core-viewtree:1.0.0	prod
:core:data-test	transitive	androidx.core:core:1.12.0	prod
:core:data-test	transitive	androidx.core:core:1.16.0	dev
:core:data-test	transitive	androidx.core:core:1.16.0	prod
:core:data-test	transitive	androidx.core:core:1.8.0	dev
:core:data-test	transitive	androidx.core:core:1.8.0	prod
:core:data-test	transitive	androidx.customview:customview-poolingcontainer:1.0.0	dev
:core:data-test	transitive	androidx.customview:customview-poolingcontainer:1.0.0	prod
:core:data-test	transitive	androidx.customview:customview:1.0.0	dev
:core:data-test	transitive	androidx.customview:customview:1.0.0	prod
:core:data-test	transitive	androidx.datastore:datastore-android:1.2.0	dev
:core:data-test	transitive	androidx.datastore:datastore-android:1.2.0	prod
:core:data-test	transitive	androidx.datastore:datastore-core-android:1.2.0	dev
:core:data-test	transitive	androidx.datastore:datastore-core-android:1.2.0	prod
:core:data-test	transitive	androidx.datastore:datastore-core-okio-jvm:1.2.0	dev
:core:data-test	transitive	androidx.datastore:datastore-core-okio-jvm:1.2.0	prod
:core:data-test	transitive	androidx.datastore:datastore-core-okio:1.2.0	dev
:core:data-test	transitive	androidx.datastore:datastore-core-okio:1.2.0	prod
:core:data-test	transitive	androidx.datastore:datastore-core:1.2.0	dev
:core:data-test	transitive	androidx.datastore:datastore-core:1.2.0	prod
:core:data-test	transitive	androidx.datastore:datastore:1.2.0	dev
:core:data-test	transitive	androidx.datastore:datastore:1.2.0	prod
:core:data-test	transitive	androidx.documentfile:documentfile:1.0.0	dev
:core:data-test	transitive	androidx.documentfile:documentfile:1.0.0	prod
:core:data-test	transitive	androidx.dynamicanimation:dynamicanimation:1.0.0	dev
:core:data-test	transitive	androidx.dynamicanimation:dynamicanimation:1.0.0	prod
:core:data-test	transitive	androidx.emoji2:emoji2:1.4.0	dev
:core:data-test	transitive	androidx.emoji2:emoji2:1.4.0	prod
:core:data-test	transitive	androidx.exifinterface:exifinterface:1.3.7	dev
:core:data-test	transitive	androidx.exifinterface:exifinterface:1.3.7	prod
:core:data-test	transitive	androidx.fragment:fragment:1.5.1	dev
:core:data-test	transitive	androidx.fragment:fragment:1.5.1	prod
:core:data-test	transitive	androidx.graphics:graphics-path:1.0.1	dev
:core:data-test	transitive	androidx.graphics:graphics-path:1.0.1	prod
:core:data-test	transitive	androidx.interpolator:interpolator:1.0.0	dev
:core:data-test	transitive	androidx.interpolator:interpolator:1.0.0	prod
:core:data-test	transitive	androidx.legacy:legacy-support-core-utils:1.0.0	dev
:core:data-test	transitive	androidx.legacy:legacy-support-core-utils:1.0.0	prod
:core:data-test	transitive	androidx.lifecycle:lifecycle-common-jvm:2.9.4	dev
:core:data-test	transitive	androidx.lifecycle:lifecycle-common-jvm:2.9.4	prod
:core:data-test	transitive	androidx.lifecycle:lifecycle-common:2.5.1	dev
:core:data-test	transitive	androidx.lifecycle:lifecycle-common:2.5.1	prod
:core:data-test	transitive	androidx.lifecycle:lifecycle-common:2.7.0	prod
:core:data-test	transitive	androidx.lifecycle:lifecycle-common:2.9.4	dev
:core:data-test	transitive	androidx.lifecycle:lifecycle-common:2.9.4	prod
:core:data-test	transitive	androidx.lifecycle:lifecycle-livedata-core-ktx:2.7.0	prod
:core:data-test	transitive	androidx.lifecycle:lifecycle-livedata-core-ktx:2.9.4	dev
:core:data-test	transitive	androidx.lifecycle:lifecycle-livedata-core-ktx:2.9.4	prod
:core:data-test	transitive	androidx.lifecycle:lifecycle-livedata-core:2.5.1	dev
:core:data-test	transitive	androidx.lifecycle:lifecycle-livedata-core:2.5.1	prod
:core:data-test	transitive	androidx.lifecycle:lifecycle-livedata-core:2.7.0	prod
:core:data-test	transitive	androidx.lifecycle:lifecycle-livedata-core:2.9.4	dev
:core:data-test	transitive	androidx.lifecycle:lifecycle-livedata-core:2.9.4	prod
:core:data-test	transitive	androidx.lifecycle:lifecycle-livedata:2.0.0	dev
:core:data-test	transitive	androidx.lifecycle:lifecycle-livedata:2.0.0	prod
:core:data-test	transitive	androidx.lifecycle:lifecycle-livedata:2.7.0	prod
:core:data-test	transitive	androidx.lifecycle:lifecycle-livedata:2.9.4	dev
:core:data-test	transitive	androidx.lifecycle:lifecycle-livedata:2.9.4	prod
:core:data-test	transitive	androidx.lifecycle:lifecycle-process:2.9.4	dev
:core:data-test	transitive	androidx.lifecycle:lifecycle-process:2.9.4	prod
:core:data-test	transitive	androidx.lifecycle:lifecycle-runtime-android:2.9.4	dev
:core:data-test	transitive	androidx.lifecycle:lifecycle-runtime-android:2.9.4	prod
:core:data-test	transitive	androidx.lifecycle:lifecycle-runtime-compose-android:2.9.4	dev
:core:data-test	transitive	androidx.lifecycle:lifecycle-runtime-compose-android:2.9.4	prod
:core:data-test	transitive	androidx.lifecycle:lifecycle-runtime-compose:2.9.4	dev
:core:data-test	transitive	androidx.lifecycle:lifecycle-runtime-compose:2.9.4	prod
:core:data-test	transitive	androidx.lifecycle:lifecycle-runtime-ktx-android:2.9.4	dev
:core:data-test	transitive	androidx.lifecycle:lifecycle-runtime-ktx-android:2.9.4	prod
:core:data-test	transitive	androidx.lifecycle:lifecycle-runtime-ktx:2.9.4	dev
:core:data-test	transitive	androidx.lifecycle:lifecycle-runtime-ktx:2.9.4	prod
:core:data-test	transitive	androidx.lifecycle:lifecycle-runtime:2.5.1	dev
:core:data-test	transitive	androidx.lifecycle:lifecycle-runtime:2.5.1	prod
:core:data-test	transitive	androidx.lifecycle:lifecycle-runtime:2.7.0	prod
:core:data-test	transitive	androidx.lifecycle:lifecycle-runtime:2.9.4	dev
:core:data-test	transitive	androidx.lifecycle:lifecycle-runtime:2.9.4	prod
:core:data-test	transitive	androidx.lifecycle:lifecycle-viewmodel-android:2.9.4	dev
:core:data-test	transitive	androidx.lifecycle:lifecycle-viewmodel-android:2.9.4	prod
:core:data-test	transitive	androidx.lifecycle:lifecycle-viewmodel-ktx:2.9.4	dev
:core:data-test	transitive	androidx.lifecycle:lifecycle-viewmodel-ktx:2.9.4	prod
:core:data-test	transitive	androidx.lifecycle:lifecycle-viewmodel-savedstate-android:2.9.4	dev
:core:data-test	transitive	androidx.lifecycle:lifecycle-viewmodel-savedstate-android:2.9.4	prod
:core:data-test	transitive	androidx.lifecycle:lifecycle-viewmodel-savedstate:2.5.1	dev
:core:data-test	transitive	androidx.lifecycle:lifecycle-viewmodel-savedstate:2.5.1	prod
:core:data-test	transitive	androidx.lifecycle:lifecycle-viewmodel-savedstate:2.7.0	prod
:core:data-test	transitive	androidx.lifecycle:lifecycle-viewmodel-savedstate:2.9.4	dev
:core:data-test	transitive	androidx.lifecycle:lifecycle-viewmodel-savedstate:2.9.4	prod
:core:data-test	transitive	androidx.lifecycle:lifecycle-viewmodel:2.5.1	dev
:core:data-test	transitive	androidx.lifecycle:lifecycle-viewmodel:2.5.1	prod
:core:data-test	transitive	androidx.lifecycle:lifecycle-viewmodel:2.7.0	prod
:core:data-test	transitive	androidx.lifecycle:lifecycle-viewmodel:2.9.4	dev
:core:data-test	transitive	androidx.lifecycle:lifecycle-viewmodel:2.9.4	prod
:core:data-test	transitive	androidx.loader:loader:1.0.0	dev
:core:data-test	transitive	androidx.loader:loader:1.0.0	prod
:core:data-test	transitive	androidx.localbroadcastmanager:localbroadcastmanager:1.0.0	dev
:core:data-test	transitive	androidx.localbroadcastmanager:localbroadcastmanager:1.0.0	prod
:core:data-test	transitive	androidx.multidex:multidex:2.0.1	dev
:core:data-test	transitive	androidx.multidex:multidex:2.0.1	prod
:core:data-test	transitive	androidx.print:print:1.0.0	dev
:core:data-test	transitive	androidx.print:print:1.0.0	prod
:core:data-test	transitive	androidx.privacysandbox.ads:ads-adservices-java:1.0.0-beta05	dev
:core:data-test	transitive	androidx.privacysandbox.ads:ads-adservices-java:1.0.0-beta05	prod
:core:data-test	transitive	androidx.privacysandbox.ads:ads-adservices:1.0.0-beta05	dev
:core:data-test	transitive	androidx.privacysandbox.ads:ads-adservices:1.0.0-beta05	prod
:core:data-test	transitive	androidx.profileinstaller:profileinstaller:1.3.1	prod
:core:data-test	transitive	androidx.profileinstaller:profileinstaller:1.4.0	dev
:core:data-test	transitive	androidx.profileinstaller:profileinstaller:1.4.0	prod
:core:data-test	transitive	androidx.room:room-common-jvm:2.8.3	dev
:core:data-test	transitive	androidx.room:room-common-jvm:2.8.3	prod
:core:data-test	transitive	androidx.room:room-common:2.8.3	dev
:core:data-test	transitive	androidx.room:room-common:2.8.3	prod
:core:data-test	transitive	androidx.room:room-ktx:2.8.3	dev
:core:data-test	transitive	androidx.room:room-ktx:2.8.3	prod
:core:data-test	transitive	androidx.room:room-runtime-android:2.8.3	dev
:core:data-test	transitive	androidx.room:room-runtime-android:2.8.3	prod
:core:data-test	transitive	androidx.room:room-runtime:2.8.3	dev
:core:data-test	transitive	androidx.room:room-runtime:2.8.3	prod
:core:data-test	transitive	androidx.savedstate:savedstate-android:1.3.2	dev
:core:data-test	transitive	androidx.savedstate:savedstate-android:1.3.2	prod
:core:data-test	transitive	androidx.savedstate:savedstate-compose-android:1.3.2	dev
:core:data-test	transitive	androidx.savedstate:savedstate-compose-android:1.3.2	prod
:core:data-test	transitive	androidx.savedstate:savedstate-compose:1.3.2	dev
:core:data-test	transitive	androidx.savedstate:savedstate-compose:1.3.2	prod
:core:data-test	transitive	androidx.savedstate:savedstate-ktx:1.3.2	dev
:core:data-test	transitive	androidx.savedstate:savedstate-ktx:1.3.2	prod
:core:data-test	transitive	androidx.savedstate:savedstate:1.2.0	dev
:core:data-test	transitive	androidx.savedstate:savedstate:1.2.0	prod
:core:data-test	transitive	androidx.savedstate:savedstate:1.2.1	prod
:core:data-test	transitive	androidx.savedstate:savedstate:1.3.2	dev
:core:data-test	transitive	androidx.savedstate:savedstate:1.3.2	prod
:core:data-test	transitive	androidx.sqlite:sqlite-android:2.6.1	dev
:core:data-test	transitive	androidx.sqlite:sqlite-android:2.6.1	prod
:core:data-test	transitive	androidx.sqlite:sqlite-framework-android:2.6.1	dev
:core:data-test	transitive	androidx.sqlite:sqlite-framework-android:2.6.1	prod
:core:data-test	transitive	androidx.sqlite:sqlite-framework:2.6.1	dev
:core:data-test	transitive	androidx.sqlite:sqlite-framework:2.6.1	prod
:core:data-test	transitive	androidx.sqlite:sqlite:2.6.1	dev
:core:data-test	transitive	androidx.sqlite:sqlite:2.6.1	prod
:core:data-test	transitive	androidx.startup:startup-runtime:1.1.1	dev
:core:data-test	transitive	androidx.startup:startup-runtime:1.1.1	prod
:core:data-test	transitive	androidx.test:core:1.4.0	dev
:core:data-test	transitive	androidx.test:core:1.4.0	prod
:core:data-test	transitive	androidx.test:monitor:1.4.0	dev
:core:data-test	transitive	androidx.test:monitor:1.4.0	prod
:core:data-test	transitive	androidx.tracing:tracing-ktx:1.3.0-alpha02	dev
:core:data-test	transitive	androidx.tracing:tracing:1.3.0-alpha02	dev
:core:data-test	transitive	androidx.tracing:tracing:1.3.0-alpha02	prod
:core:data-test	transitive	androidx.transition:transition:1.6.0	dev
:core:data-test	transitive	androidx.transition:transition:1.6.0	prod
:core:data-test	transitive	androidx.vectordrawable:vectordrawable-animated:1.1.0	dev
:core:data-test	transitive	androidx.vectordrawable:vectordrawable-animated:1.1.0	prod
:core:data-test	transitive	androidx.vectordrawable:vectordrawable:1.1.0	dev
:core:data-test	transitive	androidx.vectordrawable:vectordrawable:1.1.0	prod
:core:data-test	transitive	androidx.versionedparcelable:versionedparcelable:1.1.1	dev
:core:data-test	transitive	androidx.versionedparcelable:versionedparcelable:1.1.1	prod
:core:data-test	transitive	androidx.viewpager:viewpager:1.0.0	dev
:core:data-test	transitive	androidx.viewpager:viewpager:1.0.0	prod
:core:data-test	transitive	com.caverock:androidsvg-aar:1.4	dev
:core:data-test	transitive	com.caverock:androidsvg-aar:1.4	prod
:core:data-test	transitive	com.google.android.gms:play-services-ads-identifier:18.0.0	dev
:core:data-test	transitive	com.google.android.gms:play-services-ads-identifier:18.0.0	prod
:core:data-test	transitive	com.google.android.gms:play-services-base:18.5.0	dev
:core:data-test	transitive	com.google.android.gms:play-services-base:18.5.0	prod
:core:data-test	transitive	com.google.android.gms:play-services-basement:18.4.0	dev
:core:data-test	transitive	com.google.android.gms:play-services-basement:18.4.0	prod
:core:data-test	transitive	com.google.android.gms:play-services-measurement-api:22.1.2	dev
:core:data-test	transitive	com.google.android.gms:play-services-measurement-api:22.1.2	prod
:core:data-test	transitive	com.google.android.gms:play-services-measurement-base:22.1.2	dev
:core:data-test	transitive	com.google.android.gms:play-services-measurement-base:22.1.2	prod
:core:data-test	transitive	com.google.android.gms:play-services-measurement-impl:22.1.2	dev
:core:data-test	transitive	com.google.android.gms:play-services-measurement-impl:22.1.2	prod
:core:data-test	transitive	com.google.android.gms:play-services-measurement-sdk-api:22.1.2	dev
:core:data-test	transitive	com.google.android.gms:play-services-measurement-sdk-api:22.1.2	prod
:core:data-test	transitive	com.google.android.gms:play-services-measurement-sdk:22.1.2	dev
:core:data-test	transitive	com.google.android.gms:play-services-measurement-sdk:22.1.2	prod
:core:data-test	transitive	com.google.android.gms:play-services-measurement:22.1.2	dev
:core:data-test	transitive	com.google.android.gms:play-services-measurement:22.1.2	prod
:core:data-test	transitive	com.google.android.gms:play-services-stats:17.0.2	dev
:core:data-test	transitive	com.google.android.gms:play-services-stats:17.0.2	prod
:core:data-test	transitive	com.google.android.gms:play-services-tasks:18.2.0	dev
:core:data-test	transitive	com.google.android.gms:play-services-tasks:18.2.0	prod
:core:data-test	transitive	com.google.code.findbugs:jsr305:3.0.2	dev
:core:data-test	transitive	com.google.code.findbugs:jsr305:3.0.2	prod
:core:data-test	transitive	com.google.dagger:dagger-lint-aar:2.59	dev
:core:data-test	transitive	com.google.dagger:dagger-lint-aar:2.59	prod
:core:data-test	transitive	com.google.dagger:dagger:2.59	dev
:core:data-test	transitive	com.google.dagger:dagger:2.59	prod
:core:data-test	transitive	com.google.dagger:hilt-android-testing:2.59	dev
:core:data-test	transitive	com.google.dagger:hilt-android:2.59	dev
:core:data-test	transitive	com.google.dagger:hilt-core:2.59	dev
:core:data-test	transitive	com.google.dagger:hilt-core:2.59	prod
:core:data-test	transitive	com.google.errorprone:error_prone_annotations:2.26.0	dev
:core:data-test	transitive	com.google.errorprone:error_prone_annotations:2.26.0	prod
:core:data-test	transitive	com.google.firebase:firebase-analytics:22.1.2	dev
:core:data-test	transitive	com.google.firebase:firebase-analytics:22.1.2	prod
:core:data-test	transitive	com.google.firebase:firebase-annotations:16.2.0	dev
:core:data-test	transitive	com.google.firebase:firebase-annotations:16.2.0	prod
:core:data-test	transitive	com.google.firebase:firebase-bom:33.7.0	dev
:core:data-test	transitive	com.google.firebase:firebase-bom:33.7.0	prod
:core:data-test	transitive	com.google.firebase:firebase-common-ktx:21.0.0	dev
:core:data-test	transitive	com.google.firebase:firebase-common-ktx:21.0.0	prod
:core:data-test	transitive	com.google.firebase:firebase-common:21.0.0	dev
:core:data-test	transitive	com.google.firebase:firebase-common:21.0.0	prod
:core:data-test	transitive	com.google.firebase:firebase-components:18.0.0	dev
:core:data-test	transitive	com.google.firebase:firebase-components:18.0.0	prod
:core:data-test	transitive	com.google.firebase:firebase-installations-interop:17.1.1	dev
:core:data-test	transitive	com.google.firebase:firebase-installations-interop:17.1.1	prod
:core:data-test	transitive	com.google.firebase:firebase-installations:18.0.0	dev
:core:data-test	transitive	com.google.firebase:firebase-installations:18.0.0	prod
:core:data-test	transitive	com.google.firebase:firebase-measurement-connector:19.0.0	dev
:core:data-test	transitive	com.google.firebase:firebase-measurement-connector:19.0.0	prod
:core:data-test	transitive	com.google.guava:failureaccess:1.0.1	dev
:core:data-test	transitive	com.google.guava:failureaccess:1.0.1	prod
:core:data-test	transitive	com.google.guava:guava:31.1-android	dev
:core:data-test	transitive	com.google.guava:guava:31.1-android	prod
:core:data-test	transitive	com.google.guava:listenablefuture:1.0	dev
:core:data-test	transitive	com.google.guava:listenablefuture:1.0	prod
:core:data-test	transitive	com.google.guava:listenablefuture:9999.0-empty-to-avoid-conflict-with-guava	dev
:core:data-test	transitive	com.google.guava:listenablefuture:9999.0-empty-to-avoid-conflict-with-guava	prod
:core:data-test	transitive	com.google.j2objc:j2objc-annotations:1.3	dev
:core:data-test	transitive	com.google.j2objc:j2objc-annotations:1.3	prod
:core:data-test	transitive	com.google.protobuf:protobuf-javalite:4.29.2	dev
:core:data-test	transitive	com.google.protobuf:protobuf-javalite:4.29.2	prod
:core:data-test	transitive	com.google.protobuf:protobuf-kotlin-lite:4.29.2	dev
:core:data-test	transitive	com.google.protobuf:protobuf-kotlin-lite:4.29.2	prod
:core:data-test	transitive	com.squareup.okhttp3:logging-interceptor:4.12.0	dev
:core:data-test	transitive	com.squareup.okhttp3:logging-interceptor:4.12.0	prod
:core:data-test	transitive	com.squareup.okhttp3:okhttp:4.12.0	dev
:core:data-test	transitive	com.squareup.okhttp3:okhttp:4.12.0	prod
:core:data-test	transitive	com.squareup.okio:okio-jvm:3.9.1	dev
:core:data-test	transitive	com.squareup.okio:okio-jvm:3.9.1	prod
:core:data-test	transitive	com.squareup.okio:okio:3.9.1	dev
:core:data-test	transitive	com.squareup.okio:okio:3.9.1	prod
:core:data-test	transitive	com.squareup.retrofit2:converter-kotlinx-serialization:2.11.0	dev
:core:data-test	transitive	com.squareup.retrofit2:converter-kotlinx-serialization:2.11.0	prod
:core:data-test	transitive	com.squareup.retrofit2:retrofit:2.11.0	dev
:core:data-test	transitive	com.squareup.retrofit2:retrofit:2.11.0	prod
:core:data-test	transitive	io.coil-kt:coil-base:2.7.0	dev
:core:data-test	transitive	io.coil-kt:coil-base:2.7.0	prod
:core:data-test	transitive	io.coil-kt:coil-svg:2.7.0	dev
:core:data-test	transitive	io.coil-kt:coil-svg:2.7.0	prod
:core:data-test	transitive	io.coil-kt:coil:2.7.0	dev
:core:data-test	transitive	io.coil-kt:coil:2.7.0	prod
:core:data-test	transitive	jakarta.inject:jakarta.inject-api:2.0.1	dev
:core:data-test	transitive	jakarta.inject:jakarta.inject-api:2.0.1	prod
:core:data-test	transitive	javax.inject:javax.inject:1	dev
:core:data-test	transitive	javax.inject:javax.inject:1	prod
:core:data-test	transitive	junit:junit:4.13.2	prod
:core:data-test	transitive	org.checkerframework:checker-qual:3.12.0	dev
:core:data-test	transitive	org.checkerframework:checker-qual:3.12.0	prod
:core:data-test	transitive	org.hamcrest:hamcrest-core:1.3	dev
:core:data-test	transitive	org.hamcrest:hamcrest-core:1.3	prod
:core:data-test	transitive	org.jetbrains.kotlin:kotlin-stdlib-common:2.3.0	dev
:core:data-test	transitive	org.jetbrains.kotlin:kotlin-stdlib-common:2.3.0	prod
:core:data-test	transitive	org.jetbrains.kotlin:kotlin-stdlib-jdk7:1.8.21	dev
:core:data-test	transitive	org.jetbrains.kotlin:kotlin-stdlib-jdk7:1.8.21	prod
:core:data-test	transitive	org.jetbrains.kotlin:kotlin-stdlib-jdk7:1.8.22	dev
:core:data-test	transitive	org.jetbrains.kotlin:kotlin-stdlib-jdk7:1.8.22	prod
:core:data-test	transitive	org.jetbrains.kotlin:kotlin-stdlib-jdk8:1.8.21	dev
:core:data-test	transitive	org.jetbrains.kotlin:kotlin-stdlib-jdk8:1.8.21	prod
:core:data-test	transitive	org.jetbrains.kotlin:kotlin-stdlib-jdk8:1.8.22	dev
:core:data-test	transitive	org.jetbrains.kotlin:kotlin-stdlib-jdk8:1.8.22	prod
:core:data-test	transitive	org.jetbrains.kotlin:kotlin-stdlib:2.3.0	dev
:core:data-test	transitive	org.jetbrains.kotlinx:kotlinx-coroutines-android:1.10.1	dev
:core:data-test	transitive	org.jetbrains.kotlinx:kotlinx-coroutines-android:1.10.1	prod
:core:data-test	transitive	org.jetbrains.kotlinx:kotlinx-coroutines-android:1.9.0	dev
:core:data-test	transitive	org.jetbrains.kotlinx:kotlinx-coroutines-android:1.9.0	prod
:core:data-test	transitive	org.jetbrains.kotlinx:kotlinx-coroutines-bom:1.10.1	dev
:core:data-test	transitive	org.jetbrains.kotlinx:kotlinx-coroutines-bom:1.10.1	prod
:core:data-test	transitive	org.jetbrains.kotlinx:kotlinx-coroutines-bom:1.9.0	dev
:core:data-test	transitive	org.jetbrains.kotlinx:kotlinx-coroutines-bom:1.9.0	prod
:core:data-test	transitive	org.jetbrains.kotlinx:kotlinx-coroutines-core-jvm:1.10.1	dev
:core:data-test	transitive	org.jetbrains.kotlinx:kotlinx-coroutines-core-jvm:1.10.1	prod
:core:data-test	transitive	org.jetbrains.kotlinx:kotlinx-coroutines-core-jvm:1.9.0	dev
:core:data-test	transitive	org.jetbrains.kotlinx:kotlinx-coroutines-core-jvm:1.9.0	prod
:core:data-test	transitive	org.jetbrains.kotlinx:kotlinx-coroutines-core:1.10.1	dev
:core:data-test	transitive	org.jetbrains.kotlinx:kotlinx-coroutines-core:1.10.1	prod
:core:data-test	transitive	org.jetbrains.kotlinx:kotlinx-coroutines-core:1.9.0	dev
:core:data-test	transitive	org.jetbrains.kotlinx:kotlinx-coroutines-core:1.9.0	prod
:core:data-test	transitive	org.jetbrains.kotlinx:kotlinx-coroutines-play-services:1.10.1	dev
:core:data-test	transitive	org.jetbrains.kotlinx:kotlinx-coroutines-play-services:1.10.1	prod
:core:data-test	transitive	org.jetbrains.kotlinx:kotlinx-datetime-jvm:0.6.1	dev
:core:data-test	transitive	org.jetbrains.kotlinx:kotlinx-datetime-jvm:0.6.1	prod
:core:data-test	transitive	org.jetbrains.kotlinx:kotlinx-datetime:0.6.1	dev
:core:data-test	transitive	org.jetbrains.kotlinx:kotlinx-datetime:0.6.1	prod
:core:data-test	transitive	org.jetbrains.kotlinx:kotlinx-serialization-bom:1.8.0	dev
:core:data-test	transitive	org.jetbrains.kotlinx:kotlinx-serialization-bom:1.8.0	prod
:core:data-test	transitive	org.jetbrains.kotlinx:kotlinx-serialization-core-jvm:1.8.0	dev
:core:data-test	transitive	org.jetbrains.kotlinx:kotlinx-serialization-core-jvm:1.8.0	prod
:core:data-test	transitive	org.jetbrains.kotlinx:kotlinx-serialization-core:1.8.0	dev
:core:data-test	transitive	org.jetbrains.kotlinx:kotlinx-serialization-core:1.8.0	prod
:core:data-test	transitive	org.jetbrains.kotlinx:kotlinx-serialization-json-jvm:1.8.0	dev
:core:data-test	transitive	org.jetbrains.kotlinx:kotlinx-serialization-json-jvm:1.8.0	prod
:core:data-test	transitive	org.jetbrains.kotlinx:kotlinx-serialization-json:1.8.0	dev
:core:data-test	transitive	org.jetbrains.kotlinx:kotlinx-serialization-json:1.8.0	prod
:core:data-test	transitive	org.jetbrains:annotations:23.0.0	dev
:core:data-test	transitive	org.jetbrains:annotations:23.0.0	prod
:core:data-test	transitive	org.jspecify:jspecify:1.0.0	dev
:core:data-test	transitive	org.jspecify:jspecify:1.0.0	prod
:core:database	direct	androidx.room:room-ktx:2.8.3	dev
:core:database	direct	androidx.room:room-ktx:2.8.3	prod
:core:database	direct	androidx.room:room-runtime:2.8.3	dev
:core:database	direct	androidx.room:room-runtime:2.8.3	prod
:core:database	direct	androidx.test:core:1.7.0-rc01	dev
:core:database	direct	androidx.test:runner:1.7.0-rc01	dev
:core:database	direct	androidx.tracing:tracing-ktx:1.3.0-alpha02	dev
:core:database	direct	androidx.tracing:tracing-ktx:1.3.0-alpha02	prod
:core:database	direct	com.google.dagger:hilt-android:2.59	dev
:core:database	direct	com.google.dagger:hilt-android:2.59	prod
:core:database	direct	junit:junit:4.13.2	dev
:core:database	direct	org.jacoco:org.jacoco.agent:0.8.13	dev
:core:database	direct	org.jetbrains.kotlin:kotlin-stdlib:2.3.0	dev
:core:database	direct	org.jetbrains.kotlin:kotlin-stdlib:2.3.0	prod
:core:database	direct	org.jetbrains.kotlin:kotlin-test:2.3.0	dev
:core:database	direct	org.jetbrains.kotlinx:kotlinx-coroutines-test:1.10.1	dev
:core:database	direct	org.jetbrains.kotlinx:kotlinx-datetime:0.6.1	dev
:core:database	direct	org.jetbrains.kotlinx:kotlinx-datetime:0.6.1	prod
:core:database	transitive	androidx.activity:activity:1.5.1	dev
:core:database	transitive	androidx.activity:activity:1.5.1	prod
:core:database	transitive	androidx.annotation:annotation-experimental:1.3.1	dev
:core:database	transitive	androidx.annotation:annotation-experimental:1.3.1	prod
:core:database	transitive	androidx.annotation:annotation-experimental:1.5.0	dev
:core:database	transitive	androidx.annotation:annotation-experimental:1.5.0	prod
:core:database	transitive	androidx.annotation:annotation-jvm:1.9.1	dev
:core:database	transitive	androidx.annotation:annotation-jvm:1.9.1	prod
:core:database	transitive	androidx.annotation:annotation:1.9.1	dev
:core:database	transitive	androidx.annotation:annotation:1.9.1	prod
:core:database	transitive	androidx.arch.core:core-common:2.1.0	dev
:core:database	transitive	androidx.arch.core:core-common:2.1.0	prod
:core:database	transitive	androidx.arch.core:core-common:2.2.0	dev
:core:database	transitive	androidx.arch.core:core-common:2.2.0	prod
:core:database	transitive	androidx.arch.core:core-runtime:2.0.0	dev
:core:database	transitive	androidx.arch.core:core-runtime:2.0.0	prod
:core:database	transitive	androidx.arch.core:core-runtime:2.2.0	dev
:core:database	transitive	androidx.arch.core:core-runtime:2.2.0	prod
:core:database	transitive	androidx.collection:collection-jvm:1.5.0	dev
:core:database	transitive	androidx.collection:collection-jvm:1.5.0	prod
:core:database	transitive	androidx.collection:collection:1.5.0	dev
:core:database	transitive	androidx.collection:collection:1.5.0	prod
:core:database	transitive	androidx.concurrent:concurrent-futures-ktx:1.2.0	dev
:core:database	transitive	androidx.concurrent:concurrent-futures:1.0.0	dev
:core:database	transitive	androidx.concurrent:concurrent-futures:1.0.0	prod
:core:database	transitive	androidx.concurrent:concurrent-futures:1.2.0	dev
:core:database	transitive	androidx.core:core-ktx:1.2.0	dev
:core:database	transitive	androidx.core:core-ktx:1.2.0	prod
:core:database	transitive	androidx.core:core:1.8.0	dev
:core:database	transitive	androidx.core:core:1.8.0	prod
:core:database	transitive	androidx.customview:customview:1.0.0	dev
:core:database	transitive	androidx.customview:customview:1.0.0	prod
:core:database	transitive	androidx.fragment:fragment:1.5.1	dev
:core:database	transitive	androidx.fragment:fragment:1.5.1	prod
:core:database	transitive	androidx.lifecycle:lifecycle-common:2.5.1	dev
:core:database	transitive	androidx.lifecycle:lifecycle-common:2.5.1	prod
:core:database	transitive	androidx.lifecycle:lifecycle-livedata-core:2.5.1	dev
:core:database	transitive	androidx.lifecycle:lifecycle-livedata-core:2.5.1	prod
:core:database	transitive	androidx.lifecycle:lifecycle-livedata:2.0.0	dev
:core:database	transitive	androidx.lifecycle:lifecycle-livedata:2.0.0	prod
:core:database	transitive	androidx.lifecycle:lifecycle-runtime:2.5.1	dev
:core:database	transitive	androidx.lifecycle:lifecycle-runtime:2.5.1	prod
:core:database	transitive	androidx.lifecycle:lifecycle-viewmodel-savedstate:2.5.1	dev
:core:database	transitive	androidx.lifecycle:lifecycle-viewmodel-savedstate:2.5.1	prod
:core:database	transitive	androidx.lifecycle:lifecycle-viewmodel:2.5.1	dev
:core:database	transitive	androidx.lifecycle:lifecycle-viewmodel:2.5.1	prod
:core:database	transitive	androidx.loader:loader:1.0.0	dev
:core:database	transitive	androidx.loader:loader:1.0.0	prod
:core:database	transitive	androidx.room:room-common-jvm:2.8.3	dev
:core:database	transitive	androidx.room:room-common-jvm:2.8.3	prod
:core:database	transitive	androidx.room:room-common:2.8.3	dev
:core:database	transitive	androidx.room:room-common:2.8.3	prod
:core:database	transitive	androidx.room:room-ktx:2.8.3	dev
:core:database	transitive	androidx.room:room-runtime-android:2.8.3	dev
:core:database	transitive	androidx.room:room-runtime-android:2.8.3	prod
:core:database	transitive	androidx.room:room-runtime:2.8.3	dev
:core:database	transitive	androidx.savedstate:savedstate:1.2.0	dev
:core:database	transitive	androidx.savedstate:savedstate:1.2.0	prod
:core:database	transitive	androidx.sqlite:sqlite-android:2.6.1	dev
:core:database	transitive	androidx.sqlite:sqlite-android:2.6.1	prod
:core:database	transitive	androidx.sqlite:sqlite-framework-android:2.6.1	dev
:core:database	transitive	androidx.sqlite:sqlite-framework-android:2.6.1	prod
:core:database	transitive	androidx.sqlite:sqlite-framework:2.6.1	dev
:core:database	transitive	androidx.sqlite:sqlite-framework:2.6.1	prod
:core:database	transitive	androidx.sqlite:sqlite:2.6.1	dev
:core:database	transitive	androidx.sqlite:sqlite:2.6.1	prod
:core:database	transitive	androidx.test.services:storage:1.6.0-rc01	dev
:core:database	transitive	androidx.test:monitor:1.8.0-rc01	dev
:core:database	transitive	androidx.tracing:tracing-ktx:1.3.0-alpha02	dev
:core:database	transitive	androidx.tracing:tracing:1.3.0-alpha02	dev
:core:database	transitive	androidx.tracing:tracing:1.3.0-alpha02	prod
:core:database	transitive	androidx.versionedparcelable:versionedparcelable:1.1.1	dev
:core:database	transitive	androidx.versionedparcelable:versionedparcelable:1.1.1	prod
:core:database	transitive	androidx.viewpager:viewpager:1.0.0	dev
:core:database	transitive	androidx.viewpager:viewpager:1.0.0	prod
:core:database	transitive	com.google.code.findbugs:jsr305:3.0.2	dev
:core:database	transitive	com.google.code.findbugs:jsr305:3.0.2	prod
:core:database	transitive	com.google.dagger:dagger-lint-aar:2.59	dev
:core:database	transitive	com.google.dagger:dagger-lint-aar:2.59	prod
:core:database	transitive	com.google.dagger:dagger:2.59	dev
:core:database	transitive	com.google.dagger:dagger:2.59	prod
:core:database	transitive	com.google.dagger:hilt-android:2.59	dev
:core:database	transitive	com.google.dagger:hilt-core:2.59	dev
:core:database	transitive	com.google.dagger:hilt-core:2.59	prod
:core:database	transitive	com.google.guava:listenablefuture:1.0	dev
:core:database	transitive	com.google.guava:listenablefuture:1.0	prod
:core:database	transitive	jakarta.inject:jakarta.inject-api:2.0.1	dev
:core:database	transitive	jakarta.inject:jakarta.inject-api:2.0.1	prod
:core:database	transitive	javax.inject:javax.inject:1	dev
:core:database	transitive	javax.inject:javax.inject:1	prod
:core:database	transitive	junit:junit:4.13.2	dev
:core:database	transitive	org.hamcrest:hamcrest-core:1.3	dev
:core:database	transitive	org.jetbrains.kotlin:kotlin-stdlib:2.3.0	dev
:core:database	transitive	org.jetbrains.kotlinx:kotlinx-coroutines-android:1.10.1	dev
:core:database	transitive	org.jetbrains.kotlinx:kotlinx-coroutines-android:1.8.1	dev
:core:database	transitive	org.jetbrains.kotlinx:kotlinx-coroutines-android:1.8.1	prod
:core:database	transitive	org.jetbrains.kotlinx:kotlinx-coroutines-bom:1.10.1	dev
:core:database	transitive	org.jetbrains.kotlinx:kotlinx-coroutines-bom:1.8.1	dev
:core:database	transitive	org.jetbrains.kotlinx:kotlinx-coroutines-bom:1.8.1	prod
:core:database	transitive	org.jetbrains.kotlinx:kotlinx-coroutines-core-jvm:1.10.1	dev
:core:database	transitive	org.jetbrains.kotlinx:kotlinx-coroutines-core-jvm:1.8.1	dev
:core:database	transitive	org.jetbrains.kotlinx:kotlinx-coroutines-core-jvm:1.8.1	prod
:core:database	transitive	org.jetbrains.kotlinx:kotlinx-coroutines-core:1.10.1	dev
:core:database	transitive	org.jetbrains.kotlinx:kotlinx-coroutines-core:1.8.1	dev
:core:database	transitive	org.jetbrains.kotlinx:kotlinx-coroutines-core:1.8.1	prod
:core:database	transitive	org.jetbrains.kotlinx:kotlinx-coroutines-test-jvm:1.10.1	dev
:core:database	transitive	org.jetbrains.kotlinx:kotlinx-datetime-jvm:0.6.1	dev
:core:database	transitive	org.jetbrains.kotlinx:kotlinx-datetime-jvm:0.6.1	prod
:core:database	transitive	org.jetbrains.kotlinx:kotlinx-datetime:0.6.1	dev
:core:database	transitive	org.jetbrains:annotations:23.0.0	dev
:core:database	transitive	org.jetbrains:annotations:23.0.0	prod
:core:database	transitive	org.jspecify:jspecify:1.0.0	dev
:core:database	transitive	org.jspecify:jspecify:1.0.0	prod
:core:datastore	direct	androidx.datastore:datastore:1.2.0	dev
:core:datastore	direct	androidx.datastore:datastore:1.2.0	prod
:core:datastore	direct	androidx.tracing:tracing-ktx:1.3.0-alpha02	dev
:core:datastore	direct	androidx.tracing:tracing-ktx:1.3.0-alpha02	prod
:core:datastore	direct	com.google.dagger:hilt-android:2.59	dev
:core:datastore	direct	com.google.dagger:hilt-android:2.59	prod
:core:datastore	direct	junit:junit:4.13.2	dev
:core:datastore	direct	org.jetbrains.kotlin:kotlin-stdlib:2.3.0	dev
:core:datastore	direct	org.jetbrains.kotlin:kotlin-stdlib:2.3.0	prod
:core:datastore	direct	org.jetbrains.kotlin:kotlin-test:2.3.0	dev
:core:datastore	direct	org.jetbrains.kotlinx:kotlinx-coroutines-test:1.10.1	dev
:core:datastore	transitive	androidx.activity:activity:1.5.1	dev
:core:datastore	transitive	androidx.activity:activity:1.5.1	prod
:core:datastore	transitive	androidx.annotation:annotation-experimental:1.3.1	dev
:core:datastore	transitive	androidx.annotation:annotation-experimental:1.3.1	prod
:core:datastore	transitive	androidx.annotation:annotation-jvm:1.9.1	dev
:core:datastore	transitive	androidx.annotation:annotation-jvm:1.9.1	prod
:core:datastore	transitive	androidx.annotation:annotation:1.9.1	dev
:core:datastore	transitive	androidx.annotation:annotation:1.9.1	prod
:core:datastore	transitive	androidx.arch.core:core-common:2.1.0	dev
:core:datastore	transitive	androidx.arch.core:core-common:2.1.0	prod
:core:datastore	transitive	androidx.arch.core:core-runtime:2.0.0	dev
:core:datastore	transitive	androidx.arch.core:core-runtime:2.0.0	prod
:core:datastore	transitive	androidx.arch.core:core-runtime:2.1.0	dev
:core:datastore	transitive	androidx.arch.core:core-runtime:2.1.0	prod
:core:datastore	transitive	androidx.collection:collection:1.1.0	dev
:core:datastore	transitive	androidx.collection:collection:1.1.0	prod
:core:datastore	transitive	androidx.concurrent:concurrent-futures:1.0.0	dev
:core:datastore	transitive	androidx.concurrent:concurrent-futures:1.0.0	prod
:core:datastore	transitive	androidx.core:core-ktx:1.2.0	dev
:core:datastore	transitive	androidx.core:core-ktx:1.2.0	prod
:core:datastore	transitive	androidx.core:core:1.8.0	dev
:core:datastore	transitive	androidx.core:core:1.8.0	prod
:core:datastore	transitive	androidx.customview:customview:1.0.0	dev
:core:datastore	transitive	androidx.customview:customview:1.0.0	prod
:core:datastore	transitive	androidx.datastore:datastore-android:1.2.0	dev
:core:datastore	transitive	androidx.datastore:datastore-android:1.2.0	prod
:core:datastore	transitive	androidx.datastore:datastore-core-android:1.2.0	dev
:core:datastore	transitive	androidx.datastore:datastore-core-android:1.2.0	prod
:core:datastore	transitive	androidx.datastore:datastore-core-okio-jvm:1.2.0	dev
:core:datastore	transitive	androidx.datastore:datastore-core-okio-jvm:1.2.0	prod
:core:datastore	transitive	androidx.datastore:datastore-core-okio:1.2.0	dev
:core:datastore	transitive	androidx.datastore:datastore-core-okio:1.2.0	prod
:core:datastore	transitive	androidx.datastore:datastore-core:1.2.0	dev
:core:datastore	transitive	androidx.datastore:datastore-core:1.2.0	prod
:core:datastore	transitive	androidx.datastore:datastore:1.2.0	dev
:core:datastore	transitive	androidx.fragment:fragment:1.5.1	dev
:core:datastore	transitive	androidx.fragment:fragment:1.5.1	prod
:core:datastore	transitive	androidx.lifecycle:lifecycle-common:2.5.1	dev
:core:datastore	transitive	androidx.lifecycle:lifecycle-common:2.5.1	prod
:core:datastore	transitive	androidx.lifecycle:lifecycle-livedata-core:2.5.1	dev
:core:datastore	transitive	androidx.lifecycle:lifecycle-livedata-core:2.5.1	prod
:core:datastore	transitive	androidx.lifecycle:lifecycle-livedata:2.0.0	dev
:core:datastore	transitive	androidx.lifecycle:lifecycle-livedata:2.0.0	prod
:core:datastore	transitive	androidx.lifecycle:lifecycle-runtime:2.5.1	dev
:core:datastore	transitive	androidx.lifecycle:lifecycle-runtime:2.5.1	prod
:core:datastore	transitive	androidx.lifecycle:lifecycle-viewmodel-savedstate:2.5.1	dev
:core:datastore	transitive	androidx.lifecycle:lifecycle-viewmodel-savedstate:2.5.1	prod
:core:datastore	transitive	androidx.lifecycle:lifecycle-viewmodel:2.5.1	dev
:core:datastore	transitive	androidx.lifecycle:lifecycle-viewmodel:2.5.1	prod
:core:datastore	transitive	androidx.loader:loader:1.0.0	dev
:core:datastore	transitive	androidx.loader:loader:1.0.0	prod
:core:datastore	transitive	androidx.multidex:multidex:2.0.1	dev
:core:datastore	transitive	androidx.savedstate:savedstate:1.2.0	dev
:core:datastore	transitive	androidx.savedstate:savedstate:1.2.0	prod
:core:datastore	transitive	androidx.test:core:1.4.0	dev
:core:datastore	transitive	androidx.test:monitor:1.4.0	dev
:core:datastore	transitive	androidx.tracing:tracing-ktx:1.3.0-alpha02	dev
:core:datastore	transitive	androidx.tracing:tracing:1.3.0-alpha02	dev
:core:datastore	transitive	androidx.tracing:tracing:1.3.0-alpha02	prod
:core:datastore	transitive	androidx.versionedparcelable:versionedparcelable:1.1.1	dev
:core:datastore	transitive	androidx.versionedparcelable:versionedparcelable:1.1.1	prod
:core:datastore	transitive	androidx.viewpager:viewpager:1.0.0	dev
:core:datastore	transitive	androidx.viewpager:viewpager:1.0.0	prod
:core:datastore	transitive	com.google.code.findbugs:jsr305:3.0.2	dev
:core:datastore	transitive	com.google.code.findbugs:jsr305:3.0.2	prod
:core:datastore	transitive	com.google.dagger:dagger-lint-aar:2.59	dev
:core:datastore	transitive	com.google.dagger:dagger-lint-aar:2.59	prod
:core:datastore	transitive	com.google.dagger:dagger:2.59	dev
:core:datastore	transitive	com.google.dagger:dagger:2.59	prod
:core:datastore	transitive	com.google.dagger:hilt-android-testing:2.59	dev
:core:datastore	transitive	com.google.dagger:hilt-android:2.59	dev
:core:datastore	transitive	com.google.dagger:hilt-core:2.59	dev
:core:datastore	transitive	com.google.dagger:hilt-core:2.59	prod
:core:datastore	transitive	com.google.guava:listenablefuture:1.0	dev
:core:datastore	transitive	com.google.guava:listenablefuture:1.0	prod
:core:datastore	transitive	com.google.protobuf:protobuf-javalite:4.29.2	dev
:core:datastore	transitive	com.google.protobuf:protobuf-javalite:4.29.2	prod
:core:datastore	transitive	com.google.protobuf:protobuf-kotlin-lite:4.29.2	dev
:core:datastore	transitive	com.google.protobuf:protobuf-kotlin-lite:4.29.2	prod
:core:datastore	transitive	com.squareup.okio:okio-jvm:3.9.1	dev
:core:datastore	transitive	com.squareup.okio:okio-jvm:3.9.1	prod
:core:datastore	transitive	com.squareup.okio:okio:3.9.1	dev
:core:datastore	transitive	com.squareup.okio:okio:3.9.1	prod
:core:datastore	transitive	jakarta.inject:jakarta.inject-api:2.0.1	dev
:core:datastore	transitive	jakarta.inject:jakarta.inject-api:2.0.1	prod
:core:datastore	transitive	javax.inject:javax.inject:1	dev
:core:datastore	transitive	javax.inject:javax.inject:1	prod
:core:datastore	transitive	org.hamcrest:hamcrest-core:1.3	dev
:core:datastore	transitive	org.jetbrains.kotlin:kotlin-stdlib:2.3.0	dev
:core:datastore	transitive	org.jetbrains.kotlinx:kotlinx-coroutines-android:1.10.1	dev
:core:datastore	transitive	org.jetbrains.kotlinx:kotlinx-coroutines-android:1.10.1	prod
:core:datastore	transitive	org.jetbrains.kotlinx:kotlinx-coroutines-android:1.9.0	prod
:core:datastore	transitive	org.jetbrains.kotlinx:kotlinx-coroutines-bom:1.10.1	dev
:core:datastore	transitive	org.jetbrains.kotlinx:kotlinx-coroutines-bom:1.10.1	prod
:core:datastore	transitive	org.jetbrains.kotlinx:kotlinx-coroutines-bom:1.9.0	prod
:core:datastore	transitive	org.jetbrains.kotlinx:kotlinx-coroutines-core-jvm:1.10.1	dev
:core:datastore	transitive	org.jetbrains.kotlinx:kotlinx-coroutines-core-jvm:1.10.1	prod
:core:datastore	transitive	org.jetbrains.kotlinx:kotlinx-coroutines-core-jvm:1.9.0	prod
:core:datastore	transitive	org.jetbrains.kotlinx:kotlinx-coroutines-core:1.10.1	dev
:core:datastore	transitive	org.jetbrains.kotlinx:kotlinx-coroutines-core:1.10.1	prod
:core:datastore	transitive	org.jetbrains.kotlinx:kotlinx-coroutines-core:1.9.0	prod
:core:datastore	transitive	org.jetbrains.kotlinx:kotlinx-coroutines-test-jvm:1.10.1	dev
:core:datastore	transitive	org.jetbrains.kotlinx:kotlinx-datetime-jvm:0.6.1	dev
:core:datastore	transitive	org.jetbrains.kotlinx:kotlinx-datetime-jvm:0.6.1	prod
:core:datastore	transitive	org.jetbrains.kotlinx:kotlinx-datetime:0.6.1	dev
:core:datastore	transitive	org.jetbrains.kotlinx:kotlinx-datetime:0.6.1	prod
:core:datastore	transitive	org.jetbrains.kotlinx:kotlinx-serialization-bom:1.7.3	dev
:core:datastore	transitive	org.jetbrains.kotlinx:kotlinx-serialization-bom:1.7.3	prod
:core:datastore	transitive	org.jetbrains.kotlinx:kotlinx-serialization-core-jvm:1.7.3	dev
:core:datastore	transitive	org.jetbrains.kotlinx:kotlinx-serialization-core-jvm:1.7.3	prod
:core:datastore	transitive	org.jetbrains.kotlinx:kotlinx-serialization-core:1.7.3	dev
:core:datastore	transitive	org.jetbrains.kotlinx:kotlinx-serialization-core:1.7.3	prod
:core:datastore	transitive	org.jetbrains.kotlinx:kotlinx-serialization-json-jvm:1.7.3	dev
:core:datastore	transitive	org.jetbrains.kotlinx:kotlinx-serialization-json-jvm:1.7.3	prod
:core:datastore	transitive	org.jetbrains.kotlinx:kotlinx-serialization-json:1.7.3	dev
:core:datastore	transitive	org.jetbrains.kotlinx:kotlinx-serialization-json:1.7.3	prod
:core:datastore	transitive	org.jetbrains:annotations:23.0.0	dev
:core:datastore	transitive	org.jetbrains:annotations:23.0.0	prod
:core:datastore	transitive	org.jspecify:jspecify:1.0.0	dev
:core:datastore	transitive	org.jspecify:jspecify:1.0.0	prod
:core:datastore-proto	direct	com.google.protobuf:protobuf-kotlin-lite:4.29.2	dev
:core:datastore-proto	direct	com.google.protobuf:protobuf-kotlin-lite:4.29.2	prod
:core:datastore-proto	direct	org.jetbrains.kotlin:kotlin-stdlib:2.3.0	dev
:core:datastore-proto	direct	org.jetbrains.kotlin:kotlin-stdlib:2.3.0	prod
:core:datastore-proto	direct	org.jetbrains.kotlin:kotlin-test:2.3.0	dev
:core:datastore-proto	transitive	com.google.protobuf:protobuf-javalite:4.29.2	dev
:core:datastore-proto	transitive	com.google.protobuf:protobuf-javalite:4.29.2	prod
:core:datastore-proto	transitive	junit:junit:4.13.2	dev
:core:datastore-proto	transitive	org.hamcrest:hamcrest-core:1.3	dev
:core:datastore-proto	transitive	org.jetbrains.kotlin:kotlin-test-junit:2.3.0	dev
:core:datastore-proto	transitive	org.jetbrains:annotations:13.0	dev
:core:datastore-proto	transitive	org.jetbrains:annotations:13.0	prod
:core:datastore-test	direct	androidx.tracing:tracing-ktx:1.3.0-alpha02	dev
:core:datastore-test	direct	androidx.tracing:tracing-ktx:1.3.0-alpha02	prod
:core:datastore-test	direct	com.google.dagger:hilt-android-testing:2.59	dev
:core:datastore-test	direct	com.google.dagger:hilt-android-testing:2.59	prod
:core:datastore-test	direct	com.google.dagger:hilt-android:2.59	dev
:core:datastore-test	direct	com.google.dagger:hilt-android:2.59	prod
:core:datastore-test	direct	junit:junit:4.13.2	dev
:core:datastore-test	direct	org.jetbrains.kotlin:kotlin-stdlib:2.3.0	dev
:core:datastore-test	direct	org.jetbrains.kotlin:kotlin-stdlib:2.3.0	prod
:core:datastore-test	direct	org.jetbrains.kotlin:kotlin-test:2.3.0	dev
:core:datastore-test	transitive	androidx.activity:activity:1.5.1	dev
:core:datastore-test	transitive	androidx.activity:activity:1.5.1	prod
:core:datastore-test	transitive	androidx.annotation:annotation-experimental:1.3.1	dev
:core:datastore-test	transitive	androidx.annotation:annotation-experimental:1.3.1	prod
:core:datastore-test	transitive	androidx.annotation:annotation-jvm:1.9.1	dev
:core:datastore-test	transitive	androidx.annotation:annotation-jvm:1.9.1	prod
:core:datastore-test	transitive	androidx.annotation:annotation:1.9.1	dev
:core:datastore-test	transitive	androidx.annotation:annotation:1.9.1	prod
:core:datastore-test	transitive	androidx.arch.core:core-common:2.1.0	dev
:core:datastore-test	transitive	androidx.arch.core:core-common:2.1.0	prod
:core:datastore-test	transitive	androidx.arch.core:core-runtime:2.0.0	dev
:core:datastore-test	transitive	androidx.arch.core:core-runtime:2.0.0	prod
:core:datastore-test	transitive	androidx.arch.core:core-runtime:2.1.0	dev
:core:datastore-test	transitive	androidx.arch.core:core-runtime:2.1.0	prod
:core:datastore-test	transitive	androidx.collection:collection:1.1.0	dev
:core:datastore-test	transitive	androidx.collection:collection:1.1.0	prod
:core:datastore-test	transitive	androidx.concurrent:concurrent-futures:1.0.0	dev
:core:datastore-test	transitive	androidx.concurrent:concurrent-futures:1.0.0	prod
:core:datastore-test	transitive	androidx.core:core-ktx:1.2.0	dev
:core:datastore-test	transitive	androidx.core:core-ktx:1.2.0	prod
:core:datastore-test	transitive	androidx.core:core:1.8.0	dev
:core:datastore-test	transitive	androidx.core:core:1.8.0	prod
:core:datastore-test	transitive	androidx.customview:customview:1.0.0	dev
:core:datastore-test	transitive	androidx.customview:customview:1.0.0	prod
:core:datastore-test	transitive	androidx.datastore:datastore-android:1.2.0	dev
:core:datastore-test	transitive	androidx.datastore:datastore-android:1.2.0	prod
:core:datastore-test	transitive	androidx.datastore:datastore-core-android:1.2.0	dev
:core:datastore-test	transitive	androidx.datastore:datastore-core-android:1.2.0	prod
:core:datastore-test	transitive	androidx.datastore:datastore-core-okio-jvm:1.2.0	dev
:core:datastore-test	transitive	androidx.datastore:datastore-core-okio-jvm:1.2.0	prod
:core:datastore-test	transitive	androidx.datastore:datastore-core-okio:1.2.0	dev
:core:datastore-test	transitive	androidx.datastore:datastore-core-okio:1.2.0	prod
:core:datastore-test	transitive	androidx.datastore:datastore-core:1.2.0	dev
:core:datastore-test	transitive	androidx.datastore:datastore-core:1.2.0	prod
:core:datastore-test	transitive	androidx.datastore:datastore:1.2.0	dev
:core:datastore-test	transitive	androidx.datastore:datastore:1.2.0	prod
:core:datastore-test	transitive	androidx.fragment:fragment:1.5.1	dev
:core:datastore-test	transitive	androidx.fragment:fragment:1.5.1	prod
:core:datastore-test	transitive	androidx.lifecycle:lifecycle-common:2.5.1	dev
:core:datastore-test	transitive	androidx.lifecycle:lifecycle-common:2.5.1	prod
:core:datastore-test	transitive	androidx.lifecycle:lifecycle-livedata-core:2.5.1	dev
:core:datastore-test	transitive	androidx.lifecycle:lifecycle-livedata-core:2.5.1	prod
:core:datastore-test	transitive	androidx.lifecycle:lifecycle-livedata:2.0.0	dev
:core:datastore-test	transitive	androidx.lifecycle:lifecycle-livedata:2.0.0	prod
:core:datastore-test	transitive	androidx.lifecycle:lifecycle-runtime:2.5.1	dev
:core:datastore-test	transitive	androidx.lifecycle:lifecycle-runtime:2.5.1	prod
:core:datastore-test	transitive	androidx.lifecycle:lifecycle-viewmodel-savedstate:2.5.1	dev
:core:datastore-test	transitive	androidx.lifecycle:lifecycle-viewmodel-savedstate:2.5.1	prod
:core:datastore-test	transitive	androidx.lifecycle:lifecycle-viewmodel:2.5.1	dev
:core:datastore-test	transitive	androidx.lifecycle:lifecycle-viewmodel:2.5.1	prod
:core:datastore-test	transitive	androidx.loader:loader:1.0.0	dev
:core:datastore-test	transitive	androidx.loader:loader:1.0.0	prod
:core:datastore-test	transitive	androidx.multidex:multidex:2.0.1	dev
:core:datastore-test	transitive	androidx.multidex:multidex:2.0.1	prod
:core:datastore-test	transitive	androidx.savedstate:savedstate:1.2.0	dev
:core:datastore-test	transitive	androidx.savedstate:savedstate:1.2.0	prod
:core:datastore-test	transitive	androidx.test:core:1.4.0	dev
:core:datastore-test	transitive	androidx.test:core:1.4.0	prod
:core:datastore-test	transitive	androidx.test:monitor:1.4.0	dev
:core:datastore-test	transitive	androidx.test:monitor:1.4.0	prod
:core:datastore-test	transitive	androidx.tracing:tracing-ktx:1.3.0-alpha02	dev
:core:datastore-test	transitive	androidx.tracing:tracing:1.3.0-alpha02	dev
:core:datastore-test	transitive	androidx.tracing:tracing:1.3.0-alpha02	prod
:core:datastore-test	transitive	androidx.versionedparcelable:versionedparcelable:1.1.1	dev
:core:datastore-test	transitive	androidx.versionedparcelable:versionedparcelable:1.1.1	prod
:core:datastore-test	transitive	androidx.viewpager:viewpager:1.0.0	dev
:core:datastore-test	transitive	androidx.viewpager:viewpager:1.0.0	prod
:core:datastore-test	transitive	com.google.code.findbugs:jsr305:3.0.2	dev
:core:datastore-test	transitive	com.google.code.findbugs:jsr305:3.0.2	prod
:core:datastore-test	transitive	com.google.dagger:dagger-lint-aar:2.59	dev
:core:datastore-test	transitive	com.google.dagger:dagger-lint-aar:2.59	prod
:core:datastore-test	transitive	com.google.dagger:dagger:2.59	dev
:core:datastore-test	transitive	com.google.dagger:dagger:2.59	prod
:core:datastore-test	transitive	com.google.dagger:hilt-android-testing:2.59	dev
:core:datastore-test	transitive	com.google.dagger:hilt-android:2.59	dev
:core:datastore-test	transitive	com.google.dagger:hilt-core:2.59	dev
:core:datastore-test	transitive	com.google.dagger:hilt-core:2.59	prod
:core:datastore-test	transitive	com.google.guava:listenablefuture:1.0	dev
:core:datastore-test	transitive	com.google.guava:listenablefuture:1.0	prod
:core:datastore-test	transitive	com.google.protobuf:protobuf-javalite:4.29.2	dev
:core:datastore-test	transitive	com.google.protobuf:protobuf-javalite:4.29.2	prod
:core:datastore-test	transitive	com.google.protobuf:protobuf-kotlin-lite:4.29.2	dev
:core:datastore-test	transitive	com.google.protobuf:protobuf-kotlin-lite:4.29.2	prod
:core:datastore-test	transitive	com.squareup.okio:okio-jvm:3.9.1	dev
:core:datastore-test	transitive	com.squareup.okio:okio-jvm:3.9.1	prod
:core:datastore-test	transitive	com.squareup.okio:okio:3.9.1	dev
:core:datastore-test	transitive	com.squareup.okio:okio:3.9.1	prod
:core:datastore-test	transitive	jakarta.inject:jakarta.inject-api:2.0.1	dev
:core:datastore-test	transitive	jakarta.inject:jakarta.inject-api:2.0.1	prod
:core:datastore-test	transitive	javax.inject:javax.inject:1	dev
:core:datastore-test	transitive	javax.inject:javax.inject:1	prod
:core:datastore-test	transitive	junit:junit:4.13.2	prod
:core:datastore-test	transitive	org.hamcrest:hamcrest-core:1.3	dev
:core:datastore-test	transitive	org.hamcrest:hamcrest-core:1.3	prod
:core:datastore-test	transitive	org.jetbrains.kotlin:kotlin-stdlib:2.3.0	dev
:core:datastore-test	transitive	org.jetbrains.kotlinx:kotlinx-coroutines-android:1.10.1	dev
:core:datastore-test	transitive	org.jetbrains.kotlinx:kotlinx-coroutines-android:1.10.1	prod
:core:datastore-test	transitive	org.jetbrains.kotlinx:kotlinx-coroutines-android:1.9.0	dev
:core:datastore-test	transitive	org.jetbrains.kotlinx:kotlinx-coroutines-android:1.9.0	prod
:core:datastore-test	transitive	org.jetbrains.kotlinx:kotlinx-coroutines-bom:1.10.1	dev
:core:datastore-test	transitive	org.jetbrains.kotlinx:kotlinx-coroutines-bom:1.10.1	prod
:core:datastore-test	transitive	org.jetbrains.kotlinx:kotlinx-coroutines-bom:1.9.0	dev
:core:datastore-test	transitive	org.jetbrains.kotlinx:kotlinx-coroutines-bom:1.9.0	prod
:core:datastore-test	transitive	org.jetbrains.kotlinx:kotlinx-coroutines-core-jvm:1.10.1	dev
:core:datastore-test	transitive	org.jetbrains.kotlinx:kotlinx-coroutines-core-jvm:1.10.1	prod
:core:datastore-test	transitive	org.jetbrains.kotlinx:kotlinx-coroutines-core-jvm:1.9.0	dev
:core:datastore-test	transitive	org.jetbrains.kotlinx:kotlinx-coroutines-core-jvm:1.9.0	prod
:core:datastore-test	transitive	org.jetbrains.kotlinx:kotlinx-coroutines-core:1.10.1	dev
:core:datastore-test	transitive	org.jetbrains.kotlinx:kotlinx-coroutines-core:1.10.1	prod
:core:datastore-test	transitive	org.jetbrains.kotlinx:kotlinx-coroutines-core:1.9.0	dev
:core:datastore-test	transitive	org.jetbrains.kotlinx:kotlinx-coroutines-core:1.9.0	prod
:core:datastore-test	transitive	org.jetbrains.kotlinx:kotlinx-datetime-jvm:0.6.1	dev
:core:datastore-test	transitive	org.jetbrains.kotlinx:kotlinx-datetime-jvm:0.6.1	prod
:core:datastore-test	transitive	org.jetbrains.kotlinx:kotlinx-datetime:0.6.1	dev
:core:datastore-test	transitive	org.jetbrains.kotlinx:kotlinx-datetime:0.6.1	prod
:core:datastore-test	transitive	org.jetbrains.kotlinx:kotlinx-serialization-bom:1.7.3	dev
:core:datastore-test	transitive	org.jetbrains.kotlinx:kotlinx-serialization-bom:1.7.3	prod
:core:datastore-test	transitive	org.jetbrains.kotlinx:kotlinx-serialization-core-jvm:1.7.3	dev
:core:datastore-test	transitive	org.jetbrains.kotlinx:kotlinx-serialization-core-jvm:1.7.3	prod
:core:datastore-test	transitive	org.jetbrains.kotlinx:kotlinx-serialization-core:1.7.3	dev
:core:datastore-test	transitive	org.jetbrains.kotlinx:kotlinx-serialization-core:1.7.3	prod
:core:datastore-test	transitive	org.jetbrains.kotlinx:kotlinx-serialization-json-jvm:1.7.3	dev
:core:datastore-test	transitive	org.jetbrains.kotlinx:kotlinx-serialization-json-jvm:1.7.3	prod
:core:datastore-test	transitive	org.jetbrains.kotlinx:kotlinx-serialization-json:1.7.3	dev
:core:datastore-test	transitive	org.jetbrains.kotlinx:kotlinx-serialization-json:1.7.3	prod
:core:datastore-test	transitive	org.jetbrains:annotations:23.0.0	dev
:core:datastore-test	transitive	org.jetbrains:annotations:23.0.0	prod
:core:datastore-test	transitive	org.jspecify:jspecify:1.0.0	dev
:core:datastore-test	transitive	org.jspecify:jspecify:1.0.0	prod
:core:designsystem	direct	androidx.compose.foundation:foundation-layout:1.10.0-alpha04	dev
:core:designsystem	direct	androidx.compose.foundation:foundation-layout:1.10.0-alpha04	prod
:core:designsystem	direct	androidx.compose.foundation:foundation:1.10.0-alpha04	dev
:core:designsystem	direct	androidx.compose.foundation:foundation:1.10.0-alpha04	prod
:core:designsystem	direct	androidx.compose.material3.adaptive:adaptive:1.2.0-beta03	dev
:core:designsystem	direct	androidx.compose.material3.adaptive:adaptive:1.2.0-beta03	prod
:core:designsystem	direct	androidx.compose.material3:material3-adaptive-navigation-suite:1.5.0-alpha04	dev
:core:designsystem	direct	androidx.compose.material3:material3-adaptive-navigation-suite:1.5.0-alpha04	prod
:core:designsystem	direct	androidx.compose.material3:material3:1.5.0-alpha04	dev
:core:designsystem	direct	androidx.compose.material3:material3:1.5.0-alpha04	prod
:core:designsystem	direct	androidx.compose.material:material-icons-extended:1.7.8	dev
:core:designsystem	direct	androidx.compose.material:material-icons-extended:1.7.8	prod
:core:designsystem	direct	androidx.compose.runtime:runtime:1.10.0-alpha04	dev
:core:designsystem	direct	androidx.compose.runtime:runtime:1.10.0-alpha04	prod
:core:designsystem	direct	androidx.compose.ui:ui-test-junit4:1.10.0-alpha04	dev
:core:designsystem	direct	androidx.compose.ui:ui-test-manifest:1.10.0-alpha04	dev
:core:designsystem	direct	androidx.compose.ui:ui-tooling-preview:1.10.0-alpha04	dev
:core:designsystem	direct	androidx.compose.ui:ui-tooling-preview:1.10.0-alpha04	prod
:core:designsystem	direct	androidx.compose.ui:ui-tooling:1.10.0-alpha04	dev
:core:designsystem	direct	androidx.compose.ui:ui-tooling:1.10.0-alpha04	prod
:core:designsystem	direct	androidx.compose.ui:ui-util:1.10.0-alpha04	dev
:core:designsystem	direct	androidx.compose.ui:ui-util:1.10.0-alpha04	prod
:core:designsystem	direct	androidx.compose:compose-bom-alpha:2025.09.01	dev
:core:designsystem	direct	androidx.compose:compose-bom-alpha:2025.09.01	prod
:core:designsystem	direct	androidx.tracing:tracing-ktx:1.3.0-alpha02	dev
:core:designsystem	direct	androidx.tracing:tracing-ktx:1.3.0-alpha02	prod
:core:designsystem	direct	com.google.dagger:hilt-android-testing:2.59	dev
:core:designsystem	direct	io.coil-kt:coil-compose:2.7.0	dev
:core:designsystem	direct	io.coil-kt:coil-compose:2.7.0	prod
:core:designsystem	direct	junit:junit:4.13.2	dev
:core:designsystem	direct	org.jetbrains.kotlin:kotlin-stdlib:2.3.0	dev
:core:designsystem	direct	org.jetbrains.kotlin:kotlin-stdlib:2.3.0	prod
:core:designsystem	direct	org.jetbrains.kotlin:kotlin-test:2.3.0	dev
:core:designsystem	direct	org.robolectric:robolectric:4.16	dev
:core:designsystem	transitive	androidx.activity:activity-compose:1.8.2	prod
:core:designsystem	transitive	androidx.activity:activity-compose:1.9.3	dev
:core:designsystem	transitive	androidx.activity:activity-ktx:1.8.2	prod
:core:designsystem	transitive	androidx.activity:activity-ktx:1.9.3	dev
:core:designsystem	transitive	androidx.activity:activity:1.5.1	dev
:core:designsystem	transitive	androidx.activity:activity:1.8.2	prod
:core:designsystem	transitive	androidx.activity:activity:1.9.3	dev
:core:designsystem	transitive	androidx.annotation:annotation-experimental:1.5.1	dev
:core:designsystem	transitive	androidx.annotation:annotation-experimental:1.5.1	prod
:core:designsystem	transitive	androidx.annotation:annotation-jvm:1.9.1	dev
:core:designsystem	transitive	androidx.annotation:annotation-jvm:1.9.1	prod
:core:designsystem	transitive	androidx.annotation:annotation:1.9.1	dev
:core:designsystem	transitive	androidx.annotation:annotation:1.9.1	prod
:core:designsystem	transitive	androidx.appcompat:appcompat-resources:1.6.1	dev
:core:designsystem	transitive	androidx.appcompat:appcompat-resources:1.6.1	prod
:core:designsystem	transitive	androidx.appcompat:appcompat:1.6.1	dev
:core:designsystem	transitive	androidx.arch.core:core-common:2.2.0	dev
:core:designsystem	transitive	androidx.arch.core:core-common:2.2.0	prod
:core:designsystem	transitive	androidx.arch.core:core-runtime:2.2.0	dev
:core:designsystem	transitive	androidx.arch.core:core-runtime:2.2.0	prod
:core:designsystem	transitive	androidx.autofill:autofill:1.0.0	dev
:core:designsystem	transitive	androidx.autofill:autofill:1.0.0	prod
:core:designsystem	transitive	androidx.cardview:cardview:1.0.0	dev
:core:designsystem	transitive	androidx.collection:collection-jvm:1.5.0	dev
:core:designsystem	transitive	androidx.collection:collection-jvm:1.5.0	prod
:core:designsystem	transitive	androidx.collection:collection-ktx:1.5.0	dev
:core:designsystem	transitive	androidx.collection:collection-ktx:1.5.0	prod
:core:designsystem	transitive	androidx.collection:collection:1.5.0	dev
:core:designsystem	transitive	androidx.collection:collection:1.5.0	prod
:core:designsystem	transitive	androidx.compose.animation:animation-android:1.10.0-alpha04	dev
:core:designsystem	transitive	androidx.compose.animation:animation-android:1.10.0-alpha04	prod
:core:designsystem	transitive	androidx.compose.animation:animation-core-android:1.10.0-alpha04	dev
:core:designsystem	transitive	androidx.compose.animation:animation-core-android:1.10.0-alpha04	prod
:core:designsystem	transitive	androidx.compose.animation:animation-core:1.10.0-alpha04	dev
:core:designsystem	transitive	androidx.compose.animation:animation-core:1.10.0-alpha04	prod
:core:designsystem	transitive	androidx.compose.animation:animation:1.10.0-alpha04	dev
:core:designsystem	transitive	androidx.compose.animation:animation:1.10.0-alpha04	prod
:core:designsystem	transitive	androidx.compose.foundation:foundation-android:1.10.0-alpha04	dev
:core:designsystem	transitive	androidx.compose.foundation:foundation-android:1.10.0-alpha04	prod
:core:designsystem	transitive	androidx.compose.foundation:foundation-layout-android:1.10.0-alpha04	dev
:core:designsystem	transitive	androidx.compose.foundation:foundation-layout-android:1.10.0-alpha04	prod
:core:designsystem	transitive	androidx.compose.foundation:foundation-layout:1.10.0-alpha04	dev
:core:designsystem	transitive	androidx.compose.foundation:foundation:1.10.0-alpha04	dev
:core:designsystem	transitive	androidx.compose.material3.adaptive:adaptive-android:1.2.0-beta03	dev
:core:designsystem	transitive	androidx.compose.material3.adaptive:adaptive-android:1.2.0-beta03	prod
:core:designsystem	transitive	androidx.compose.material3.adaptive:adaptive:1.2.0-beta03	dev
:core:designsystem	transitive	androidx.compose.material3:material3-adaptive-navigation-suite-android:1.5.0-alpha04	dev
:core:designsystem	transitive	androidx.compose.material3:material3-adaptive-navigation-suite-android:1.5.0-alpha04	prod
:core:designsystem	transitive	androidx.compose.material3:material3-adaptive-navigation-suite:1.5.0-alpha04	dev
:core:designsystem	transitive	androidx.compose.material3:material3-android:1.5.0-alpha04	dev
:core:designsystem	transitive	androidx.compose.material3:material3-android:1.5.0-alpha04	prod
:core:designsystem	transitive	androidx.compose.material3:material3:1.5.0-alpha04	dev
:core:designsystem	transitive	androidx.compose.material:material-android:1.10.0-alpha04	dev
:core:designsystem	transitive	androidx.compose.material:material-android:1.10.0-alpha04	prod
:core:designsystem	transitive	androidx.compose.material:material-icons-core-android:1.7.8	dev
:core:designsystem	transitive	androidx.compose.material:material-icons-core-android:1.7.8	prod
:core:designsystem	transitive	androidx.compose.material:material-icons-core:1.7.8	dev
:core:designsystem	transitive	androidx.compose.material:material-icons-core:1.7.8	prod
:core:designsystem	transitive	androidx.compose.material:material-icons-extended-android:1.7.8	dev
:core:designsystem	transitive	androidx.compose.material:material-icons-extended-android:1.7.8	prod
:core:designsystem	transitive	androidx.compose.material:material-icons-extended:1.7.8	dev
:core:designsystem	transitive	androidx.compose.material:material-ripple-android:1.10.0-alpha04	dev
:core:designsystem	transitive	androidx.compose.material:material-ripple-android:1.10.0-alpha04	prod
:core:designsystem	transitive	androidx.compose.material:material-ripple:1.10.0-alpha04	dev
:core:designsystem	transitive	androidx.compose.material:material-ripple:1.10.0-alpha04	prod
:core:designsystem	transitive	androidx.compose.material:material:1.10.0-alpha04	dev
:core:designsystem	transitive	androidx.compose.material:material:1.10.0-alpha04	prod
:core:designsystem	transitive	androidx.compose.runtime:runtime-android:1.10.0-alpha04	dev
:core:designsystem	transitive	androidx.compose.runtime:runtime-android:1.10.0-alpha04	prod
:core:designsystem	transitive	androidx.compose.runtime:runtime-annotation-android:1.10.0-alpha04	dev
:core:designsystem	transitive	androidx.compose.runtime:runtime-annotation-android:1.10.0-alpha04	prod
:core:designsystem	transitive	androidx.compose.runtime:runtime-annotation:1.10.0-alpha04	dev
:core:designsystem	transitive	androidx.compose.runtime:runtime-annotation:1.10.0-alpha04	prod
:core:designsystem	transitive	androidx.compose.runtime:runtime-retain-android:1.10.0-alpha04	dev
:core:designsystem	transitive	androidx.compose.runtime:runtime-retain-android:1.10.0-alpha04	prod
:core:designsystem	transitive	androidx.compose.runtime:runtime-retain:1.10.0-alpha04	dev
:core:designsystem	transitive	androidx.compose.runtime:runtime-retain:1.10.0-alpha04	prod
:core:designsystem	transitive	androidx.compose.runtime:runtime-saveable-android:1.10.0-alpha04	dev
:core:designsystem	transitive	androidx.compose.runtime:runtime-saveable-android:1.10.0-alpha04	prod
:core:designsystem	transitive	androidx.compose.runtime:runtime-saveable:1.10.0-alpha04	dev
:core:designsystem	transitive	androidx.compose.runtime:runtime-saveable:1.10.0-alpha04	prod
:core:designsystem	transitive	androidx.compose.runtime:runtime:1.10.0-alpha04	dev
:core:designsystem	transitive	androidx.compose.ui:ui-android:1.10.0-alpha04	dev
:core:designsystem	transitive	androidx.compose.ui:ui-android:1.10.0-alpha04	prod
:core:designsystem	transitive	androidx.compose.ui:ui-geometry-android:1.10.0-alpha04	dev
:core:designsystem	transitive	androidx.compose.ui:ui-geometry-android:1.10.0-alpha04	prod
:core:designsystem	transitive	androidx.compose.ui:ui-geometry:1.10.0-alpha04	dev
:core:designsystem	transitive	androidx.compose.ui:ui-geometry:1.10.0-alpha04	prod
:core:designsystem	transitive	androidx.compose.ui:ui-graphics-android:1.10.0-alpha04	dev
:core:designsystem	transitive	androidx.compose.ui:ui-graphics-android:1.10.0-alpha04	prod
:core:designsystem	transitive	androidx.compose.ui:ui-graphics:1.10.0-alpha04	dev
:core:designsystem	transitive	androidx.compose.ui:ui-graphics:1.10.0-alpha04	prod
:core:designsystem	transitive	androidx.compose.ui:ui-test-android:1.10.0-alpha04	dev
:core:designsystem	transitive	androidx.compose.ui:ui-test-junit4-android:1.10.0-alpha04	dev
:core:designsystem	transitive	androidx.compose.ui:ui-test:1.10.0-alpha04	dev
:core:designsystem	transitive	androidx.compose.ui:ui-text-android:1.10.0-alpha04	dev
:core:designsystem	transitive	androidx.compose.ui:ui-text-android:1.10.0-alpha04	prod
:core:designsystem	transitive	androidx.compose.ui:ui-text:1.10.0-alpha04	dev
:core:designsystem	transitive	androidx.compose.ui:ui-text:1.10.0-alpha04	prod
:core:designsystem	transitive	androidx.compose.ui:ui-tooling-android:1.10.0-alpha04	dev
:core:designsystem	transitive	androidx.compose.ui:ui-tooling-android:1.10.0-alpha04	prod
:core:designsystem	transitive	androidx.compose.ui:ui-tooling-data-android:1.10.0-alpha04	dev
:core:designsystem	transitive	androidx.compose.ui:ui-tooling-data-android:1.10.0-alpha04	prod
:core:designsystem	transitive	androidx.compose.ui:ui-tooling-data:1.10.0-alpha04	dev
:core:designsystem	transitive	androidx.compose.ui:ui-tooling-data:1.10.0-alpha04	prod
:core:designsystem	transitive	androidx.compose.ui:ui-tooling-preview-android:1.10.0-alpha04	dev
:core:designsystem	transitive	androidx.compose.ui:ui-tooling-preview-android:1.10.0-alpha04	prod
:core:designsystem	transitive	androidx.compose.ui:ui-tooling-preview:1.10.0-alpha04	dev
:core:designsystem	transitive	androidx.compose.ui:ui-tooling:1.10.0-alpha04	dev
:core:designsystem	transitive	androidx.compose.ui:ui-unit-android:1.10.0-alpha04	dev
:core:designsystem	transitive	androidx.compose.ui:ui-unit-android:1.10.0-alpha04	prod
:core:designsystem	transitive	androidx.compose.ui:ui-unit:1.10.0-alpha04	dev
:core:designsystem	transitive	androidx.compose.ui:ui-unit:1.10.0-alpha04	prod
:core:designsystem	transitive	androidx.compose.ui:ui-util-android:1.10.0-alpha04	dev
:core:designsystem	transitive	androidx.compose.ui:ui-util-android:1.10.0-alpha04	prod
:core:designsystem	transitive	androidx.compose.ui:ui-util:1.10.0-alpha04	dev
:core:designsystem	transitive	androidx.compose.ui:ui:1.10.0-alpha04	dev
:core:designsystem	transitive	androidx.compose.ui:ui:1.10.0-alpha04	prod
:core:designsystem	transitive	androidx.compose:compose-bom-alpha:2025.09.01	dev
:core:designsystem	transitive	androidx.concurrent:concurrent-futures-ktx:1.1.0	dev
:core:designsystem	transitive	androidx.concurrent:concurrent-futures:1.1.0	dev
:core:designsystem	transitive	androidx.concurrent:concurrent-futures:1.1.0	prod
:core:designsystem	transitive	androidx.coordinatorlayout:coordinatorlayout:1.1.0	dev
:core:designsystem	transitive	androidx.core:core-ktx:1.16.0	dev
:core:designsystem	transitive	androidx.core:core-ktx:1.16.0	prod
:core:designsystem	transitive	androidx.core:core-ktx:1.2.0	dev
:core:designsystem	transitive	androidx.core:core-viewtree:1.0.0	dev
:core:designsystem	transitive	androidx.core:core-viewtree:1.0.0	prod
:core:designsystem	transitive	androidx.core:core:1.16.0	dev
:core:designsystem	transitive	androidx.core:core:1.16.0	prod
:core:designsystem	transitive	androidx.core:core:1.8.0	dev
:core:designsystem	transitive	androidx.cursoradapter:cursoradapter:1.0.0	dev
:core:designsystem	transitive	androidx.customview:customview-poolingcontainer:1.0.0	dev
:core:designsystem	transitive	androidx.customview:customview-poolingcontainer:1.0.0	prod
:core:designsystem	transitive	androidx.customview:customview:1.0.0	dev
:core:designsystem	transitive	androidx.documentfile:documentfile:1.0.0	dev
:core:designsystem	transitive	androidx.documentfile:documentfile:1.0.0	prod
:core:designsystem	transitive	androidx.drawerlayout:drawerlayout:1.0.0	dev
:core:designsystem	transitive	androidx.dynamicanimation:dynamicanimation:1.0.0	dev
:core:designsystem	transitive	androidx.dynamicanimation:dynamicanimation:1.0.0	prod
:core:designsystem	transitive	androidx.emoji2:emoji2-views-helper:1.4.0	dev
:core:designsystem	transitive	androidx.emoji2:emoji2:1.4.0	dev
:core:designsystem	transitive	androidx.emoji2:emoji2:1.4.0	prod
:core:designsystem	transitive	androidx.exifinterface:exifinterface:1.3.7	dev
:core:designsystem	transitive	androidx.exifinterface:exifinterface:1.3.7	prod
:core:designsystem	transitive	androidx.fragment:fragment:1.5.1	dev
:core:designsystem	transitive	androidx.graphics:graphics-path:1.0.1	dev
:core:designsystem	transitive	androidx.graphics:graphics-path:1.0.1	prod
:core:designsystem	transitive	androidx.graphics:graphics-shapes-android:1.0.1	dev
:core:designsystem	transitive	androidx.graphics:graphics-shapes-android:1.0.1	prod
:core:designsystem	transitive	androidx.graphics:graphics-shapes:1.0.1	dev
:core:designsystem	transitive	androidx.graphics:graphics-shapes:1.0.1	prod
:core:designsystem	transitive	androidx.interpolator:interpolator:1.0.0	dev
:core:designsystem	transitive	androidx.interpolator:interpolator:1.0.0	prod
:core:designsystem	transitive	androidx.legacy:legacy-support-core-utils:1.0.0	dev
:core:designsystem	transitive	androidx.legacy:legacy-support-core-utils:1.0.0	prod
:core:designsystem	transitive	androidx.lifecycle:lifecycle-common-java8:2.9.4	dev
:core:designsystem	transitive	androidx.lifecycle:lifecycle-common-java8:2.9.4	prod
:core:designsystem	transitive	androidx.lifecycle:lifecycle-common-jvm:2.8.7	dev
:core:designsystem	transitive	androidx.lifecycle:lifecycle-common-jvm:2.8.7	prod
:core:designsystem	transitive	androidx.lifecycle:lifecycle-common-jvm:2.9.4	dev
:core:designsystem	transitive	androidx.lifecycle:lifecycle-common-jvm:2.9.4	prod
:core:designsystem	transitive	androidx.lifecycle:lifecycle-common:2.8.7	dev
:core:designsystem	transitive	androidx.lifecycle:lifecycle-common:2.8.7	prod
:core:designsystem	transitive	androidx.lifecycle:lifecycle-common:2.9.4	dev
:core:designsystem	transitive	androidx.lifecycle:lifecycle-common:2.9.4	prod
:core:designsystem	transitive	androidx.lifecycle:lifecycle-livedata-core-ktx:2.8.7	dev
:core:designsystem	transitive	androidx.lifecycle:lifecycle-livedata-core-ktx:2.9.4	dev
:core:designsystem	transitive	androidx.lifecycle:lifecycle-livedata-core-ktx:2.9.4	prod
:core:designsystem	transitive	androidx.lifecycle:lifecycle-livedata-core:2.8.7	dev
:core:designsystem	transitive	androidx.lifecycle:lifecycle-livedata-core:2.9.4	dev
:core:designsystem	transitive	androidx.lifecycle:lifecycle-livedata-core:2.9.4	prod
:core:designsystem	transitive	androidx.lifecycle:lifecycle-livedata:2.8.7	dev
:core:designsystem	transitive	androidx.lifecycle:lifecycle-livedata:2.9.4	dev
:core:designsystem	transitive	androidx.lifecycle:lifecycle-livedata:2.9.4	prod
:core:designsystem	transitive	androidx.lifecycle:lifecycle-process:2.9.4	dev
:core:designsystem	transitive	androidx.lifecycle:lifecycle-process:2.9.4	prod
:core:designsystem	transitive	androidx.lifecycle:lifecycle-runtime-android:2.8.7	dev
:core:designsystem	transitive	androidx.lifecycle:lifecycle-runtime-android:2.8.7	prod
:core:designsystem	transitive	androidx.lifecycle:lifecycle-runtime-android:2.9.4	dev
:core:designsystem	transitive	androidx.lifecycle:lifecycle-runtime-android:2.9.4	prod
:core:designsystem	transitive	androidx.lifecycle:lifecycle-runtime-compose-android:2.8.7	dev
:core:designsystem	transitive	androidx.lifecycle:lifecycle-runtime-compose-android:2.8.7	prod
:core:designsystem	transitive	androidx.lifecycle:lifecycle-runtime-compose-android:2.9.4	dev
:core:designsystem	transitive	androidx.lifecycle:lifecycle-runtime-compose-android:2.9.4	prod
:core:designsystem	transitive	androidx.lifecycle:lifecycle-runtime-compose:2.8.7	dev
:core:designsystem	transitive	androidx.lifecycle:lifecycle-runtime-compose:2.8.7	prod
:core:designsystem	transitive	androidx.lifecycle:lifecycle-runtime-compose:2.9.4	dev
:core:designsystem	transitive	androidx.lifecycle:lifecycle-runtime-compose:2.9.4	prod
:core:designsystem	transitive	androidx.lifecycle:lifecycle-runtime-ktx-android:2.8.7	dev
:core:designsystem	transitive	androidx.lifecycle:lifecycle-runtime-ktx-android:2.8.7	prod
:core:designsystem	transitive	androidx.lifecycle:lifecycle-runtime-ktx-android:2.9.4	dev
:core:designsystem	transitive	androidx.lifecycle:lifecycle-runtime-ktx-android:2.9.4	prod
:core:designsystem	transitive	androidx.lifecycle:lifecycle-runtime-ktx:2.8.7	dev
:core:designsystem	transitive	androidx.lifecycle:lifecycle-runtime-ktx:2.8.7	prod
:core:designsystem	transitive	androidx.lifecycle:lifecycle-runtime-ktx:2.9.4	dev
:core:designsystem	transitive	androidx.lifecycle:lifecycle-runtime-ktx:2.9.4	prod
:core:designsystem	transitive	androidx.lifecycle:lifecycle-runtime:2.8.7	dev
:core:designsystem	transitive	androidx.lifecycle:lifecycle-runtime:2.8.7	prod
:core:designsystem	transitive	androidx.lifecycle:lifecycle-runtime:2.9.4	dev
:core:designsystem	transitive	androidx.lifecycle:lifecycle-runtime:2.9.4	prod
:core:designsystem	transitive	androidx.lifecycle:lifecycle-viewmodel-android:2.8.7	dev
:core:designsystem	transitive	androidx.lifecycle:lifecycle-viewmodel-android:2.9.4	dev
:core:designsystem	transitive	androidx.lifecycle:lifecycle-viewmodel-android:2.9.4	prod
:core:designsystem	transitive	androidx.lifecycle:lifecycle-viewmodel-ktx:2.9.4	dev
:core:designsystem	transitive	androidx.lifecycle:lifecycle-viewmodel-ktx:2.9.4	prod
:core:designsystem	transitive	androidx.lifecycle:lifecycle-viewmodel-savedstate-android:2.9.4	dev
:core:designsystem	transitive	androidx.lifecycle:lifecycle-viewmodel-savedstate-android:2.9.4	prod
:core:designsystem	transitive	androidx.lifecycle:lifecycle-viewmodel-savedstate:2.8.7	dev
:core:designsystem	transitive	androidx.lifecycle:lifecycle-viewmodel-savedstate:2.9.4	dev
:core:designsystem	transitive	androidx.lifecycle:lifecycle-viewmodel-savedstate:2.9.4	prod
:core:designsystem	transitive	androidx.lifecycle:lifecycle-viewmodel:2.8.7	dev
:core:designsystem	transitive	androidx.lifecycle:lifecycle-viewmodel:2.9.4	dev
:core:designsystem	transitive	androidx.lifecycle:lifecycle-viewmodel:2.9.4	prod
:core:designsystem	transitive	androidx.loader:loader:1.0.0	dev
:core:designsystem	transitive	androidx.loader:loader:1.0.0	prod
:core:designsystem	transitive	androidx.localbroadcastmanager:localbroadcastmanager:1.0.0	dev
:core:designsystem	transitive	androidx.localbroadcastmanager:localbroadcastmanager:1.0.0	prod
:core:designsystem	transitive	androidx.multidex:multidex:2.0.1	dev
:core:designsystem	transitive	androidx.print:print:1.0.0	dev
:core:designsystem	transitive	androidx.print:print:1.0.0	prod
:core:designsystem	transitive	androidx.profileinstaller:profileinstaller:1.4.0	dev
:core:designsystem	transitive	androidx.profileinstaller:profileinstaller:1.4.0	prod
:core:designsystem	transitive	androidx.recyclerview:recyclerview:1.1.0	dev
:core:designsystem	transitive	androidx.resourceinspection:resourceinspection-annotation:1.0.1	dev
:core:designsystem	transitive	androidx.savedstate:savedstate-android:1.3.2	dev
:core:designsystem	transitive	androidx.savedstate:savedstate-android:1.3.2	prod
:core:designsystem	transitive	androidx.savedstate:savedstate-compose-android:1.3.2	dev
:core:designsystem	transitive	androidx.savedstate:savedstate-compose-android:1.3.2	prod
:core:designsystem	transitive	androidx.savedstate:savedstate-compose:1.3.2	dev
:core:designsystem	transitive	androidx.savedstate:savedstate-compose:1.3.2	prod
:core:designsystem	transitive	androidx.savedstate:savedstate-ktx:1.3.2	dev
:core:designsystem	transitive	androidx.savedstate:savedstate-ktx:1.3.2	prod
:core:designsystem	transitive	androidx.savedstate:savedstate:1.3.2	dev
:core:designsystem	transitive	androidx.savedstate:savedstate:1.3.2	prod
:core:designsystem	transitive	androidx.startup:startup-runtime:1.1.1	dev
:core:designsystem	transitive	androidx.startup:startup-runtime:1.1.1	prod
:core:designsystem	transitive	androidx.test.espresso:espresso-core:3.5.1	dev
:core:designsystem	transitive	androidx.test.espresso:espresso-idling-resource:3.5.1	dev
:core:designsystem	transitive	androidx.test.espresso:espresso-idling-resource:3.7.0	dev
:core:designsystem	transitive	androidx.test.ext:junit-ktx:1.2.1	dev
:core:designsystem	transitive	androidx.test.ext:junit:1.1.5	dev
:core:designsystem	transitive	androidx.test.ext:junit:1.2.1	dev
:core:designsystem	transitive	androidx.test.services:storage:1.4.2	dev
:core:designsystem	transitive	androidx.test.services:storage:1.5.0	dev
:core:designsystem	transitive	androidx.test:annotation:1.0.1	dev
:core:designsystem	transitive	androidx.test:core:1.5.0	dev
:core:designsystem	transitive	androidx.test:core:1.6.1	dev
:core:designsystem	transitive	androidx.test:monitor:1.8.0	dev
:core:designsystem	transitive	androidx.test:rules:1.4.0	dev
:core:designsystem	transitive	androidx.test:runner:1.5.2	dev
:core:designsystem	transitive	androidx.tracing:tracing-ktx:1.3.0-alpha02	dev
:core:designsystem	transitive	androidx.tracing:tracing:1.3.0-alpha02	dev
:core:designsystem	transitive	androidx.tracing:tracing:1.3.0-alpha02	prod
:core:designsystem	transitive	androidx.transition:transition:1.6.0	dev
:core:designsystem	transitive	androidx.transition:transition:1.6.0	prod
:core:designsystem	transitive	androidx.vectordrawable:vectordrawable-animated:1.1.0	dev
:core:designsystem	transitive	androidx.vectordrawable:vectordrawable-animated:1.1.0	prod
:core:designsystem	transitive	androidx.vectordrawable:vectordrawable:1.1.0	dev
:core:designsystem	transitive	androidx.vectordrawable:vectordrawable:1.1.0	prod
:core:designsystem	transitive	androidx.versionedparcelable:versionedparcelable:1.1.1	dev
:core:designsystem	transitive	androidx.versionedparcelable:versionedparcelable:1.1.1	prod
:core:designsystem	transitive	androidx.viewpager2:viewpager2:1.0.0	dev
:core:designsystem	transitive	androidx.viewpager:viewpager:1.0.0	dev
:core:designsystem	transitive	androidx.window:window-core-android:1.4.0	dev
:core:designsystem	transitive	androidx.window:window-core-android:1.4.0	prod
:core:designsystem	transitive	androidx.window:window-core:1.4.0	dev
:core:designsystem	transitive	androidx.window:window-core:1.4.0	prod
:core:designsystem	transitive	androidx.window:window:1.4.0	dev
:core:designsystem	transitive	androidx.window:window:1.4.0	prod
:core:designsystem	transitive	com.almworks.sqlite4java:sqlite4java:1.0.392	dev
:core:designsystem	transitive	com.dropbox.differ:differ-jvm:0.3.0	dev
:core:designsystem	transitive	com.dropbox.differ:differ:0.3.0	dev
:core:designsystem	transitive	com.google.accompanist:accompanist-drawablepainter:0.32.0	dev
:core:designsystem	transitive	com.google.accompanist:accompanist-drawablepainter:0.32.0	prod
:core:designsystem	transitive	com.google.android.apps.common.testing.accessibility.framework:accessibility-test-framework:4.1.1	dev
:core:designsystem	transitive	com.google.android.material:material:1.2.0-rc01	dev
:core:designsystem	transitive	com.google.auto.value:auto-value-annotations:1.11.0	dev
:core:designsystem	transitive	com.google.code.findbugs:jsr305:3.0.2	dev
:core:designsystem	transitive	com.google.dagger:dagger-lint-aar:2.59	dev
:core:designsystem	transitive	com.google.dagger:dagger:2.59	dev
:core:designsystem	transitive	com.google.dagger:hilt-android:2.59	dev
:core:designsystem	transitive	com.google.dagger:hilt-core:2.59	dev
:core:designsystem	transitive	com.google.errorprone:error_prone_annotation:2.41.0	dev
:core:designsystem	transitive	com.google.errorprone:error_prone_annotations:2.36.0	dev
:core:designsystem	transitive	com.google.guava:failureaccess:1.0.3	dev
:core:designsystem	transitive	com.google.guava:guava:33.4.8-jre	dev
:core:designsystem	transitive	com.google.guava:listenablefuture:1.0	prod
:core:designsystem	transitive	com.google.guava:listenablefuture:9999.0-empty-to-avoid-conflict-with-guava	dev
:core:designsystem	transitive	com.google.j2objc:j2objc-annotations:3.0.0	dev
:core:designsystem	transitive	com.google.protobuf:protobuf-javalite:3.19.1	dev
:core:designsystem	transitive	com.google.testparameterinjector:test-parameter-injector:1.18	dev
:core:designsystem	transitive	com.ibm.icu:icu4j:77.1	dev
:core:designsystem	transitive	com.squareup.okhttp3:okhttp:4.12.0	dev
:core:designsystem	transitive	com.squareup.okhttp3:okhttp:4.12.0	prod
:core:designsystem	transitive	com.squareup.okio:okio-jvm:3.9.0	dev
:core:designsystem	transitive	com.squareup.okio:okio-jvm:3.9.0	prod
:core:designsystem	transitive	com.squareup.okio:okio:3.9.0	dev
:core:designsystem	transitive	com.squareup.okio:okio:3.9.0	prod
:core:designsystem	transitive	com.squareup:javawriter:2.1.1	dev
:core:designsystem	transitive	io.coil-kt:coil-base:2.7.0	dev
:core:designsystem	transitive	io.coil-kt:coil-base:2.7.0	prod
:core:designsystem	transitive	io.coil-kt:coil-compose-base:2.7.0	dev
:core:designsystem	transitive	io.coil-kt:coil-compose-base:2.7.0	prod
:core:designsystem	transitive	io.coil-kt:coil-compose:2.7.0	dev
:core:designsystem	transitive	io.coil-kt:coil:2.7.0	dev
:core:designsystem	transitive	io.coil-kt:coil:2.7.0	prod
:core:designsystem	transitive	io.github.takahirom.roborazzi:roborazzi-accessibility-check:1.56.0	dev
:core:designsystem	transitive	io.github.takahirom.roborazzi:roborazzi-core-android:1.56.0	dev
:core:designsystem	transitive	io.github.takahirom.roborazzi:roborazzi-core:1.56.0	dev
:core:designsystem	transitive	io.github.takahirom.roborazzi:roborazzi-junit-rule:1.56.0	dev
:core:designsystem	transitive	io.github.takahirom.roborazzi:roborazzi-painter-jvm:1.56.0	dev
:core:designsystem	transitive	io.github.takahirom.roborazzi:roborazzi-painter:1.56.0	dev
:core:designsystem	transitive	io.github.takahirom.roborazzi:roborazzi:1.56.0	dev
:core:designsystem	transitive	jakarta.inject:jakarta.inject-api:2.0.1	dev
:core:designsystem	transitive	javax.annotation:javax.annotation-api:1.3.2	dev
:core:designsystem	transitive	javax.inject:javax.inject:1	dev
:core:designsystem	transitive	org.bouncycastle:bcprov-jdk18on:1.81	dev
:core:designsystem	transitive	org.checkerframework:checker-qual:3.22.1	dev
:core:designsystem	transitive	org.conscrypt:conscrypt-openjdk-uber:2.5.2	dev
:core:designsystem	transitive	org.hamcrest:hamcrest-core:1.3	dev
:core:designsystem	transitive	org.hamcrest:hamcrest-integration:1.3	dev
:core:designsystem	transitive	org.hamcrest:hamcrest-library:1.3	dev
:core:designsystem	transitive	org.jetbrains.kotlin:kotlin-stdlib-common:2.3.0	dev
:core:designsystem	transitive	org.jetbrains.kotlin:kotlin-stdlib-common:2.3.0	prod
:core:designsystem	transitive	org.jetbrains.kotlin:kotlin-stdlib-jdk7:1.8.21	dev
:core:designsystem	transitive	org.jetbrains.kotlin:kotlin-stdlib-jdk7:1.8.21	prod
:core:designsystem	transitive	org.jetbrains.kotlin:kotlin-stdlib-jdk7:1.9.0	dev
:core:designsystem	transitive	org.jetbrains.kotlin:kotlin-stdlib-jdk7:1.9.0	prod
:core:designsystem	transitive	org.jetbrains.kotlin:kotlin-stdlib-jdk8:1.8.21	dev
:core:designsystem	transitive	org.jetbrains.kotlin:kotlin-stdlib-jdk8:1.8.21	prod
:core:designsystem	transitive	org.jetbrains.kotlin:kotlin-stdlib-jdk8:1.9.0	dev
:core:designsystem	transitive	org.jetbrains.kotlin:kotlin-stdlib-jdk8:1.9.0	prod
:core:designsystem	transitive	org.jetbrains.kotlin:kotlin-stdlib:2.3.0	dev
:core:designsystem	transitive	org.jetbrains.kotlinx:kotlinx-coroutines-android:1.9.0	dev
:core:designsystem	transitive	org.jetbrains.kotlinx:kotlinx-coroutines-android:1.9.0	prod
:core:designsystem	transitive	org.jetbrains.kotlinx:kotlinx-coroutines-bom:1.9.0	dev
:core:designsystem	transitive	org.jetbrains.kotlinx:kotlinx-coroutines-bom:1.9.0	prod
:core:designsystem	transitive	org.jetbrains.kotlinx:kotlinx-coroutines-core-jvm:1.9.0	dev
:core:designsystem	transitive	org.jetbrains.kotlinx:kotlinx-coroutines-core-jvm:1.9.0	prod
:core:designsystem	transitive	org.jetbrains.kotlinx:kotlinx-coroutines-core:1.9.0	dev
:core:designsystem	transitive	org.jetbrains.kotlinx:kotlinx-coroutines-core:1.9.0	prod
:core:designsystem	transitive	org.jetbrains.kotlinx:kotlinx-coroutines-test-jvm:1.9.0	dev
:core:designsystem	transitive	org.jetbrains.kotlinx:kotlinx-coroutines-test:1.9.0	dev
:core:designsystem	transitive	org.jetbrains.kotlinx:kotlinx-io-bytestring-jvm:0.3.3	dev
:core:designsystem	transitive	org.jetbrains.kotlinx:kotlinx-io-bytestring:0.3.3	dev
:core:designsystem	transitive	org.jetbrains.kotlinx:kotlinx-io-core-jvm:0.3.3	dev
:core:designsystem	transitive	org.jetbrains.kotlinx:kotlinx-io-core:0.3.3	dev
:core:designsystem	transitive	org.jetbrains.kotlinx:kotlinx-serialization-bom:1.7.3	dev
:core:designsystem	transitive	org.jetbrains.kotlinx:kotlinx-serialization-bom:1.7.3	prod
:core:designsystem	transitive	org.jetbrains.kotlinx:kotlinx-serialization-core-jvm:1.7.3	dev
:core:designsystem	transitive	org.jetbrains.kotlinx:kotlinx-serialization-core-jvm:1.7.3	prod
:core:designsystem	transitive	org.jetbrains.kotlinx:kotlinx-serialization-core:1.7.3	dev
:core:designsystem	transitive	org.jetbrains.kotlinx:kotlinx-serialization-core:1.7.3	prod
:core:designsystem	transitive	org.jetbrains.kotlinx:kotlinx-serialization-json-jvm:1.7.3	dev
:core:designsystem	transitive	org.jetbrains.kotlinx:kotlinx-serialization-json:1.7.3	dev
:core:designsystem	transitive	org.jetbrains:annotations:23.0.0	dev
:core:designsystem	transitive	org.jetbrains:annotations:23.0.0	prod
:core:designsystem	transitive	org.jsoup:jsoup:1.15.1	dev
:core:designsystem	transitive	org.jspecify:jspecify:1.0.0	dev
:core:designsystem	transitive	org.jspecify:jspecify:1.0.0	prod
:core:designsystem	transitive	org.ow2.asm:asm-commons:9.8	dev
:core:designsystem	transitive	org.ow2.asm:asm-tree:9.8	dev
:core:designsystem	transitive	org.ow2.asm:asm:9.8	dev
:core:designsystem	transitive	org.robolectric:annotations:4.16	dev
:core:designsystem	transitive	org.robolectric:junit:4.16	dev
:core:designsystem	transitive	org.robolectric:nativeruntime-dist-compat:1.0.18	dev
:core:designsystem	transitive	org.robolectric:nativeruntime:4.16	dev
:core:designsystem	transitive	org.robolectric:pluginapi:4.16	dev
:core:designsystem	transitive	org.robolectric:plugins-maven-dependency-resolver:4.16	dev
:core:designsystem	transitive	org.robolectric:resources:4.16	dev
:core:designsystem	transitive	org.robolectric:sandbox:4.16	dev
:core:designsystem	transitive	org.robolectric:shadowapi:4.16	dev
:core:designsystem	transitive	org.robolectric:shadows-framework:4.16	dev
:core:designsystem	transitive	org.robolectric:utils-reflector:4.16	dev
:core:designsystem	transitive	org.robolectric:utils:4.16	dev
:core:designsystem	transitive	org.yaml:snakeyaml:2.4	dev
:core:domain	direct	androidx.tracing:tracing-ktx:1.3.0-alpha02	dev
:core:domain	direct	androidx.tracing:tracing-ktx:1.3.0-alpha02	prod
:core:domain	direct	javax.inject:javax.inject:1	dev
:core:domain	direct	javax.inject:javax.inject:1	prod
:core:domain	direct	junit:junit:4.13.2	dev
:core:domain	direct	org.jetbrains.kotlin:kotlin-stdlib:2.3.0	dev
:core:domain	direct	org.jetbrains.kotlin:kotlin-stdlib:2.3.0	prod
:core:domain	direct	org.jetbrains.kotlin:kotlin-test:2.3.0	dev
:core:domain	transitive	androidx.activity:activity-compose:1.7.0	dev
:core:domain	transitive	androidx.activity:activity-compose:1.7.0	prod
:core:domain	transitive	androidx.activity:activity-ktx:1.7.0	dev
:core:domain	transitive	androidx.activity:activity-ktx:1.7.0	prod
:core:domain	transitive	androidx.activity:activity:1.5.1	prod
:core:domain	transitive	androidx.activity:activity:1.7.0	dev
:core:domain	transitive	androidx.activity:activity:1.7.0	prod
:core:domain	transitive	androidx.annotation:annotation-experimental:1.5.0	dev
:core:domain	transitive	androidx.annotation:annotation-experimental:1.5.0	prod
:core:domain	transitive	androidx.annotation:annotation-jvm:1.9.1	dev
:core:domain	transitive	androidx.annotation:annotation-jvm:1.9.1	prod
:core:domain	transitive	androidx.annotation:annotation:1.9.1	dev
:core:domain	transitive	androidx.annotation:annotation:1.9.1	prod
:core:domain	transitive	androidx.appcompat:appcompat-resources:1.6.1	dev
:core:domain	transitive	androidx.appcompat:appcompat-resources:1.6.1	prod
:core:domain	transitive	androidx.arch.core:core-common:2.2.0	dev
:core:domain	transitive	androidx.arch.core:core-common:2.2.0	prod
:core:domain	transitive	androidx.arch.core:core-runtime:2.2.0	dev
:core:domain	transitive	androidx.arch.core:core-runtime:2.2.0	prod
:core:domain	transitive	androidx.autofill:autofill:1.0.0	dev
:core:domain	transitive	androidx.autofill:autofill:1.0.0	prod
:core:domain	transitive	androidx.collection:collection-jvm:1.5.0	dev
:core:domain	transitive	androidx.collection:collection-jvm:1.5.0	prod
:core:domain	transitive	androidx.collection:collection-ktx:1.5.0	dev
:core:domain	transitive	androidx.collection:collection-ktx:1.5.0	prod
:core:domain	transitive	androidx.collection:collection:1.5.0	dev
:core:domain	transitive	androidx.collection:collection:1.5.0	prod
:core:domain	transitive	androidx.compose.animation:animation-android:1.10.0-alpha04	dev
:core:domain	transitive	androidx.compose.animation:animation-android:1.10.0-alpha04	prod
:core:domain	transitive	androidx.compose.animation:animation-core-android:1.10.0-alpha04	dev
:core:domain	transitive	androidx.compose.animation:animation-core-android:1.10.0-alpha04	prod
:core:domain	transitive	androidx.compose.animation:animation-core:1.10.0-alpha04	dev
:core:domain	transitive	androidx.compose.animation:animation-core:1.10.0-alpha04	prod
:core:domain	transitive	androidx.compose.animation:animation:1.10.0-alpha04	dev
:core:domain	transitive	androidx.compose.animation:animation:1.10.0-alpha04	prod
:core:domain	transitive	androidx.compose.foundation:foundation-android:1.10.0-alpha04	dev
:core:domain	transitive	androidx.compose.foundation:foundation-android:1.10.0-alpha04	prod
:core:domain	transitive	androidx.compose.foundation:foundation-layout-android:1.10.0-alpha04	dev
:core:domain	transitive	androidx.compose.foundation:foundation-layout-android:1.10.0-alpha04	prod
:core:domain	transitive	androidx.compose.foundation:foundation-layout:1.10.0-alpha04	dev
:core:domain	transitive	androidx.compose.foundation:foundation-layout:1.10.0-alpha04	prod
:core:domain	transitive	androidx.compose.foundation:foundation:1.10.0-alpha04	dev
:core:domain	transitive	androidx.compose.foundation:foundation:1.10.0-alpha04	prod
:core:domain	transitive	androidx.compose.material:material-android:1.10.0-alpha04	dev
:core:domain	transitive	androidx.compose.material:material-android:1.10.0-alpha04	prod
:core:domain	transitive	androidx.compose.material:material-ripple-android:1.10.0-alpha04	dev
:core:domain	transitive	androidx.compose.material:material-ripple-android:1.10.0-alpha04	prod
:core:domain	transitive	androidx.compose.material:material-ripple:1.10.0-alpha04	dev
:core:domain	transitive	androidx.compose.material:material-ripple:1.10.0-alpha04	prod
:core:domain	transitive	androidx.compose.material:material:1.10.0-alpha04	dev
:core:domain	transitive	androidx.compose.material:material:1.10.0-alpha04	prod
:core:domain	transitive	androidx.compose.runtime:runtime-android:1.10.0-alpha04	dev
:core:domain	transitive	androidx.compose.runtime:runtime-android:1.10.0-alpha04	prod
:core:domain	transitive	androidx.compose.runtime:runtime-annotation-android:1.10.0-alpha04	dev
:core:domain	transitive	androidx.compose.runtime:runtime-annotation-android:1.10.0-alpha04	prod
:core:domain	transitive	androidx.compose.runtime:runtime-annotation:1.10.0-alpha04	dev
:core:domain	transitive	androidx.compose.runtime:runtime-annotation:1.10.0-alpha04	prod
:core:domain	transitive	androidx.compose.runtime:runtime-retain-android:1.10.0-alpha04	dev
:core:domain	transitive	androidx.compose.runtime:runtime-retain-android:1.10.0-alpha04	prod
:core:domain	transitive	androidx.compose.runtime:runtime-retain:1.10.0-alpha04	dev
:core:domain	transitive	androidx.compose.runtime:runtime-retain:1.10.0-alpha04	prod
:core:domain	transitive	androidx.compose.runtime:runtime-saveable-android:1.10.0-alpha04	dev
:core:domain	transitive	androidx.compose.runtime:runtime-saveable-android:1.10.0-alpha04	prod
:core:domain	transitive	androidx.compose.runtime:runtime-saveable:1.10.0-alpha04	dev
:core:domain	transitive	androidx.compose.runtime:runtime-saveable:1.10.0-alpha04	prod
:core:domain	transitive	androidx.compose.runtime:runtime:1.10.0-alpha04	dev
:core:domain	transitive	androidx.compose.runtime:runtime:1.10.0-alpha04	prod
:core:domain	transitive	androidx.compose.ui:ui-android:1.10.0-alpha04	dev
:core:domain	transitive	androidx.compose.ui:ui-android:1.10.0-alpha04	prod
:core:domain	transitive	androidx.compose.ui:ui-geometry-android:1.10.0-alpha04	dev
:core:domain	transitive	androidx.compose.ui:ui-geometry-android:1.10.0-alpha04	prod
:core:domain	transitive	androidx.compose.ui:ui-geometry:1.10.0-alpha04	dev
:core:domain	transitive	androidx.compose.ui:ui-geometry:1.10.0-alpha04	prod
:core:domain	transitive	androidx.compose.ui:ui-graphics-android:1.10.0-alpha04	dev
:core:domain	transitive	androidx.compose.ui:ui-graphics-android:1.10.0-alpha04	prod
:core:domain	transitive	androidx.compose.ui:ui-graphics:1.10.0-alpha04	dev
:core:domain	transitive	androidx.compose.ui:ui-graphics:1.10.0-alpha04	prod
:core:domain	transitive	androidx.compose.ui:ui-text-android:1.10.0-alpha04	dev
:core:domain	transitive	androidx.compose.ui:ui-text-android:1.10.0-alpha04	prod
:core:domain	transitive	androidx.compose.ui:ui-text:1.10.0-alpha04	dev
:core:domain	transitive	androidx.compose.ui:ui-text:1.10.0-alpha04	prod
:core:domain	transitive	androidx.compose.ui:ui-tooling-android:1.10.0-alpha04	dev
:core:domain	transitive	androidx.compose.ui:ui-tooling-android:1.10.0-alpha04	prod
:core:domain	transitive	androidx.compose.ui:ui-tooling-data-android:1.10.0-alpha04	dev
:core:domain	transitive	androidx.compose.ui:ui-tooling-data-android:1.10.0-alpha04	prod
:core:domain	transitive	androidx.compose.ui:ui-tooling-data:1.10.0-alpha04	dev
:core:domain	transitive	androidx.compose.ui:ui-tooling-data:1.10.0-alpha04	prod
:core:domain	transitive	androidx.compose.ui:ui-tooling-preview-android:1.10.0-alpha04	dev
:core:domain	transitive	androidx.compose.ui:ui-tooling-preview-android:1.10.0-alpha04	prod
:core:domain	transitive	androidx.compose.ui:ui-tooling-preview:1.10.0-alpha04	dev
:core:domain	transitive	androidx.compose.ui:ui-tooling-preview:1.10.0-alpha04	prod
:core:domain	transitive	androidx.compose.ui:ui-tooling:1.10.0-alpha04	dev
:core:domain	transitive	androidx.compose.ui:ui-tooling:1.10.0-alpha04	prod
:core:domain	transitive	androidx.compose.ui:ui-unit-android:1.10.0-alpha04	dev
:core:domain	transitive	androidx.compose.ui:ui-unit-android:1.10.0-alpha04	prod
:core:domain	transitive	androidx.compose.ui:ui-unit:1.10.0-alpha04	dev
:core:domain	transitive	androidx.compose.ui:ui-unit:1.10.0-alpha04	prod
:core:domain	transitive	androidx.compose.ui:ui-util-android:1.10.0-alpha04	dev
:core:domain	transitive	androidx.compose.ui:ui-util-android:1.10.0-alpha04	prod
:core:domain	transitive	androidx.compose.ui:ui-util:1.10.0-alpha04	dev
:core:domain	transitive	androidx.compose.ui:ui-util:1.10.0-alpha04	prod
:core:domain	transitive	androidx.compose.ui:ui:1.10.0-alpha04	dev
:core:domain	transitive	androidx.compose.ui:ui:1.10.0-alpha04	prod
:core:domain	transitive	androidx.compose:compose-bom-alpha:2025.09.01	dev
:core:domain	transitive	androidx.compose:compose-bom-alpha:2025.09.01	prod
:core:domain	transitive	androidx.concurrent:concurrent-futures:1.1.0	dev
:core:domain	transitive	androidx.concurrent:concurrent-futures:1.1.0	prod
:core:domain	transitive	androidx.core:core-ktx:1.12.0	prod
:core:domain	transitive	androidx.core:core-ktx:1.16.0	dev
:core:domain	transitive	androidx.core:core-ktx:1.16.0	prod
:core:domain	transitive	androidx.core:core-viewtree:1.0.0	dev
:core:domain	transitive	androidx.core:core-viewtree:1.0.0	prod
:core:domain	transitive	androidx.core:core:1.12.0	prod
:core:domain	transitive	androidx.core:core:1.16.0	dev
:core:domain	transitive	androidx.core:core:1.16.0	prod
:core:domain	transitive	androidx.customview:customview-poolingcontainer:1.0.0	dev
:core:domain	transitive	androidx.customview:customview-poolingcontainer:1.0.0	prod
:core:domain	transitive	androidx.customview:customview:1.0.0	dev
:core:domain	transitive	androidx.customview:customview:1.0.0	prod
:core:domain	transitive	androidx.datastore:datastore-android:1.2.0	dev
:core:domain	transitive	androidx.datastore:datastore-android:1.2.0	prod
:core:domain	transitive	androidx.datastore:datastore-core-android:1.2.0	dev
:core:domain	transitive	androidx.datastore:datastore-core-android:1.2.0	prod
:core:domain	transitive	androidx.datastore:datastore-core-okio-jvm:1.2.0	dev
:core:domain	transitive	androidx.datastore:datastore-core-okio-jvm:1.2.0	prod
:core:domain	transitive	androidx.datastore:datastore-core-okio:1.2.0	dev
:core:domain	transitive	androidx.datastore:datastore-core-okio:1.2.0	prod
:core:domain	transitive	androidx.datastore:datastore-core:1.2.0	dev
:core:domain	transitive	androidx.datastore:datastore-core:1.2.0	prod
:core:domain	transitive	androidx.datastore:datastore:1.2.0	dev
:core:domain	transitive	androidx.datastore:datastore:1.2.0	prod
:core:domain	transitive	androidx.documentfile:documentfile:1.0.0	dev
:core:domain	transitive	androidx.documentfile:documentfile:1.0.0	prod
:core:domain	transitive	androidx.dynamicanimation:dynamicanimation:1.0.0	dev
:core:domain	transitive	androidx.dynamicanimation:dynamicanimation:1.0.0	prod
:core:domain	transitive	androidx.emoji2:emoji2:1.4.0	dev
:core:domain	transitive	androidx.emoji2:emoji2:1.4.0	prod
:core:domain	transitive	androidx.exifinterface:exifinterface:1.3.7	dev
:core:domain	transitive	androidx.exifinterface:exifinterface:1.3.7	prod
:core:domain	transitive	androidx.fragment:fragment:1.5.1	dev
:core:domain	transitive	androidx.fragment:fragment:1.5.1	prod
:core:domain	transitive	androidx.graphics:graphics-path:1.0.1	dev
:core:domain	transitive	androidx.graphics:graphics-path:1.0.1	prod
:core:domain	transitive	androidx.interpolator:interpolator:1.0.0	dev
:core:domain	transitive	androidx.interpolator:interpolator:1.0.0	prod
:core:domain	transitive	androidx.legacy:legacy-support-core-utils:1.0.0	dev
:core:domain	transitive	androidx.legacy:legacy-support-core-utils:1.0.0	prod
:core:domain	transitive	androidx.lifecycle:lifecycle-common-jvm:2.9.4	dev
:core:domain	transitive	androidx.lifecycle:lifecycle-common-jvm:2.9.4	prod
:core:domain	transitive	androidx.lifecycle:lifecycle-common:2.7.0	prod
:core:domain	transitive	androidx.lifecycle:lifecycle-common:2.9.4	dev
:core:domain	transitive	androidx.lifecycle:lifecycle-common:2.9.4	prod
:core:domain	transitive	androidx.lifecycle:lifecycle-livedata-core-ktx:2.7.0	prod
:core:domain	transitive	androidx.lifecycle:lifecycle-livedata-core-ktx:2.9.4	dev
:core:domain	transitive	androidx.lifecycle:lifecycle-livedata-core-ktx:2.9.4	prod
:core:domain	transitive	androidx.lifecycle:lifecycle-livedata-core:2.7.0	prod
:core:domain	transitive	androidx.lifecycle:lifecycle-livedata-core:2.9.4	dev
:core:domain	transitive	androidx.lifecycle:lifecycle-livedata-core:2.9.4	prod
:core:domain	transitive	androidx.lifecycle:lifecycle-livedata:2.7.0	prod
:core:domain	transitive	androidx.lifecycle:lifecycle-livedata:2.9.4	dev
:core:domain	transitive	androidx.lifecycle:lifecycle-livedata:2.9.4	prod
:core:domain	transitive	androidx.lifecycle:lifecycle-process:2.9.4	dev
:core:domain	transitive	androidx.lifecycle:lifecycle-process:2.9.4	prod
:core:domain	transitive	androidx.lifecycle:lifecycle-runtime-android:2.9.4	dev
:core:domain	transitive	androidx.lifecycle:lifecycle-runtime-android:2.9.4	prod
:core:domain	transitive	androidx.lifecycle:lifecycle-runtime-compose-android:2.9.4	dev
:core:domain	transitive	androidx.lifecycle:lifecycle-runtime-compose-android:2.9.4	prod
:core:domain	transitive	androidx.lifecycle:lifecycle-runtime-compose:2.9.4	dev
:core:domain	transitive	androidx.lifecycle:lifecycle-runtime-compose:2.9.4	prod
:core:domain	transitive	androidx.lifecycle:lifecycle-runtime-ktx-android:2.9.4	dev
:core:domain	transitive	androidx.lifecycle:lifecycle-runtime-ktx-android:2.9.4	prod
:core:domain	transitive	androidx.lifecycle:lifecycle-runtime-ktx:2.9.4	dev
:core:domain	transitive	androidx.lifecycle:lifecycle-runtime-ktx:2.9.4	prod
:core:domain	transitive	androidx.lifecycle:lifecycle-runtime:2.7.0	prod
:core:domain	transitive	androidx.lifecycle:lifecycle-runtime:2.9.4	dev
:core:domain	transitive	androidx.lifecycle:lifecycle-runtime:2.9.4	prod
:core:domain	transitive	androidx.lifecycle:lifecycle-viewmodel-android:2.9.4	dev
:core:domain	transitive	androidx.lifecycle:lifecycle-viewmodel-android:2.9.4	prod
:core:domain	transitive	androidx.lifecycle:lifecycle-viewmodel-ktx:2.9.4	dev
:core:domain	transitive	androidx.lifecycle:lifecycle-viewmodel-ktx:2.9.4	prod
:core:domain	transitive	androidx.lifecycle:lifecycle-viewmodel-savedstate-android:2.9.4	dev
:core:domain	transitive	androidx.lifecycle:lifecycle-viewmodel-savedstate-android:2.9.4	prod
:core:domain	transitive	androidx.lifecycle:lifecycle-viewmodel-savedstate:2.7.0	prod
:core:domain	transitive	androidx.lifecycle:lifecycle-viewmodel-savedstate:2.9.4	dev
:core:domain	transitive	androidx.lifecycle:lifecycle-viewmodel-savedstate:2.9.4	prod
:core:domain	transitive	androidx.lifecycle:lifecycle-viewmodel:2.7.0	prod
:core:domain	transitive	androidx.lifecycle:lifecycle-viewmodel:2.9.4	dev
:core:domain	transitive	androidx.lifecycle:lifecycle-viewmodel:2.9.4	prod
:core:domain	transitive	androidx.loader:loader:1.0.0	dev
:core:domain	transitive	androidx.loader:loader:1.0.0	prod
:core:domain	transitive	androidx.localbroadcastmanager:localbroadcastmanager:1.0.0	dev
:core:domain	transitive	androidx.localbroadcastmanager:localbroadcastmanager:1.0.0	prod
:core:domain	transitive	androidx.multidex:multidex:2.0.1	dev
:core:domain	transitive	androidx.print:print:1.0.0	dev
:core:domain	transitive	androidx.print:print:1.0.0	prod
:core:domain	transitive	androidx.privacysandbox.ads:ads-adservices-java:1.0.0-beta05	dev
:core:domain	transitive	androidx.privacysandbox.ads:ads-adservices-java:1.0.0-beta05	prod
:core:domain	transitive	androidx.privacysandbox.ads:ads-adservices:1.0.0-beta05	dev
:core:domain	transitive	androidx.privacysandbox.ads:ads-adservices:1.0.0-beta05	prod
:core:domain	transitive	androidx.profileinstaller:profileinstaller:1.3.1	prod
:core:domain	transitive	androidx.profileinstaller:profileinstaller:1.4.0	dev
:core:domain	transitive	androidx.profileinstaller:profileinstaller:1.4.0	prod
:core:domain	transitive	androidx.room:room-common-jvm:2.8.3	dev
:core:domain	transitive	androidx.room:room-common-jvm:2.8.3	prod
:core:domain	transitive	androidx.room:room-common:2.8.3	dev
:core:domain	transitive	androidx.room:room-common:2.8.3	prod
:core:domain	transitive	androidx.room:room-ktx:2.8.3	dev
:core:domain	transitive	androidx.room:room-ktx:2.8.3	prod
:core:domain	transitive	androidx.room:room-runtime-android:2.8.3	dev
:core:domain	transitive	androidx.room:room-runtime-android:2.8.3	prod
:core:domain	transitive	androidx.room:room-runtime:2.8.3	dev
:core:domain	transitive	androidx.room:room-runtime:2.8.3	prod
:core:domain	transitive	androidx.savedstate:savedstate-android:1.3.2	dev
:core:domain	transitive	androidx.savedstate:savedstate-android:1.3.2	prod
:core:domain	transitive	androidx.savedstate:savedstate-compose-android:1.3.2	dev
:core:domain	transitive	androidx.savedstate:savedstate-compose-android:1.3.2	prod
:core:domain	transitive	androidx.savedstate:savedstate-compose:1.3.2	dev
:core:domain	transitive	androidx.savedstate:savedstate-compose:1.3.2	prod
:core:domain	transitive	androidx.savedstate:savedstate-ktx:1.3.2	dev
:core:domain	transitive	androidx.savedstate:savedstate-ktx:1.3.2	prod
:core:domain	transitive	androidx.savedstate:savedstate:1.2.1	prod
:core:domain	transitive	androidx.savedstate:savedstate:1.3.2	dev
:core:domain	transitive	androidx.savedstate:savedstate:1.3.2	prod
:core:domain	transitive	androidx.sqlite:sqlite-android:2.6.1	dev
:core:domain	transitive	androidx.sqlite:sqlite-android:2.6.1	prod
:core:domain	transitive	androidx.sqlite:sqlite-framework-android:2.6.1	dev
:core:domain	transitive	androidx.sqlite:sqlite-framework-android:2.6.1	prod
:core:domain	transitive	androidx.sqlite:sqlite-framework:2.6.1	dev
:core:domain	transitive	androidx.sqlite:sqlite-framework:2.6.1	prod
:core:domain	transitive	androidx.sqlite:sqlite:2.6.1	dev
:core:domain	transitive	androidx.sqlite:sqlite:2.6.1	prod
:core:domain	transitive	androidx.startup:startup-runtime:1.1.1	dev
:core:domain	transitive	androidx.startup:startup-runtime:1.1.1	prod
:core:domain	transitive	androidx.test.services:storage:1.6.0-rc01	dev
:core:domain	transitive	androidx.test:core:1.4.0	dev
:core:domain	transitive	androidx.test:monitor:1.8.0-rc01	dev
:core:domain	transitive	androidx.test:rules:1.7.0-rc01	dev
:core:domain	transitive	androidx.test:runner:1.7.0-rc01	dev
:core:domain	transitive	androidx.tracing:tracing-ktx:1.3.0-alpha02	dev
:core:domain	transitive	androidx.tracing:tracing:1.3.0-alpha02	dev
:core:domain	transitive	androidx.tracing:tracing:1.3.0-alpha02	prod
:core:domain	transitive	androidx.transition:transition:1.6.0	dev
:core:domain	transitive	androidx.transition:transition:1.6.0	prod
:core:domain	transitive	androidx.vectordrawable:vectordrawable-animated:1.1.0	dev
:core:domain	transitive	androidx.vectordrawable:vectordrawable-animated:1.1.0	prod
:core:domain	transitive	androidx.vectordrawable:vectordrawable:1.1.0	dev
:core:domain	transitive	androidx.vectordrawable:vectordrawable:1.1.0	prod
:core:domain	transitive	androidx.versionedparcelable:versionedparcelable:1.1.1	dev
:core:domain	transitive	androidx.versionedparcelable:versionedparcelable:1.1.1	prod
:core:domain	transitive	androidx.viewpager:viewpager:1.0.0	dev
:core:domain	transitive	androidx.viewpager:viewpager:1.0.0	prod
:core:domain	transitive	com.caverock:androidsvg-aar:1.4	dev
:core:domain	transitive	com.caverock:androidsvg-aar:1.4	prod
:core:domain	transitive	com.google.android.gms:play-services-ads-identifier:18.0.0	dev
:core:domain	transitive	com.google.android.gms:play-services-ads-identifier:18.0.0	prod
:core:domain	transitive	com.google.android.gms:play-services-base:18.5.0	dev
:core:domain	transitive	com.google.android.gms:play-services-base:18.5.0	prod
:core:domain	transitive	com.google.android.gms:play-services-basement:18.4.0	dev
:core:domain	transitive	com.google.android.gms:play-services-basement:18.4.0	prod
:core:domain	transitive	com.google.android.gms:play-services-measurement-api:22.1.2	dev
:core:domain	transitive	com.google.android.gms:play-services-measurement-api:22.1.2	prod
:core:domain	transitive	com.google.android.gms:play-services-measurement-base:22.1.2	dev
:core:domain	transitive	com.google.android.gms:play-services-measurement-base:22.1.2	prod
:core:domain	transitive	com.google.android.gms:play-services-measurement-impl:22.1.2	dev
:core:domain	transitive	com.google.android.gms:play-services-measurement-impl:22.1.2	prod
:core:domain	transitive	com.google.android.gms:play-services-measurement-sdk-api:22.1.2	dev
:core:domain	transitive	com.google.android.gms:play-services-measurement-sdk-api:22.1.2	prod
:core:domain	transitive	com.google.android.gms:play-services-measurement-sdk:22.1.2	dev
:core:domain	transitive	com.google.android.gms:play-services-measurement-sdk:22.1.2	prod
:core:domain	transitive	com.google.android.gms:play-services-measurement:22.1.2	dev
:core:domain	transitive	com.google.android.gms:play-services-measurement:22.1.2	prod
:core:domain	transitive	com.google.android.gms:play-services-stats:17.0.2	dev
:core:domain	transitive	com.google.android.gms:play-services-stats:17.0.2	prod
:core:domain	transitive	com.google.android.gms:play-services-tasks:18.2.0	dev
:core:domain	transitive	com.google.android.gms:play-services-tasks:18.2.0	prod
:core:domain	transitive	com.google.code.findbugs:jsr305:3.0.2	dev
:core:domain	transitive	com.google.code.findbugs:jsr305:3.0.2	prod
:core:domain	transitive	com.google.dagger:dagger-lint-aar:2.59	dev
:core:domain	transitive	com.google.dagger:dagger-lint-aar:2.59	prod
:core:domain	transitive	com.google.dagger:dagger:2.59	dev
:core:domain	transitive	com.google.dagger:dagger:2.59	prod
:core:domain	transitive	com.google.dagger:hilt-android-testing:2.59	dev
:core:domain	transitive	com.google.dagger:hilt-android:2.59	dev
:core:domain	transitive	com.google.dagger:hilt-android:2.59	prod
:core:domain	transitive	com.google.dagger:hilt-core:2.59	dev
:core:domain	transitive	com.google.dagger:hilt-core:2.59	prod
:core:domain	transitive	com.google.errorprone:error_prone_annotations:2.26.0	dev
:core:domain	transitive	com.google.errorprone:error_prone_annotations:2.26.0	prod
:core:domain	transitive	com.google.firebase:firebase-analytics:22.1.2	dev
:core:domain	transitive	com.google.firebase:firebase-analytics:22.1.2	prod
:core:domain	transitive	com.google.firebase:firebase-annotations:16.2.0	dev
:core:domain	transitive	com.google.firebase:firebase-annotations:16.2.0	prod
:core:domain	transitive	com.google.firebase:firebase-bom:33.7.0	dev
:core:domain	transitive	com.google.firebase:firebase-bom:33.7.0	prod
:core:domain	transitive	com.google.firebase:firebase-common-ktx:21.0.0	dev
:core:domain	transitive	com.google.firebase:firebase-common-ktx:21.0.0	prod
:core:domain	transitive	com.google.firebase:firebase-common:21.0.0	dev
:core:domain	transitive	com.google.firebase:firebase-common:21.0.0	prod
:core:domain	transitive	com.google.firebase:firebase-components:18.0.0	dev
:core:domain	transitive	com.google.firebase:firebase-components:18.0.0	prod
:core:domain	transitive	com.google.firebase:firebase-installations-interop:17.1.1	dev
:core:domain	transitive	com.google.firebase:firebase-installations-interop:17.1.1	prod
:core:domain	transitive	com.google.firebase:firebase-installations:18.0.0	dev
:core:domain	transitive	com.google.firebase:firebase-installations:18.0.0	prod
:core:domain	transitive	com.google.firebase:firebase-measurement-connector:19.0.0	dev
:core:domain	transitive	com.google.firebase:firebase-measurement-connector:19.0.0	prod
:core:domain	transitive	com.google.guava:failureaccess:1.0.1	dev
:core:domain	transitive	com.google.guava:failureaccess:1.0.1	prod
:core:domain	transitive	com.google.guava:guava:31.1-android	dev
:core:domain	transitive	com.google.guava:guava:31.1-android	prod
:core:domain	transitive	com.google.guava:listenablefuture:1.0	dev
:core:domain	transitive	com.google.guava:listenablefuture:1.0	prod
:core:domain	transitive	com.google.guava:listenablefuture:9999.0-empty-to-avoid-conflict-with-guava	dev
:core:domain	transitive	com.google.guava:listenablefuture:9999.0-empty-to-avoid-conflict-with-guava	prod
:core:domain	transitive	com.google.j2objc:j2objc-annotations:1.3	dev
:core:domain	transitive	com.google.j2objc:j2objc-annotations:1.3	prod
:core:domain	transitive	com.google.protobuf:protobuf-javalite:4.29.2	dev
:core:domain	transitive	com.google.protobuf:protobuf-javalite:4.29.2	prod
:core:domain	transitive	com.google.protobuf:protobuf-kotlin-lite:4.29.2	dev
:core:domain	transitive	com.google.protobuf:protobuf-kotlin-lite:4.29.2	prod
:core:domain	transitive	com.squareup.okhttp3:logging-interceptor:4.12.0	dev
:core:domain	transitive	com.squareup.okhttp3:logging-interceptor:4.12.0	prod
:core:domain	transitive	com.squareup.okhttp3:okhttp:4.12.0	dev
:core:domain	transitive	com.squareup.okhttp3:okhttp:4.12.0	prod
:core:domain	transitive	com.squareup.okio:okio-jvm:3.9.1	dev
:core:domain	transitive	com.squareup.okio:okio-jvm:3.9.1	prod
:core:domain	transitive	com.squareup.okio:okio:3.9.1	dev
:core:domain	transitive	com.squareup.okio:okio:3.9.1	prod
:core:domain	transitive	com.squareup.retrofit2:converter-kotlinx-serialization:2.11.0	dev
:core:domain	transitive	com.squareup.retrofit2:converter-kotlinx-serialization:2.11.0	prod
:core:domain	transitive	com.squareup.retrofit2:retrofit:2.11.0	dev
:core:domain	transitive	com.squareup.retrofit2:retrofit:2.11.0	prod
:core:domain	transitive	io.coil-kt:coil-base:2.7.0	dev
:core:domain	transitive	io.coil-kt:coil-base:2.7.0	prod
:core:domain	transitive	io.coil-kt:coil-svg:2.7.0	dev
:core:domain	transitive	io.coil-kt:coil-svg:2.7.0	prod
:core:domain	transitive	io.coil-kt:coil:2.7.0	dev
:core:domain	transitive	io.coil-kt:coil:2.7.0	prod
:core:domain	transitive	jakarta.inject:jakarta.inject-api:2.0.1	dev
:core:domain	transitive	jakarta.inject:jakarta.inject-api:2.0.1	prod
:core:domain	transitive	javax.inject:javax.inject:1	dev
:core:domain	transitive	org.checkerframework:checker-qual:3.12.0	dev
:core:domain	transitive	org.checkerframework:checker-qual:3.12.0	prod
:core:domain	transitive	org.hamcrest:hamcrest-core:1.3	dev
:core:domain	transitive	org.jetbrains.kotlin:kotlin-stdlib-common:2.3.0	dev
:core:domain	transitive	org.jetbrains.kotlin:kotlin-stdlib-common:2.3.0	prod
:core:domain	transitive	org.jetbrains.kotlin:kotlin-stdlib-jdk7:1.8.21	dev
:core:domain	transitive	org.jetbrains.kotlin:kotlin-stdlib-jdk7:1.8.21	prod
:core:domain	transitive	org.jetbrains.kotlin:kotlin-stdlib-jdk7:1.8.22	dev
:core:domain	transitive	org.jetbrains.kotlin:kotlin-stdlib-jdk7:1.8.22	prod
:core:domain	transitive	org.jetbrains.kotlin:kotlin-stdlib-jdk8:1.8.21	dev
:core:domain	transitive	org.jetbrains.kotlin:kotlin-stdlib-jdk8:1.8.21	prod
:core:domain	transitive	org.jetbrains.kotlin:kotlin-stdlib-jdk8:1.8.22	dev
:core:domain	transitive	org.jetbrains.kotlin:kotlin-stdlib-jdk8:1.8.22	prod
:core:domain	transitive	org.jetbrains.kotlin:kotlin-stdlib:2.3.0	dev
:core:domain	transitive	org.jetbrains.kotlinx:kotlinx-coroutines-android:1.10.1	dev
:core:domain	transitive	org.jetbrains.kotlinx:kotlinx-coroutines-android:1.10.1	prod
:core:domain	transitive	org.jetbrains.kotlinx:kotlinx-coroutines-bom:1.10.1	dev
:core:domain	transitive	org.jetbrains.kotlinx:kotlinx-coroutines-bom:1.10.1	prod
:core:domain	transitive	org.jetbrains.kotlinx:kotlinx-coroutines-bom:1.9.0	prod
:core:domain	transitive	org.jetbrains.kotlinx:kotlinx-coroutines-core-jvm:1.10.1	dev
:core:domain	transitive	org.jetbrains.kotlinx:kotlinx-coroutines-core-jvm:1.10.1	prod
:core:domain	transitive	org.jetbrains.kotlinx:kotlinx-coroutines-core-jvm:1.9.0	prod
:core:domain	transitive	org.jetbrains.kotlinx:kotlinx-coroutines-core:1.10.1	dev
:core:domain	transitive	org.jetbrains.kotlinx:kotlinx-coroutines-core:1.10.1	prod
:core:domain	transitive	org.jetbrains.kotlinx:kotlinx-coroutines-core:1.9.0	prod
:core:domain	transitive	org.jetbrains.kotlinx:kotlinx-coroutines-play-services:1.10.1	dev
:core:domain	transitive	org.jetbrains.kotlinx:kotlinx-coroutines-play-services:1.10.1	prod
:core:domain	transitive	org.jetbrains.kotlinx:kotlinx-coroutines-test-jvm:1.10.1	dev
:core:domain	transitive	org.jetbrains.kotlinx:kotlinx-coroutines-test:1.10.1	dev
:core:domain	transitive	org.jetbrains.kotlinx:kotlinx-datetime-jvm:0.6.1	dev
:core:domain	transitive	org.jetbrains.kotlinx:kotlinx-datetime-jvm:0.6.1	prod
:core:domain	transitive	org.jetbrains.kotlinx:kotlinx-datetime:0.6.1	dev
:core:domain	transitive	org.jetbrains.kotlinx:kotlinx-datetime:0.6.1	prod
:core:domain	transitive	org.jetbrains.kotlinx:kotlinx-serialization-bom:1.8.0	dev
:core:domain	transitive	org.jetbrains.kotlinx:kotlinx-serialization-bom:1.8.0	prod
:core:domain	transitive	org.jetbrains.kotlinx:kotlinx-serialization-core-jvm:1.8.0	dev
:core:domain	transitive	org.jetbrains.kotlinx:kotlinx-serialization-core-jvm:1.8.0	prod
:core:domain	transitive	org.jetbrains.kotlinx:kotlinx-serialization-core:1.8.0	dev
:core:domain	transitive	org.jetbrains.kotlinx:kotlinx-serialization-core:1.8.0	prod
:core:domain	transitive	org.jetbrains.kotlinx:kotlinx-serialization-json-jvm:1.8.0	dev
:core:domain	transitive	org.jetbrains.kotlinx:kotlinx-serialization-json-jvm:1.8.0	prod
:core:domain	transitive	org.jetbrains.kotlinx:kotlinx-serialization-json:1.8.0	dev
:core:domain	transitive	org.jetbrains.kotlinx:kotlinx-serialization-json:1.8.0	prod
:core:domain	transitive	org.jetbrains:annotations:23.0.0	dev
:core:domain	transitive	org.jetbrains:annotations:23.0.0	prod
:core:domain	transitive	org.jspecify:jspecify:1.0.0	dev
:core:domain	transitive	org.jspecify:jspecify:1.0.0	prod
:core:model	direct	org.jetbrains.kotlin:kotlin-stdlib:2.3.0	dev
:core:model	direct	org.jetbrains.kotlin:kotlin-stdlib:2.3.0	prod
:core:model	direct	org.jetbrains.kotlin:kotlin-test:2.3.0	dev
:core:model	direct	org.jetbrains.kotlinx:kotlinx-datetime:0.6.1	dev
:core:model	direct	org.jetbrains.kotlinx:kotlinx-datetime:0.6.1	prod
:core:model	transitive	junit:junit:4.13.2	dev
:core:model	transitive	org.hamcrest:hamcrest-core:1.3	dev
:core:model	transitive	org.jetbrains.kotlin:kotlin-test-junit:2.3.0	dev
:core:model	transitive	org.jetbrains.kotlinx:kotlinx-datetime-jvm:0.6.1	dev
:core:model	transitive	org.jetbrains.kotlinx:kotlinx-datetime-jvm:0.6.1	prod
:core:model	transitive	org.jetbrains:annotations:13.0	dev
:core:model	transitive	org.jetbrains:annotations:13.0	prod
:app	direct	androidx.activity:activity-compose:1.12.0	dev
:app	direct	androidx.activity:activity-compose:1.12.0	prod
:app	direct	androidx.compose.material3.adaptive:adaptive-layout:1.3.0-alpha04	dev
:app	direct	androidx.compose.material3.adaptive:adaptive-layout:1.3.0-alpha04	prod
:app	direct	androidx.compose.material3.adaptive:adaptive-navigation3:1.3.0-alpha04	dev
:app	direct	androidx.compose.material3.adaptive:adaptive-navigation3:1.3.0-alpha04	prod
:app	direct	androidx.compose.material3.adaptive:adaptive-navigation:1.3.0-alpha04	dev
:app	direct	androidx.compose.material3.adaptive:adaptive-navigation:1.3.0-alpha04	prod
:app	direct	androidx.compose.material3.adaptive:adaptive:1.3.0-alpha04	dev
:app	direct	androidx.compose.material3.adaptive:adaptive:1.3.0-alpha04	prod
:app	direct	androidx.compose.material3:material3-window-size-class:1.5.0-alpha04	dev
:app	direct	androidx.compose.material3:material3-window-size-class:1.5.0-alpha04	prod
:app	direct	androidx.compose.material3:material3:1.5.0-alpha04	dev
:app	direct	androidx.compose.material3:material3:1.5.0-alpha04	prod
:app	direct	androidx.compose.runtime:runtime-tracing:1.10.0-alpha04	dev
:app	direct	androidx.compose.runtime:runtime-tracing:1.10.0-alpha04	prod
:app	direct	androidx.compose.runtime:runtime-tracing:1.10.0-beta02	prod
:app	direct	androidx.compose.ui:ui-test-junit4:1.10.0-alpha04	dev
:app	direct	androidx.compose.ui:ui-test-junit4:1.10.0-beta02	dev
:app	direct	androidx.compose.ui:ui-test-manifest:1.10.0-alpha04	dev
:app	direct	androidx.compose.ui:ui-test-manifest:1.10.0-alpha04	prod
:app	direct	androidx.compose.ui:ui-test-manifest:1.10.0-beta02	prod
:app	direct	androidx.compose.ui:ui-tooling-preview:1.10.0-alpha04	dev
:app	direct	androidx.compose.ui:ui-tooling-preview:1.10.0-alpha04	prod
:app	direct	androidx.compose.ui:ui-tooling-preview:1.10.0-beta02	prod
:app	direct	androidx.compose.ui:ui-tooling:1.10.0-alpha04	dev
:app	direct	androidx.compose.ui:ui-tooling:1.10.0-alpha04	prod
:app	direct	androidx.compose.ui:ui-tooling:1.10.0-beta02	prod
:app	direct	androidx.compose:compose-bom-alpha:2025.09.01	dev
:app	direct	androidx.compose:compose-bom-alpha:2025.09.01	prod
:app	direct	androidx.core:core-ktx:1.16.0	dev
:app	direct	androidx.core:core-ktx:1.16.0	prod
:app	direct	androidx.core:core-splashscreen:1.0.1	dev
:app	direct	androidx.core:core-splashscreen:1.0.1	prod
:app	direct	androidx.lifecycle:lifecycle-runtime-compose:2.10.0	dev
:app	direct	androidx.lifecycle:lifecycle-runtime-compose:2.10.0	prod
:app	direct	androidx.lifecycle:lifecycle-viewmodel-navigation3:2.10.0	dev
:app	direct	androidx.lifecycle:lifecycle-viewmodel-navigation3:2.10.0	prod
:app	direct	androidx.navigation3:navigation3-ui:1.0.0	dev
:app	direct	androidx.navigation3:navigation3-ui:1.0.0	prod
:app	direct	androidx.navigation:navigation-testing:2.8.5	dev
:app	direct	androidx.profileinstaller:profileinstaller:1.4.1	dev
:app	direct	androidx.profileinstaller:profileinstaller:1.4.1	prod
:app	direct	androidx.test.espresso:espresso-core:3.6.1	dev
:app	direct	androidx.tracing:tracing-ktx:1.3.0-alpha02	dev
:app	direct	androidx.tracing:tracing-ktx:1.3.0-alpha02	prod
:app	direct	androidx.window:window-core:1.5.0	dev
:app	direct	androidx.window:window-core:1.5.0	prod
:app	direct	com.google.dagger:hilt-android-testing:2.59	dev
:app	direct	com.google.dagger:hilt-android:2.59	dev
:app	direct	com.google.dagger:hilt-android:2.59	prod
:app	direct	com.google.firebase:firebase-analytics:22.1.2	dev
:app	direct	com.google.firebase:firebase-analytics:22.1.2	prod
:app	direct	com.google.firebase:firebase-bom:33.7.0	dev
:app	direct	com.google.firebase:firebase-bom:33.7.0	prod
:app	direct	com.google.firebase:firebase-crashlytics:19.3.0	dev
:app	direct	com.google.firebase:firebase-crashlytics:19.3.0	prod
:app	direct	com.google.firebase:firebase-perf:21.0.3	dev
:app	direct	com.google.firebase:firebase-perf:21.0.3	prod
:app	direct	io.coil-kt:coil:2.7.0	dev
:app	direct	io.coil-kt:coil:2.7.0	prod
:app	direct	io.github.takahirom.roborazzi:roborazzi:1.56.0	dev
:app	direct	org.jacoco:org.jacoco.agent:0.8.13	prod
:app	direct	org.jetbrains.kotlin:kotlin-stdlib:2.3.0	dev
:app	direct	org.jetbrains.kotlin:kotlin-stdlib:2.3.0	prod
:app	direct	org.jetbrains.kotlin:kotlin-test:2.3.0	dev
:app	direct	org.jetbrains.kotlinx:kotlinx-coroutines-guava:1.10.1	dev
:app	direct	org.jetbrains.kotlinx:kotlinx-coroutines-guava:1.10.1	prod
:app	direct	org.jetbrains.kotlinx:kotlinx-serialization-json:1.8.0	dev
:app	direct	org.jetbrains.kotlinx:kotlinx-serialization-json:1.8.0	prod
:app	direct	org.robolectric:robolectric:4.16	dev
:app	transitive	androidx.activity:activity-compose:1.12.0	dev
:app	transitive	androidx.activity:activity-ktx:1.12.0	dev
:app	transitive	androidx.activity:activity-ktx:1.12.0	prod
:app	transitive	androidx.activity:activity:1.12.0	dev
:app	transitive	androidx.activity:activity:1.12.0	prod
:app	transitive	androidx.annotation:annotation-experimental:1.5.1	dev
:app	transitive	androidx.annotation:annotation-experimental:1.5.1	prod
:app	transitive	androidx.annotation:annotation-jvm:1.9.1	dev
:app	transitive	androidx.annotation:annotation-jvm:1.9.1	prod
:app	transitive	androidx.annotation:annotation:1.9.1	dev
:app	transitive	androidx.annotation:annotation:1.9.1	prod
:app	transitive	androidx.appcompat:appcompat-resources:1.7.0	dev
:app	transitive	androidx.appcompat:appcompat-resources:1.7.0	prod
:app	transitive	androidx.appcompat:appcompat:1.7.0	dev
:app	transitive	androidx.appcompat:appcompat:1.7.0	prod
:app	transitive	androidx.arch.core:core-common:2.2.0	dev
:app	transitive	androidx.arch.core:core-common:2.2.0	prod
:app	transitive	androidx.arch.core:core-runtime:2.2.0	dev
:app	transitive	androidx.arch.core:core-runtime:2.2.0	prod
:app	transitive	androidx.autofill:autofill:1.0.0	dev
:app	transitive	androidx.autofill:autofill:1.0.0	prod
:app	transitive	androidx.browser:browser:1.8.0	dev
:app	transitive	androidx.browser:browser:1.8.0	prod
:app	transitive	androidx.cardview:cardview:1.0.0	dev
:app	transitive	androidx.collection:collection-jvm:1.5.0	dev
:app	transitive	androidx.collection:collection-jvm:1.5.0	prod
:app	transitive	androidx.collection:collection-ktx:1.5.0	dev
:app	transitive	androidx.collection:collection-ktx:1.5.0	prod
:app	transitive	androidx.collection:collection:1.5.0	dev
:app	transitive	androidx.collection:collection:1.5.0	prod
:app	transitive	androidx.compose.animation:animation-android:1.10.0-alpha04	dev
:app	transitive	androidx.compose.animation:animation-android:1.10.0-alpha04	prod
:app	transitive	androidx.compose.animation:animation-android:1.10.0-beta02	dev
:app	transitive	androidx.compose.animation:animation-android:1.10.0-beta02	prod
:app	transitive	androidx.compose.animation:animation-core-android:1.10.0-alpha04	dev
:app	transitive	androidx.compose.animation:animation-core-android:1.10.0-alpha04	prod
:app	transitive	androidx.compose.animation:animation-core-android:1.10.0-beta02	dev
:app	transitive	androidx.compose.animation:animation-core-android:1.10.0-beta02	prod
:app	transitive	androidx.compose.animation:animation-core:1.10.0-alpha04	dev
:app	transitive	androidx.compose.animation:animation-core:1.10.0-alpha04	prod
:app	transitive	androidx.compose.animation:animation-core:1.10.0-beta02	dev
:app	transitive	androidx.compose.animation:animation-core:1.10.0-beta02	prod
:app	transitive	androidx.compose.animation:animation:1.10.0-alpha04	dev
:app	transitive	androidx.compose.animation:animation:1.10.0-alpha04	prod
:app	transitive	androidx.compose.animation:animation:1.10.0-beta02	dev
:app	transitive	androidx.compose.animation:animation:1.10.0-beta02	prod
:app	transitive	androidx.compose.foundation:foundation-android:1.10.0-alpha04	dev
:app	transitive	androidx.compose.foundation:foundation-android:1.10.0-alpha04	prod
:app	transitive	androidx.compose.foundation:foundation-android:1.10.0-beta02	dev
:app	transitive	androidx.compose.foundation:foundation-android:1.10.0-beta02	prod
:app	transitive	androidx.compose.foundation:foundation-layout-android:1.10.0-alpha04	dev
:app	transitive	androidx.compose.foundation:foundation-layout-android:1.10.0-alpha04	prod
:app	transitive	androidx.compose.foundation:foundation-layout-android:1.10.0-beta02	dev
:app	transitive	androidx.compose.foundation:foundation-layout-android:1.10.0-beta02	prod
:app	transitive	androidx.compose.foundation:foundation-layout:1.10.0-alpha04	dev
:app	transitive	androidx.compose.foundation:foundation-layout:1.10.0-alpha04	prod
:app	transitive	androidx.compose.foundation:foundation-layout:1.10.0-beta02	dev
:app	transitive	androidx.compose.foundation:foundation-layout:1.10.0-beta02	prod
:app	transitive	androidx.compose.foundation:foundation:1.10.0-alpha04	dev
:app	transitive	androidx.compose.foundation:foundation:1.10.0-alpha04	prod
:app	transitive	androidx.compose.foundation:foundation:1.10.0-beta02	dev
:app	transitive	androidx.compose.foundation:foundation:1.10.0-beta02	prod
:app	transitive	androidx.compose.material3.adaptive:adaptive-android:1.3.0-alpha04	dev
:app	transitive	androidx.compose.material3.adaptive:adaptive-android:1.3.0-alpha04	prod
:app	transitive	androidx.compose.material3.adaptive:adaptive-layout-android:1.3.0-alpha04	dev
:app	transitive	androidx.compose.material3.adaptive:adaptive-layout-android:1.3.0-alpha04	prod
:app	transitive	androidx.compose.material3.adaptive:adaptive-layout:1.3.0-alpha04	dev
:app	transitive	androidx.compose.material3.adaptive:adaptive-navigation-android:1.3.0-alpha04	dev
:app	transitive	androidx.compose.material3.adaptive:adaptive-navigation-android:1.3.0-alpha04	prod
:app	transitive	androidx.compose.material3.adaptive:adaptive-navigation3-android:1.3.0-alpha04	dev
:app	transitive	androidx.compose.material3.adaptive:adaptive-navigation3-android:1.3.0-alpha04	prod
:app	transitive	androidx.compose.material3.adaptive:adaptive-navigation3:1.3.0-alpha04	dev
:app	transitive	androidx.compose.material3.adaptive:adaptive-navigation:1.3.0-alpha04	dev
:app	transitive	androidx.compose.material3.adaptive:adaptive:1.3.0-alpha04	dev
:app	transitive	androidx.compose.material3:material3-adaptive-navigation-suite-android:1.5.0-alpha04	dev
:app	transitive	androidx.compose.material3:material3-adaptive-navigation-suite-android:1.5.0-alpha04	prod
:app	transitive	androidx.compose.material3:material3-adaptive-navigation-suite:1.5.0-alpha04	dev
:app	transitive	androidx.compose.material3:material3-adaptive-navigation-suite:1.5.0-alpha04	prod
:app	transitive	androidx.compose.material3:material3-android:1.5.0-alpha04	dev
:app	transitive	androidx.compose.material3:material3-android:1.5.0-alpha04	prod
:app	transitive	androidx.compose.material3:material3-window-size-class-android:1.5.0-alpha04	dev
:app	transitive	androidx.compose.material3:material3-window-size-class-android:1.5.0-alpha04	prod
:app	transitive	androidx.compose.material3:material3-window-size-class:1.5.0-alpha04	dev
:app	transitive	androidx.compose.material3:material3:1.5.0-alpha04	dev
:app	transitive	androidx.compose.material:material-android:1.10.0-alpha04	dev
:app	transitive	androidx.compose.material:material-android:1.10.0-alpha04	prod
:app	transitive	androidx.compose.material:material-icons-core-android:1.7.8	dev
:app	transitive	androidx.compose.material:material-icons-core-android:1.7.8	prod
:app	transitive	androidx.compose.material:material-icons-core:1.7.8	dev
:app	transitive	androidx.compose.material:material-icons-core:1.7.8	prod
:app	transitive	androidx.compose.material:material-icons-extended-android:1.7.8	dev
:app	transitive	androidx.compose.material:material-icons-extended-android:1.7.8	prod
:app	transitive	androidx.compose.material:material-icons-extended:1.7.8	dev
:app	transitive	androidx.compose.material:material-icons-extended:1.7.8	prod
:app	transitive	androidx.compose.material:material-ripple-android:1.10.0-alpha04	dev
:app	transitive	androidx.compose.material:material-ripple-android:1.10.0-alpha04	prod
:app	transitive	androidx.compose.material:material-ripple:1.10.0-alpha04	dev
:app	transitive	androidx.compose.material:material-ripple:1.10.0-alpha04	prod
:app	transitive	androidx.compose.material:material:1.10.0-alpha04	dev
:app	transitive	androidx.compose.material:material:1.10.0-alpha04	prod
:app	transitive	androidx.compose.runtime:runtime-android:1.10.0-alpha04	dev
:app	transitive	androidx.compose.runtime:runtime-android:1.10.0-alpha04	prod
:app	transitive	androidx.compose.runtime:runtime-android:1.10.0-beta02	dev
:app	transitive	androidx.compose.runtime:runtime-android:1.10.0-beta02	prod
:app	transitive	androidx.compose.runtime:runtime-annotation-android:1.10.0-alpha04	dev
:app	transitive	androidx.compose.runtime:runtime-annotation-android:1.10.0-alpha04	prod
:app	transitive	androidx.compose.runtime:runtime-annotation-android:1.10.0-beta02	dev
:app	transitive	androidx.compose.runtime:runtime-annotation-android:1.10.0-beta02	prod
:app	transitive	androidx.compose.runtime:runtime-annotation:1.10.0-alpha04	dev
:app	transitive	androidx.compose.runtime:runtime-annotation:1.10.0-alpha04	prod
:app	transitive	androidx.compose.runtime:runtime-annotation:1.10.0-beta02	dev
:app	transitive	androidx.compose.runtime:runtime-annotation:1.10.0-beta02	prod
:app	transitive	androidx.compose.runtime:runtime-retain-android:1.10.0-alpha04	dev
:app	transitive	androidx.compose.runtime:runtime-retain-android:1.10.0-alpha04	prod
:app	transitive	androidx.compose.runtime:runtime-retain-android:1.10.0-beta02	dev
:app	transitive	androidx.compose.runtime:runtime-retain-android:1.10.0-beta02	prod
:app	transitive	androidx.compose.runtime:runtime-retain:1.10.0-alpha04	dev
:app	transitive	androidx.compose.runtime:runtime-retain:1.10.0-alpha04	prod
:app	transitive	androidx.compose.runtime:runtime-retain:1.10.0-beta02	dev
:app	transitive	androidx.compose.runtime:runtime-retain:1.10.0-beta02	prod
:app	transitive	androidx.compose.runtime:runtime-saveable-android:1.10.0-alpha04	dev
:app	transitive	androidx.compose.runtime:runtime-saveable-android:1.10.0-alpha04	prod
:app	transitive	androidx.compose.runtime:runtime-saveable-android:1.10.0-beta02	dev
:app	transitive	androidx.compose.runtime:runtime-saveable-android:1.10.0-beta02	prod
:app	transitive	androidx.compose.runtime:runtime-saveable:1.10.0-alpha04	dev
:app	transitive	androidx.compose.runtime:runtime-saveable:1.10.0-alpha04	prod
:app	transitive	androidx.compose.runtime:runtime-saveable:1.10.0-beta02	dev
:app	transitive	androidx.compose.runtime:runtime-saveable:1.10.0-beta02	prod
:app	transitive	androidx.compose.runtime:runtime-tracing:1.10.0-beta02	dev
:app	transitive	androidx.compose.runtime:runtime:1.10.0-alpha04	dev
:app	transitive	androidx.compose.runtime:runtime:1.10.0-alpha04	prod
:app	transitive	androidx.compose.runtime:runtime:1.10.0-beta02	dev
:app	transitive	androidx.compose.runtime:runtime:1.10.0-beta02	prod
:app	transitive	androidx.compose.ui:ui-android:1.10.0-alpha04	dev
:app	transitive	androidx.compose.ui:ui-android:1.10.0-alpha04	prod
:app	transitive	androidx.compose.ui:ui-android:1.10.0-beta02	dev
:app	transitive	androidx.compose.ui:ui-android:1.10.0-beta02	prod
:app	transitive	androidx.compose.ui:ui-geometry-android:1.10.0-alpha04	dev
:app	transitive	androidx.compose.ui:ui-geometry-android:1.10.0-alpha04	prod
:app	transitive	androidx.compose.ui:ui-geometry-android:1.10.0-beta02	dev
:app	transitive	androidx.compose.ui:ui-geometry-android:1.10.0-beta02	prod
:app	transitive	androidx.compose.ui:ui-geometry:1.10.0-alpha04	dev
:app	transitive	androidx.compose.ui:ui-geometry:1.10.0-alpha04	prod
:app	transitive	androidx.compose.ui:ui-geometry:1.10.0-beta02	dev
:app	transitive	androidx.compose.ui:ui-geometry:1.10.0-beta02	prod
:app	transitive	androidx.compose.ui:ui-graphics-android:1.10.0-alpha04	dev
:app	transitive	androidx.compose.ui:ui-graphics-android:1.10.0-alpha04	prod
:app	transitive	androidx.compose.ui:ui-graphics-android:1.10.0-beta02	dev
:app	transitive	androidx.compose.ui:ui-graphics-android:1.10.0-beta02	prod
:app	transitive	androidx.compose.ui:ui-graphics:1.10.0-alpha04	dev
:app	transitive	androidx.compose.ui:ui-graphics:1.10.0-alpha04	prod
:app	transitive	androidx.compose.ui:ui-graphics:1.10.0-beta02	dev
:app	transitive	androidx.compose.ui:ui-graphics:1.10.0-beta02	prod
:app	transitive	androidx.compose.ui:ui-test-android:1.10.0-alpha04	dev
:app	transitive	androidx.compose.ui:ui-test-android:1.10.0-beta02	dev
:app	transitive	androidx.compose.ui:ui-test-junit4-android:1.10.0-alpha04	dev
:app	transitive	androidx.compose.ui:ui-test-junit4-android:1.10.0-beta02	dev
:app	transitive	androidx.compose.ui:ui-test-junit4:1.10.0-alpha04	dev
:app	transitive	androidx.compose.ui:ui-test-junit4:1.10.0-beta02	dev
:app	transitive	androidx.compose.ui:ui-test-manifest:1.10.0-beta02	dev
:app	transitive	androidx.compose.ui:ui-test:1.10.0-alpha04	dev
:app	transitive	androidx.compose.ui:ui-test:1.10.0-beta02	dev
:app	transitive	androidx.compose.ui:ui-text-android:1.10.0-alpha04	dev
:app	transitive	androidx.compose.ui:ui-text-android:1.10.0-alpha04	prod
:app	transitive	androidx.compose.ui:ui-text-android:1.10.0-beta02	dev
:app	transitive	androidx.compose.ui:ui-text-android:1.10.0-beta02	prod
:app	transitive	androidx.compose.ui:ui-text:1.10.0-alpha04	dev
:app	transitive	androidx.compose.ui:ui-text:1.10.0-alpha04	prod
:app	transitive	androidx.compose.ui:ui-text:1.10.0-beta02	dev
:app	transitive	androidx.compose.ui:ui-text:1.10.0-beta02	prod
:app	transitive	androidx.compose.ui:ui-tooling-android:1.10.0-alpha04	dev
:app	transitive	androidx.compose.ui:ui-tooling-android:1.10.0-alpha04	prod
:app	transitive	androidx.compose.ui:ui-tooling-android:1.10.0-beta02	dev
:app	transitive	androidx.compose.ui:ui-tooling-android:1.10.0-beta02	prod
:app	transitive	androidx.compose.ui:ui-tooling-data-android:1.10.0-alpha04	dev
:app	transitive	androidx.compose.ui:ui-tooling-data-android:1.10.0-alpha04	prod
:app	transitive	androidx.compose.ui:ui-tooling-data-android:1.10.0-beta02	dev
:app	transitive	androidx.compose.ui:ui-tooling-data-android:1.10.0-beta02	prod
:app	transitive	androidx.compose.ui:ui-tooling-data:1.10.0-alpha04	dev
:app	transitive	androidx.compose.ui:ui-tooling-data:1.10.0-alpha04	prod
:app	transitive	androidx.compose.ui:ui-tooling-data:1.10.0-beta02	dev
:app	transitive	androidx.compose.ui:ui-tooling-data:1.10.0-beta02	prod
:app	transitive	androidx.compose.ui:ui-tooling-preview-android:1.10.0-alpha04	dev
:app	transitive	androidx.compose.ui:ui-tooling-preview-android:1.10.0-alpha04	prod
:app	transitive	androidx.compose.ui:ui-tooling-preview-android:1.10.0-beta02	dev
:app	transitive	androidx.compose.ui:ui-tooling-preview-android:1.10.0-beta02	prod
:app	transitive	androidx.compose.ui:ui-tooling-preview:1.10.0-beta02	dev
:app	transitive	androidx.compose.ui:ui-tooling:1.10.0-beta02	dev
:app	transitive	androidx.compose.ui:ui-unit-android:1.10.0-alpha04	dev
:app	transitive	androidx.compose.ui:ui-unit-android:1.10.0-alpha04	prod
:app	transitive	androidx.compose.ui:ui-unit-android:1.10.0-beta02	dev
:app	transitive	androidx.compose.ui:ui-unit-android:1.10.0-beta02	prod
:app	transitive	androidx.compose.ui:ui-unit:1.10.0-alpha04	dev
:app	transitive	androidx.compose.ui:ui-unit:1.10.0-alpha04	prod
:app	transitive	androidx.compose.ui:ui-unit:1.10.0-beta02	dev
:app	transitive	androidx.compose.ui:ui-unit:1.10.0-beta02	prod
:app	transitive	androidx.compose.ui:ui-util-android:1.10.0-alpha04	dev
:app	transitive	androidx.compose.ui:ui-util-android:1.10.0-alpha04	prod
:app	transitive	androidx.compose.ui:ui-util-android:1.10.0-beta02	dev
:app	transitive	androidx.compose.ui:ui-util-android:1.10.0-beta02	prod
:app	transitive	androidx.compose.ui:ui-util:1.10.0-alpha04	dev
:app	transitive	androidx.compose.ui:ui-util:1.10.0-alpha04	prod
:app	transitive	androidx.compose.ui:ui-util:1.10.0-beta02	dev
:app	transitive	androidx.compose.ui:ui-util:1.10.0-beta02	prod
:app	transitive	androidx.compose.ui:ui:1.10.0-alpha04	dev
:app	transitive	androidx.compose.ui:ui:1.10.0-alpha04	prod
:app	transitive	androidx.compose.ui:ui:1.10.0-beta02	dev
:app	transitive	androidx.compose.ui:ui:1.10.0-beta02	prod
:app	transitive	androidx.compose:compose-bom-alpha:2025.09.01	dev
:app	transitive	androidx.concurrent:concurrent-futures-ktx:1.1.0	dev
:app	transitive	androidx.concurrent:concurrent-futures-ktx:1.1.0	prod
:app	transitive	androidx.concurrent:concurrent-futures:1.1.0	dev
:app	transitive	androidx.concurrent:concurrent-futures:1.1.0	prod
:app	transitive	androidx.coordinatorlayout:coordinatorlayout:1.1.0	dev
:app	transitive	androidx.core:core-ktx:1.16.0	dev
:app	transitive	androidx.core:core-splashscreen:1.0.1	dev
:app	transitive	androidx.core:core-viewtree:1.0.0	dev
:app	transitive	androidx.core:core-viewtree:1.0.0	prod
:app	transitive	androidx.core:core:1.16.0	dev
:app	transitive	androidx.core:core:1.16.0	prod
:app	transitive	androidx.cursoradapter:cursoradapter:1.0.0	dev
:app	transitive	androidx.cursoradapter:cursoradapter:1.0.0	prod
:app	transitive	androidx.customview:customview-poolingcontainer:1.0.0	dev
:app	transitive	androidx.customview:customview-poolingcontainer:1.0.0	prod
:app	transitive	androidx.customview:customview:1.0.0	dev
:app	transitive	androidx.customview:customview:1.0.0	prod
:app	transitive	androidx.datastore:datastore-android:1.2.0	dev
:app	transitive	androidx.datastore:datastore-android:1.2.0	prod
:app	transitive	androidx.datastore:datastore-core-android:1.2.0	dev
:app	transitive	androidx.datastore:datastore-core-android:1.2.0	prod
:app	transitive	androidx.datastore:datastore-core-okio-jvm:1.2.0	dev
:app	transitive	androidx.datastore:datastore-core-okio-jvm:1.2.0	prod
:app	transitive	androidx.datastore:datastore-core-okio:1.2.0	dev
:app	transitive	androidx.datastore:datastore-core-okio:1.2.0	prod
:app	transitive	androidx.datastore:datastore-core:1.2.0	dev
:app	transitive	androidx.datastore:datastore-core:1.2.0	prod
:app	transitive	androidx.datastore:datastore-preferences-android:1.2.0	dev
:app	transitive	androidx.datastore:datastore-preferences-android:1.2.0	prod
:app	transitive	androidx.datastore:datastore-preferences-core-android:1.2.0	dev
:app	transitive	androidx.datastore:datastore-preferences-core-android:1.2.0	prod
:app	transitive	androidx.datastore:datastore-preferences-core:1.2.0	dev
:app	transitive	androidx.datastore:datastore-preferences-core:1.2.0	prod
:app	transitive	androidx.datastore:datastore-preferences-external-protobuf:1.2.0	dev
:app	transitive	androidx.datastore:datastore-preferences-external-protobuf:1.2.0	prod
:app	transitive	androidx.datastore:datastore-preferences-proto:1.2.0	dev
:app	transitive	androidx.datastore:datastore-preferences-proto:1.2.0	prod
:app	transitive	androidx.datastore:datastore-preferences:1.2.0	dev
:app	transitive	androidx.datastore:datastore-preferences:1.2.0	prod
:app	transitive	androidx.datastore:datastore:1.2.0	dev
:app	transitive	androidx.datastore:datastore:1.2.0	prod
:app	transitive	androidx.documentfile:documentfile:1.0.0	dev
:app	transitive	androidx.documentfile:documentfile:1.0.0	prod
:app	transitive	androidx.drawerlayout:drawerlayout:1.0.0	dev
:app	transitive	androidx.drawerlayout:drawerlayout:1.0.0	prod
:app	transitive	androidx.dynamicanimation:dynamicanimation:1.0.0	dev
:app	transitive	androidx.dynamicanimation:dynamicanimation:1.0.0	prod
:app	transitive	androidx.emoji2:emoji2-views-helper:1.4.0	dev
:app	transitive	androidx.emoji2:emoji2-views-helper:1.4.0	prod
:app	transitive	androidx.emoji2:emoji2:1.4.0	dev
:app	transitive	androidx.emoji2:emoji2:1.4.0	prod
:app	transitive	androidx.exifinterface:exifinterface:1.3.7	dev
:app	transitive	androidx.exifinterface:exifinterface:1.3.7	prod
:app	transitive	androidx.fragment:fragment:1.5.1	dev
:app	transitive	androidx.fragment:fragment:1.5.1	prod
:app	transitive	androidx.fragment:fragment:1.5.4	dev
:app	transitive	androidx.fragment:fragment:1.5.4	prod
:app	transitive	androidx.graphics:graphics-path:1.0.1	dev
:app	transitive	androidx.graphics:graphics-path:1.0.1	prod
:app	transitive	androidx.graphics:graphics-shapes-android:1.0.1	dev
:app	transitive	androidx.graphics:graphics-shapes-android:1.0.1	prod
:app	transitive	androidx.graphics:graphics-shapes:1.0.1	dev
:app	transitive	androidx.graphics:graphics-shapes:1.0.1	prod
:app	transitive	androidx.hilt:hilt-common:1.2.0	dev
:app	transitive	androidx.hilt:hilt-common:1.2.0	prod
:app	transitive	androidx.hilt:hilt-lifecycle-viewmodel-compose:1.3.0-alpha02	dev
:app	transitive	androidx.hilt:hilt-lifecycle-viewmodel-compose:1.3.0-alpha02	prod
:app	transitive	androidx.hilt:hilt-lifecycle-viewmodel:1.3.0-alpha02	dev
:app	transitive	androidx.hilt:hilt-lifecycle-viewmodel:1.3.0-alpha02	prod
:app	transitive	androidx.hilt:hilt-work:1.2.0	dev
:app	transitive	androidx.hilt:hilt-work:1.2.0	prod
:app	transitive	androidx.interpolator:interpolator:1.0.0	dev
:app	transitive	androidx.interpolator:interpolator:1.0.0	prod
:app	transitive	androidx.legacy:legacy-support-core-utils:1.0.0	dev
:app	transitive	androidx.legacy:legacy-support-core-utils:1.0.0	prod
:app	transitive	androidx.lifecycle:lifecycle-common-java8:2.10.0	dev
:app	transitive	androidx.lifecycle:lifecycle-common-java8:2.10.0	prod
:app	transitive	androidx.lifecycle:lifecycle-common-jvm:2.10.0	dev
:app	transitive	androidx.lifecycle:lifecycle-common-jvm:2.10.0	prod
:app	transitive	androidx.lifecycle:lifecycle-common:2.10.0	dev
:app	transitive	androidx.lifecycle:lifecycle-common:2.10.0	prod
:app	transitive	androidx.lifecycle:lifecycle-livedata-core-ktx:2.10.0	dev
:app	transitive	androidx.lifecycle:lifecycle-livedata-core-ktx:2.10.0	prod
:app	transitive	androidx.lifecycle:lifecycle-livedata-core:2.10.0	dev
:app	transitive	androidx.lifecycle:lifecycle-livedata-core:2.10.0	prod
:app	transitive	androidx.lifecycle:lifecycle-livedata:2.10.0	dev
:app	transitive	androidx.lifecycle:lifecycle-livedata:2.10.0	prod
:app	transitive	androidx.lifecycle:lifecycle-process:2.10.0	dev
:app	transitive	androidx.lifecycle:lifecycle-process:2.10.0	prod
:app	transitive	androidx.lifecycle:lifecycle-runtime-android:2.10.0	dev
:app	transitive	androidx.lifecycle:lifecycle-runtime-android:2.10.0	prod
:app	transitive	androidx.lifecycle:lifecycle-runtime-compose-android:2.10.0	dev
:app	transitive	androidx.lifecycle:lifecycle-runtime-compose-android:2.10.0	prod
:app	transitive	androidx.lifecycle:lifecycle-runtime-compose:2.10.0	dev
:app	transitive	androidx.lifecycle:lifecycle-runtime-ktx-android:2.10.0	dev
:app	transitive	androidx.lifecycle:lifecycle-runtime-ktx-android:2.10.0	prod
:app	transitive	androidx.lifecycle:lifecycle-runtime-ktx:2.10.0	dev
:app	transitive	androidx.lifecycle:lifecycle-runtime-ktx:2.10.0	prod
:app	transitive	androidx.lifecycle:lifecycle-runtime-testing-android:2.10.0	dev
:app	transitive	androidx.lifecycle:lifecycle-runtime-testing:2.10.0	dev
:app	transitive	androidx.lifecycle:lifecycle-runtime:2.10.0	dev
:app	transitive	androidx.lifecycle:lifecycle-runtime:2.10.0	prod
:app	transitive	androidx.lifecycle:lifecycle-service:2.10.0	dev
:app	transitive	androidx.lifecycle:lifecycle-service:2.10.0	prod
:app	transitive	androidx.lifecycle:lifecycle-viewmodel-android:2.10.0	dev
:app	transitive	androidx.lifecycle:lifecycle-viewmodel-android:2.10.0	prod
:app	transitive	androidx.lifecycle:lifecycle-viewmodel-compose-android:2.10.0	dev
:app	transitive	androidx.lifecycle:lifecycle-viewmodel-compose-android:2.10.0	prod
:app	transitive	androidx.lifecycle:lifecycle-viewmodel-compose:2.10.0	dev
:app	transitive	androidx.lifecycle:lifecycle-viewmodel-compose:2.10.0	prod
:app	transitive	androidx.lifecycle:lifecycle-viewmodel-ktx:2.10.0	dev
:app	transitive	androidx.lifecycle:lifecycle-viewmodel-ktx:2.10.0	prod
:app	transitive	androidx.lifecycle:lifecycle-viewmodel-navigation3-android:2.10.0	dev
:app	transitive	androidx.lifecycle:lifecycle-viewmodel-navigation3-android:2.10.0	prod
:app	transitive	androidx.lifecycle:lifecycle-viewmodel-navigation3:2.10.0	dev
:app	transitive	androidx.lifecycle:lifecycle-viewmodel-savedstate-android:2.10.0	dev
:app	transitive	androidx.lifecycle:lifecycle-viewmodel-savedstate-android:2.10.0	prod
:app	transitive	androidx.lifecycle:lifecycle-viewmodel-savedstate:2.10.0	dev
:app	transitive	androidx.lifecycle:lifecycle-viewmodel-savedstate:2.10.0	prod
:app	transitive	androidx.lifecycle:lifecycle-viewmodel:2.10.0	dev
:app	transitive	androidx.lifecycle:lifecycle-viewmodel:2.10.0	prod
:app	transitive	androidx.loader:loader:1.0.0	dev
:app	transitive	androidx.loader:loader:1.0.0	prod
:app	transitive	androidx.localbroadcastmanager:localbroadcastmanager:1.0.0	dev
:app	transitive	androidx.localbroadcastmanager:localbroadcastmanager:1.0.0	prod
:app	transitive	androidx.metrics:metrics-performance:1.0.0-beta01	dev
:app	transitive	androidx.metrics:metrics-performance:1.0.0-beta01	prod
:app	transitive	androidx.multidex:multidex:2.0.1	dev
:app	transitive	androidx.navigation3:navigation3-runtime-android:1.0.0	dev
:app	transitive	androidx.navigation3:navigation3-runtime-android:1.0.0	prod
:app	transitive	androidx.navigation3:navigation3-runtime:1.0.0	dev
:app	transitive	androidx.navigation3:navigation3-runtime:1.0.0	prod
:app	transitive	androidx.navigation3:navigation3-ui-android:1.0.0	dev
:app	transitive	androidx.navigation3:navigation3-ui-android:1.0.0	prod
:app	transitive	androidx.navigation3:navigation3-ui:1.0.0	dev
:app	transitive	androidx.navigation:navigation-common:2.8.5	dev
:app	transitive	androidx.navigation:navigation-runtime:2.8.5	dev
:app	transitive	androidx.navigationevent:navigationevent-android:1.0.0	dev
:app	transitive	androidx.navigationevent:navigationevent-android:1.0.0	prod
:app	transitive	androidx.navigationevent:navigationevent-compose-android:1.0.0	dev
:app	transitive	androidx.navigationevent:navigationevent-compose-android:1.0.0	prod
:app	transitive	androidx.navigationevent:navigationevent-compose:1.0.0	dev
:app	transitive	androidx.navigationevent:navigationevent-compose:1.0.0	prod
:app	transitive	androidx.navigationevent:navigationevent:1.0.0	dev
:app	transitive	androidx.navigationevent:navigationevent:1.0.0	prod
:app	transitive	androidx.print:print:1.0.0	dev
:app	transitive	androidx.print:print:1.0.0	prod
:app	transitive	androidx.privacysandbox.ads:ads-adservices-java:1.0.0-beta05	dev
:app	transitive	androidx.privacysandbox.ads:ads-adservices-java:1.0.0-beta05	prod
:app	transitive	androidx.privacysandbox.ads:ads-adservices:1.0.0-beta05	dev
:app	transitive	androidx.privacysandbox.ads:ads-adservices:1.0.0-beta05	prod
:app	transitive	androidx.profileinstaller:profileinstaller:1.4.1	dev
:app	transitive	androidx.recyclerview:recyclerview:1.1.0	dev
:app	transitive	androidx.resourceinspection:resourceinspection-annotation:1.0.1	dev
:app	transitive	androidx.resourceinspection:resourceinspection-annotation:1.0.1	prod
:app	transitive	androidx.room:room-common-jvm:2.8.3	dev
:app	transitive	androidx.room:room-common-jvm:2.8.3	prod
:app	transitive	androidx.room:room-common:2.8.3	dev
:app	transitive	androidx.room:room-common:2.8.3	prod
:app	transitive	androidx.room:room-ktx:2.8.3	dev
:app	transitive	androidx.room:room-ktx:2.8.3	prod
:app	transitive	androidx.room:room-runtime-android:2.8.3	dev
:app	transitive	androidx.room:room-runtime-android:2.8.3	prod
:app	transitive	androidx.room:room-runtime:2.8.3	dev
:app	transitive	androidx.room:room-runtime:2.8.3	prod
:app	transitive	androidx.savedstate:savedstate-android:1.4.0	dev
:app	transitive	androidx.savedstate:savedstate-android:1.4.0	prod
:app	transitive	androidx.savedstate:savedstate-compose-android:1.4.0	dev
:app	transitive	androidx.savedstate:savedstate-compose-android:1.4.0	prod
:app	transitive	androidx.savedstate:savedstate-compose:1.4.0	dev
:app	transitive	androidx.savedstate:savedstate-compose:1.4.0	prod
:app	transitive	androidx.savedstate:savedstate-ktx:1.4.0	dev
:app	transitive	androidx.savedstate:savedstate-ktx:1.4.0	prod
:app	transitive	androidx.savedstate:savedstate:1.4.0	dev
:app	transitive	androidx.savedstate:savedstate:1.4.0	prod
:app	transitive	androidx.sqlite:sqlite-android:2.6.1	dev
:app	transitive	androidx.sqlite:sqlite-android:2.6.1	prod
:app	transitive	androidx.sqlite:sqlite-framework-android:2.6.1	dev
:app	transitive	androidx.sqlite:sqlite-framework-android:2.6.1	prod
:app	transitive	androidx.sqlite:sqlite-framework:2.6.1	dev
:app	transitive	androidx.sqlite:sqlite-framework:2.6.1	prod
:app	transitive	androidx.sqlite:sqlite:2.6.1	dev
:app	transitive	androidx.sqlite:sqlite:2.6.1	prod
:app	transitive	androidx.startup:startup-runtime:1.1.1	dev
:app	transitive	androidx.startup:startup-runtime:1.1.1	prod
:app	transitive	androidx.test.espresso:espresso-core:3.5.1	dev
:app	transitive	androidx.test.espresso:espresso-idling-resource:3.5.1	dev
:app	transitive	androidx.test.espresso:espresso-idling-resource:3.6.1	dev
:app	transitive	androidx.test.espresso:espresso-idling-resource:3.7.0	dev
:app	transitive	androidx.test.ext:junit-ktx:1.2.1	dev
:app	transitive	androidx.test.ext:junit:1.1.5	dev
:app	transitive	androidx.test.ext:junit:1.2.1	dev
:app	transitive	androidx.test.services:storage:1.4.2	dev
:app	transitive	androidx.test.services:storage:1.5.0	dev
:app	transitive	androidx.test.services:storage:1.6.0-rc01	dev
:app	transitive	androidx.test:annotation:1.0.1	dev
:app	transitive	androidx.test:core:1.4.0	dev
:app	transitive	androidx.test:core:1.5.0	dev
:app	transitive	androidx.test:core:1.6.1	dev
:app	transitive	androidx.test:monitor:1.4.0	dev
:app	transitive	androidx.test:monitor:1.7.1	dev
:app	transitive	androidx.test:monitor:1.8.0	dev
:app	transitive	androidx.test:monitor:1.8.0-rc01	dev
:app	transitive	androidx.test:rules:1.7.0-rc01	dev
:app	transitive	androidx.test:runner:1.5.2	dev
:app	transitive	androidx.test:runner:1.6.1	dev
:app	transitive	androidx.test:runner:1.7.0-rc01	dev
:app	transitive	androidx.tracing:tracing-ktx:1.3.0-alpha02	dev
:app	transitive	androidx.tracing:tracing-perfetto:1.0.0	dev
:app	transitive	androidx.tracing:tracing-perfetto:1.0.0	prod
:app	transitive	androidx.tracing:tracing:1.3.0-alpha02	dev
:app	transitive	androidx.tracing:tracing:1.3.0-alpha02	prod
:app	transitive	androidx.transition:transition:1.6.0	dev
:app	transitive	androidx.transition:transition:1.6.0	prod
:app	transitive	androidx.vectordrawable:vectordrawable-animated:1.1.0	dev
:app	transitive	androidx.vectordrawable:vectordrawable-animated:1.1.0	prod
:app	transitive	androidx.vectordrawable:vectordrawable:1.1.0	dev
:app	transitive	androidx.vectordrawable:vectordrawable:1.1.0	prod
:app	transitive	androidx.versionedparcelable:versionedparcelable:1.1.1	dev
:app	transitive	androidx.versionedparcelable:versionedparcelable:1.1.1	prod
:app	transitive	androidx.viewpager2:viewpager2:1.0.0	dev
:app	transitive	androidx.viewpager:viewpager:1.0.0	dev
:app	transitive	androidx.viewpager:viewpager:1.0.0	prod
:app	transitive	androidx.window:window-core-android:1.5.0	dev
:app	transitive	androidx.window:window-core-android:1.5.0	prod
:app	transitive	androidx.window:window-core:1.5.0	dev
:app	transitive	androidx.window:window:1.5.0	dev
:app	transitive	androidx.window:window:1.5.0	prod
:app	transitive	androidx.work:work-runtime-ktx:2.10.0	dev
:app	transitive	androidx.work:work-runtime-ktx:2.10.0	prod
:app	transitive	androidx.work:work-runtime:2.10.0	dev
:app	transitive	androidx.work:work-runtime:2.10.0	prod
:app	transitive	com.almworks.sqlite4java:sqlite4java:1.0.392	dev
:app	transitive	com.caverock:androidsvg-aar:1.4	dev
:app	transitive	com.caverock:androidsvg-aar:1.4	prod
:app	transitive	com.dropbox.differ:differ-jvm:0.3.0	dev
:app	transitive	com.dropbox.differ:differ:0.3.0	dev
:app	transitive	com.google.accompanist:accompanist-drawablepainter:0.32.0	dev
:app	transitive	com.google.accompanist:accompanist-drawablepainter:0.32.0	prod
:app	transitive	com.google.accompanist:accompanist-permissions:0.37.0	dev
:app	transitive	com.google.accompanist:accompanist-permissions:0.37.0	prod
:app	transitive	com.google.android.apps.common.testing.accessibility.framework:accessibility-test-framework:4.1.1	dev
:app	transitive	com.google.android.datatransport:transport-api:3.2.0	dev
:app	transitive	com.google.android.datatransport:transport-api:3.2.0	prod
:app	transitive	com.google.android.datatransport:transport-backend-cct:3.3.0	dev
:app	transitive	com.google.android.datatransport:transport-backend-cct:3.3.0	prod
:app	transitive	com.google.android.datatransport:transport-runtime:3.3.0	dev
:app	transitive	com.google.android.datatransport:transport-runtime:3.3.0	prod
:app	transitive	com.google.android.gms:play-services-ads-identifier:18.0.0	dev
:app	transitive	com.google.android.gms:play-services-ads-identifier:18.0.0	prod
:app	transitive	com.google.android.gms:play-services-base:18.5.0	dev
:app	transitive	com.google.android.gms:play-services-base:18.5.0	prod
:app	transitive	com.google.android.gms:play-services-basement:18.4.0	dev
:app	transitive	com.google.android.gms:play-services-basement:18.4.0	prod
:app	transitive	com.google.android.gms:play-services-cloud-messaging:17.2.0	dev
:app	transitive	com.google.android.gms:play-services-cloud-messaging:17.2.0	prod
:app	transitive	com.google.android.gms:play-services-measurement-api:22.1.2	dev
:app	transitive	com.google.android.gms:play-services-measurement-api:22.1.2	prod
:app	transitive	com.google.android.gms:play-services-measurement-base:22.1.2	dev
:app	transitive	com.google.android.gms:play-services-measurement-base:22.1.2	prod
:app	transitive	com.google.android.gms:play-services-measurement-impl:22.1.2	dev
:app	transitive	com.google.android.gms:play-services-measurement-impl:22.1.2	prod
:app	transitive	com.google.android.gms:play-services-measurement-sdk-api:22.1.2	dev
:app	transitive	com.google.android.gms:play-services-measurement-sdk-api:22.1.2	prod
:app	transitive	com.google.android.gms:play-services-measurement-sdk:22.1.2	dev
:app	transitive	com.google.android.gms:play-services-measurement-sdk:22.1.2	prod
:app	transitive	com.google.android.gms:play-services-measurement:22.1.2	dev
:app	transitive	com.google.android.gms:play-services-measurement:22.1.2	prod
:app	transitive	com.google.android.gms:play-services-oss-licenses:17.1.0	dev
:app	transitive	com.google.android.gms:play-services-oss-licenses:17.1.0	prod
:app	transitive	com.google.android.gms:play-services-stats:17.0.2	dev
:app	transitive	com.google.android.gms:play-services-stats:17.0.2	prod
:app	transitive	com.google.android.gms:play-services-tasks:18.2.0	dev
:app	transitive	com.google.android.gms:play-services-tasks:18.2.0	prod
:app	transitive	com.google.android.material:material:1.2.0-rc01	dev
:app	transitive	com.google.auto.value:auto-value-annotations:1.11.0	dev
:app	transitive	com.google.code.findbugs:jsr305:3.0.2	dev
:app	transitive	com.google.code.findbugs:jsr305:3.0.2	prod
:app	transitive	com.google.dagger:dagger-lint-aar:2.59	dev
:app	transitive	com.google.dagger:dagger-lint-aar:2.59	prod
:app	transitive	com.google.dagger:dagger:2.59	dev
:app	transitive	com.google.dagger:dagger:2.59	prod
:app	transitive	com.google.dagger:hilt-android:2.59	dev
:app	transitive	com.google.dagger:hilt-core:2.59	dev
:app	transitive	com.google.dagger:hilt-core:2.59	prod
:app	transitive	com.google.errorprone:error_prone_annotation:2.41.0	dev
:app	transitive	com.google.errorprone:error_prone_annotations:2.11.0	dev
:app	transitive	com.google.errorprone:error_prone_annotations:2.11.0	prod
:app	transitive	com.google.errorprone:error_prone_annotations:2.18.0	dev
:app	transitive	com.google.errorprone:error_prone_annotations:2.26.0	dev
:app	transitive	com.google.errorprone:error_prone_annotations:2.26.0	prod
:app	transitive	com.google.errorprone:error_prone_annotations:2.36.0	dev
:app	transitive	com.google.firebase:firebase-abt:21.1.1	dev
:app	transitive	com.google.firebase:firebase-abt:21.1.1	prod
:app	transitive	com.google.firebase:firebase-analytics:22.1.2	dev
:app	transitive	com.google.firebase:firebase-annotations:16.2.0	dev
:app	transitive	com.google.firebase:firebase-annotations:16.2.0	prod
:app	transitive	com.google.firebase:firebase-bom:33.7.0	dev
:app	transitive	com.google.firebase:firebase-common-ktx:21.0.0	dev
:app	transitive	com.google.firebase:firebase-common-ktx:21.0.0	prod
:app	transitive	com.google.firebase:firebase-common:21.0.0	dev
:app	transitive	com.google.firebase:firebase-common:21.0.0	prod
:app	transitive	com.google.firebase:firebase-components:18.0.0	dev
:app	transitive	com.google.firebase:firebase-components:18.0.0	prod
:app	transitive	com.google.firebase:firebase-config-interop:16.0.1	dev
:app	transitive	com.google.firebase:firebase-config-interop:16.0.1	prod
:app	transitive	com.google.firebase:firebase-config:22.0.1	dev
:app	transitive	com.google.firebase:firebase-config:22.0.1	prod
:app	transitive	com.google.firebase:firebase-crashlytics:19.3.0	dev
:app	transitive	com.google.firebase:firebase-datatransport:19.0.0	dev
:app	transitive	com.google.firebase:firebase-datatransport:19.0.0	prod
:app	transitive	com.google.firebase:firebase-encoders-json:18.0.1	dev
:app	transitive	com.google.firebase:firebase-encoders-json:18.0.1	prod
:app	transitive	com.google.firebase:firebase-encoders-proto:16.0.0	dev
:app	transitive	com.google.firebase:firebase-encoders-proto:16.0.0	prod
:app	transitive	com.google.firebase:firebase-encoders:17.0.0	dev
:app	transitive	com.google.firebase:firebase-encoders:17.0.0	prod
:app	transitive	com.google.firebase:firebase-iid-interop:17.1.0	dev
:app	transitive	com.google.firebase:firebase-iid-interop:17.1.0	prod
:app	transitive	com.google.firebase:firebase-installations-interop:17.2.0	dev
:app	transitive	com.google.firebase:firebase-installations-interop:17.2.0	prod
:app	transitive	com.google.firebase:firebase-installations:18.0.0	dev
:app	transitive	com.google.firebase:firebase-installations:18.0.0	prod
:app	transitive	com.google.firebase:firebase-measurement-connector:20.0.1	dev
:app	transitive	com.google.firebase:firebase-measurement-connector:20.0.1	prod
:app	transitive	com.google.firebase:firebase-messaging:24.1.0	dev
:app	transitive	com.google.firebase:firebase-messaging:24.1.0	prod
:app	transitive	com.google.firebase:firebase-perf:21.0.3	dev
:app	transitive	com.google.firebase:firebase-sessions:2.0.7	dev
:app	transitive	com.google.firebase:firebase-sessions:2.0.7	prod
:app	transitive	com.google.guava:failureaccess:1.0.1	dev
:app	transitive	com.google.guava:failureaccess:1.0.1	prod
:app	transitive	com.google.guava:failureaccess:1.0.3	dev
:app	transitive	com.google.guava:guava:31.1-android	dev
:app	transitive	com.google.guava:guava:31.1-android	prod
:app	transitive	com.google.guava:guava:33.4.8-jre	dev
:app	transitive	com.google.guava:listenablefuture:9999.0-empty-to-avoid-conflict-with-guava	dev
:app	transitive	com.google.guava:listenablefuture:9999.0-empty-to-avoid-conflict-with-guava	prod
:app	transitive	com.google.j2objc:j2objc-annotations:1.3	dev
:app	transitive	com.google.j2objc:j2objc-annotations:1.3	prod
:app	transitive	com.google.j2objc:j2objc-annotations:3.0.0	dev
:app	transitive	com.google.protobuf:protobuf-javalite:4.29.2	dev
:app	transitive	com.google.protobuf:protobuf-javalite:4.29.2	prod
:app	transitive	com.google.protobuf:protobuf-kotlin-lite:4.29.2	dev
:app	transitive	com.google.protobuf:protobuf-kotlin-lite:4.29.2	prod
:app	transitive	com.google.testparameterinjector:test-parameter-injector:1.18	dev
:app	transitive	com.ibm.icu:icu4j:77.1	dev
:app	transitive	com.squareup.okhttp3:logging-interceptor:4.12.0	dev
:app	transitive	com.squareup.okhttp3:logging-interceptor:4.12.0	prod
:app	transitive	com.squareup.okhttp3:okhttp:4.12.0	dev
:app	transitive	com.squareup.okhttp3:okhttp:4.12.0	prod
:app	transitive	com.squareup.okio:okio-jvm:3.9.1	dev
:app	transitive	com.squareup.okio:okio-jvm:3.9.1	prod
:app	transitive	com.squareup.okio:okio:3.9.1	dev
:app	transitive	com.squareup.okio:okio:3.9.1	prod
:app	transitive	com.squareup.retrofit2:converter-kotlinx-serialization:2.11.0	dev
:app	transitive	com.squareup.retrofit2:converter-kotlinx-serialization:2.11.0	prod
:app	transitive	com.squareup.retrofit2:retrofit:2.11.0	dev
:app	transitive	com.squareup.retrofit2:retrofit:2.11.0	prod
:app	transitive	com.squareup:javawriter:2.1.1	dev
:app	transitive	io.coil-kt:coil-base:2.7.0	dev
:app	transitive	io.coil-kt:coil-base:2.7.0	prod
:app	transitive	io.coil-kt:coil-compose-base:2.7.0	dev
:app	transitive	io.coil-kt:coil-compose-base:2.7.0	prod
:app	transitive	io.coil-kt:coil-compose:2.7.0	dev
:app	transitive	io.coil-kt:coil-compose:2.7.0	prod
:app	transitive	io.coil-kt:coil-svg:2.7.0	dev
:app	transitive	io.coil-kt:coil-svg:2.7.0	prod
:app	transitive	io.coil-kt:coil:2.7.0	dev
:app	transitive	io.github.takahirom.roborazzi:roborazzi-accessibility-check:1.56.0	dev
:app	transitive	io.github.takahirom.roborazzi:roborazzi-core-android:1.56.0	dev
:app	transitive	io.github.takahirom.roborazzi:roborazzi-core:1.56.0	dev
:app	transitive	io.github.takahirom.roborazzi:roborazzi-junit-rule:1.56.0	dev
:app	transitive	io.github.takahirom.roborazzi:roborazzi-painter-jvm:1.56.0	dev
:app	transitive	io.github.takahirom.roborazzi:roborazzi-painter:1.56.0	dev
:app	transitive	jakarta.inject:jakarta.inject-api:2.0.1	dev
:app	transitive	jakarta.inject:jakarta.inject-api:2.0.1	prod
:app	transitive	javax.annotation:javax.annotation-api:1.3.2	dev
:app	transitive	javax.inject:javax.inject:1	dev
:app	transitive	javax.inject:javax.inject:1	prod
:app	transitive	junit:junit:4.13.2	dev
:app	transitive	org.bouncycastle:bcprov-jdk18on:1.81	dev
:app	transitive	org.checkerframework:checker-qual:3.12.0	dev
:app	transitive	org.checkerframework:checker-qual:3.12.0	prod
:app	transitive	org.checkerframework:checker-qual:3.22.1	dev
:app	transitive	org.conscrypt:conscrypt-openjdk-uber:2.5.2	dev
:app	transitive	org.hamcrest:hamcrest-core:1.3	dev
:app	transitive	org.hamcrest:hamcrest-integration:1.3	dev
:app	transitive	org.hamcrest:hamcrest-library:1.3	dev
:app	transitive	org.jacoco:org.jacoco.agent:0.8.13	dev
:app	transitive	org.jetbrains.kotlin:kotlin-stdlib-common:2.3.0	dev
:app	transitive	org.jetbrains.kotlin:kotlin-stdlib-common:2.3.0	prod
:app	transitive	org.jetbrains.kotlin:kotlin-stdlib-jdk7:1.8.22	dev
:app	transitive	org.jetbrains.kotlin:kotlin-stdlib-jdk7:1.8.22	prod
:app	transitive	org.jetbrains.kotlin:kotlin-stdlib-jdk7:1.9.0	dev
:app	transitive	org.jetbrains.kotlin:kotlin-stdlib-jdk7:1.9.0	prod
:app	transitive	org.jetbrains.kotlin:kotlin-stdlib-jdk8:1.8.22	dev
:app	transitive	org.jetbrains.kotlin:kotlin-stdlib-jdk8:1.8.22	prod
:app	transitive	org.jetbrains.kotlin:kotlin-stdlib-jdk8:1.9.0	dev
:app	transitive	org.jetbrains.kotlin:kotlin-stdlib-jdk8:1.9.0	prod
:app	transitive	org.jetbrains.kotlin:kotlin-stdlib:2.3.0	dev
:app	transitive	org.jetbrains.kotlinx:kotlinx-coroutines-android:1.10.1	dev
:app	transitive	org.jetbrains.kotlinx:kotlinx-coroutines-android:1.10.1	prod
:app	transitive	org.jetbrains.kotlinx:kotlinx-coroutines-bom:1.10.1	dev
:app	transitive	org.jetbrains.kotlinx:kotlinx-coroutines-bom:1.10.1	prod
:app	transitive	org.jetbrains.kotlinx:kotlinx-coroutines-core-jvm:1.10.1	dev
:app	transitive	org.jetbrains.kotlinx:kotlinx-coroutines-core-jvm:1.10.1	prod
:app	transitive	org.jetbrains.kotlinx:kotlinx-coroutines-core:1.10.1	dev
:app	transitive	org.jetbrains.kotlinx:kotlinx-coroutines-core:1.10.1	prod
:app	transitive	org.jetbrains.kotlinx:kotlinx-coroutines-guava:1.10.1	dev
:app	transitive	org.jetbrains.kotlinx:kotlinx-coroutines-play-services:1.10.1	dev
:app	transitive	org.jetbrains.kotlinx:kotlinx-coroutines-play-services:1.10.1	prod
:app	transitive	org.jetbrains.kotlinx:kotlinx-coroutines-test-jvm:1.10.1	dev
:app	transitive	org.jetbrains.kotlinx:kotlinx-coroutines-test:1.10.1	dev
:app	transitive	org.jetbrains.kotlinx:kotlinx-datetime-jvm:0.6.1	dev
:app	transitive	org.jetbrains.kotlinx:kotlinx-datetime-jvm:0.6.1	prod
:app	transitive	org.jetbrains.kotlinx:kotlinx-datetime:0.6.1	dev
:app	transitive	org.jetbrains.kotlinx:kotlinx-datetime:0.6.1	prod
:app	transitive	org.jetbrains.kotlinx:kotlinx-io-bytestring-jvm:0.3.3	dev
:app	transitive	org.jetbrains.kotlinx:kotlinx-io-bytestring:0.3.3	dev
:app	transitive	org.jetbrains.kotlinx:kotlinx-io-core-jvm:0.3.3	dev
:app	transitive	org.jetbrains.kotlinx:kotlinx-io-core:0.3.3	dev
:app	transitive	org.jetbrains.kotlinx:kotlinx-serialization-bom:1.8.0	dev
:app	transitive	org.jetbrains.kotlinx:kotlinx-serialization-bom:1.8.0	prod
:app	transitive	org.jetbrains.kotlinx:kotlinx-serialization-core-jvm:1.8.0	dev
:app	transitive	org.jetbrains.kotlinx:kotlinx-serialization-core-jvm:1.8.0	prod
:app	transitive	org.jetbrains.kotlinx:kotlinx-serialization-core:1.8.0	dev
:app	transitive	org.jetbrains.kotlinx:kotlinx-serialization-core:1.8.0	prod
:app	transitive	org.jetbrains.kotlinx:kotlinx-serialization-json-jvm:1.8.0	dev
:app	transitive	org.jetbrains.kotlinx:kotlinx-serialization-json-jvm:1.8.0	prod
:app	transitive	org.jetbrains.kotlinx:kotlinx-serialization-json:1.8.0	dev
:app	transitive	org.jetbrains:annotations:23.0.0	dev
:app	transitive	org.jetbrains:annotations:23.0.0	prod
:app	transitive	org.jsoup:jsoup:1.15.1	dev
:app	transitive	org.jspecify:jspecify:1.0.0	dev
:app	transitive	org.jspecify:jspecify:1.0.0	prod
:app	transitive	org.ow2.asm:asm-commons:9.8	dev
:app	transitive	org.ow2.asm:asm-tree:9.8	dev
:app	transitive	org.ow2.asm:asm:9.8	dev
:app	transitive	org.robolectric:annotations:4.16	dev
:app	transitive	org.robolectric:junit:4.16	dev
:app	transitive	org.robolectric:nativeruntime-dist-compat:1.0.18	dev
:app	transitive	org.robolectric:nativeruntime:4.16	dev
:app	transitive	org.robolectric:pluginapi:4.16	dev
:app	transitive	org.robolectric:plugins-maven-dependency-resolver:4.16	dev
:app	transitive	org.robolectric:resources:4.16	dev
:app	transitive	org.robolectric:sandbox:4.16	dev
:app	transitive	org.robolectric:shadowapi:4.16	dev
:app	transitive	org.robolectric:shadows-framework:4.16	dev
:app	transitive	org.robolectric:utils-reflector:4.16	dev
:app	transitive	org.robolectric:utils:4.16	dev
:app	transitive	org.yaml:snakeyaml:2.4	dev
:core:network	direct	androidx.tracing:tracing-ktx:1.3.0-alpha02	dev
:core:network	direct	androidx.tracing:tracing-ktx:1.3.0-alpha02	prod
:core:network	direct	com.google.dagger:hilt-android:2.59	dev
:core:network	direct	com.google.dagger:hilt-android:2.59	prod
:core:network	direct	com.squareup.okhttp3:logging-interceptor:4.12.0	dev
:core:network	direct	com.squareup.okhttp3:logging-interceptor:4.12.0	prod
:core:network	direct	com.squareup.retrofit2:converter-kotlinx-serialization:2.11.0	dev
:core:network	direct	com.squareup.retrofit2:converter-kotlinx-serialization:2.11.0	prod
:core:network	direct	com.squareup.retrofit2:retrofit:2.11.0	dev
:core:network	direct	com.squareup.retrofit2:retrofit:2.11.0	prod
:core:network	direct	io.coil-kt:coil-svg:2.7.0	dev
:core:network	direct	io.coil-kt:coil-svg:2.7.0	prod
:core:network	direct	io.coil-kt:coil:2.7.0	dev
:core:network	direct	io.coil-kt:coil:2.7.0	prod
:core:network	direct	junit:junit:4.13.2	dev
:core:network	direct	org.jetbrains.kotlin:kotlin-stdlib:2.3.0	dev
:core:network	direct	org.jetbrains.kotlin:kotlin-stdlib:2.3.0	prod
:core:network	direct	org.jetbrains.kotlin:kotlin-test:2.3.0	dev
:core:network	direct	org.jetbrains.kotlinx:kotlinx-coroutines-test:1.10.1	dev
:core:network	direct	org.jetbrains.kotlinx:kotlinx-datetime:0.6.1	dev
:core:network	direct	org.jetbrains.kotlinx:kotlinx-datetime:0.6.1	prod
:core:network	direct	org.jetbrains.kotlinx:kotlinx-serialization-json:1.8.0	dev
:core:network	direct	org.jetbrains.kotlinx:kotlinx-serialization-json:1.8.0	prod
:core:network	transitive	androidx.activity:activity:1.5.1	dev
:core:network	transitive	androidx.activity:activity:1.5.1	prod
:core:network	transitive	androidx.annotation:annotation-experimental:1.3.1	dev
:core:network	transitive	androidx.annotation:annotation-experimental:1.3.1	prod
:core:network	transitive	androidx.annotation:annotation-jvm:1.7.1	dev
:core:network	transitive	androidx.annotation:annotation-jvm:1.7.1	prod
:core:network	transitive	androidx.annotation:annotation:1.7.1	dev
:core:network	transitive	androidx.annotation:annotation:1.7.1	prod
:core:network	transitive	androidx.appcompat:appcompat-resources:1.6.1	dev
:core:network	transitive	androidx.appcompat:appcompat-resources:1.6.1	prod
:core:network	transitive	androidx.arch.core:core-common:2.2.0	dev
:core:network	transitive	androidx.arch.core:core-common:2.2.0	prod
:core:network	transitive	androidx.arch.core:core-runtime:2.2.0	dev
:core:network	transitive	androidx.arch.core:core-runtime:2.2.0	prod
:core:network	transitive	androidx.collection:collection-jvm:1.4.0	dev
:core:network	transitive	androidx.collection:collection-jvm:1.4.0	prod
:core:network	transitive	androidx.collection:collection:1.1.0	dev
:core:network	transitive	androidx.collection:collection:1.1.0	prod
:core:network	transitive	androidx.collection:collection:1.4.0	dev
:core:network	transitive	androidx.collection:collection:1.4.0	prod
:core:network	transitive	androidx.concurrent:concurrent-futures:1.1.0	dev
:core:network	transitive	androidx.concurrent:concurrent-futures:1.1.0	prod
:core:network	transitive	androidx.core:core-ktx:1.12.0	dev
:core:network	transitive	androidx.core:core-ktx:1.12.0	prod
:core:network	transitive	androidx.core:core-ktx:1.2.0	dev
:core:network	transitive	androidx.core:core-ktx:1.2.0	prod
:core:network	transitive	androidx.core:core:1.12.0	dev
:core:network	transitive	androidx.core:core:1.12.0	prod
:core:network	transitive	androidx.core:core:1.8.0	dev
:core:network	transitive	androidx.core:core:1.8.0	prod
:core:network	transitive	androidx.customview:customview:1.0.0	dev
:core:network	transitive	androidx.customview:customview:1.0.0	prod
:core:network	transitive	androidx.exifinterface:exifinterface:1.3.7	dev
:core:network	transitive	androidx.exifinterface:exifinterface:1.3.7	prod
:core:network	transitive	androidx.fragment:fragment:1.5.1	dev
:core:network	transitive	androidx.fragment:fragment:1.5.1	prod
:core:network	transitive	androidx.interpolator:interpolator:1.0.0	dev
:core:network	transitive	androidx.interpolator:interpolator:1.0.0	prod
:core:network	transitive	androidx.lifecycle:lifecycle-common:2.7.0	dev
:core:network	transitive	androidx.lifecycle:lifecycle-common:2.7.0	prod
:core:network	transitive	androidx.lifecycle:lifecycle-livedata-core-ktx:2.7.0	dev
:core:network	transitive	androidx.lifecycle:lifecycle-livedata-core-ktx:2.7.0	prod
:core:network	transitive	androidx.lifecycle:lifecycle-livedata-core:2.7.0	dev
:core:network	transitive	androidx.lifecycle:lifecycle-livedata-core:2.7.0	prod
:core:network	transitive	androidx.lifecycle:lifecycle-livedata:2.7.0	dev
:core:network	transitive	androidx.lifecycle:lifecycle-livedata:2.7.0	prod
:core:network	transitive	androidx.lifecycle:lifecycle-runtime:2.7.0	dev
:core:network	transitive	androidx.lifecycle:lifecycle-runtime:2.7.0	prod
:core:network	transitive	androidx.lifecycle:lifecycle-viewmodel-savedstate:2.7.0	dev
:core:network	transitive	androidx.lifecycle:lifecycle-viewmodel-savedstate:2.7.0	prod
:core:network	transitive	androidx.lifecycle:lifecycle-viewmodel:2.7.0	dev
:core:network	transitive	androidx.lifecycle:lifecycle-viewmodel:2.7.0	prod
:core:network	transitive	androidx.loader:loader:1.0.0	dev
:core:network	transitive	androidx.loader:loader:1.0.0	prod
:core:network	transitive	androidx.profileinstaller:profileinstaller:1.3.1	dev
:core:network	transitive	androidx.profileinstaller:profileinstaller:1.3.1	prod
:core:network	transitive	androidx.savedstate:savedstate:1.2.1	dev
:core:network	transitive	androidx.savedstate:savedstate:1.2.1	prod
:core:network	transitive	androidx.startup:startup-runtime:1.1.1	dev
:core:network	transitive	androidx.startup:startup-runtime:1.1.1	prod
:core:network	transitive	androidx.tracing:tracing-ktx:1.3.0-alpha02	dev
:core:network	transitive	androidx.tracing:tracing:1.3.0-alpha02	dev
:core:network	transitive	androidx.tracing:tracing:1.3.0-alpha02	prod
:core:network	transitive	androidx.vectordrawable:vectordrawable-animated:1.1.0	dev
:core:network	transitive	androidx.vectordrawable:vectordrawable-animated:1.1.0	prod
:core:network	transitive	androidx.vectordrawable:vectordrawable:1.1.0	dev
:core:network	transitive	androidx.vectordrawable:vectordrawable:1.1.0	prod
:core:network	transitive	androidx.versionedparcelable:versionedparcelable:1.1.1	dev
:core:network	transitive	androidx.versionedparcelable:versionedparcelable:1.1.1	prod
:core:network	transitive	androidx.viewpager:viewpager:1.0.0	dev
:core:network	transitive	androidx.viewpager:viewpager:1.0.0	prod
:core:network	transitive	com.caverock:androidsvg-aar:1.4	dev
:core:network	transitive	com.caverock:androidsvg-aar:1.4	prod
:core:network	transitive	com.google.code.findbugs:jsr305:3.0.2	dev
:core:network	transitive	com.google.code.findbugs:jsr305:3.0.2	prod
:core:network	transitive	com.google.dagger:dagger-lint-aar:2.59	dev
:core:network	transitive	com.google.dagger:dagger-lint-aar:2.59	prod
:core:network	transitive	com.google.dagger:dagger:2.59	dev
:core:network	transitive	com.google.dagger:dagger:2.59	prod
:core:network	transitive	com.google.dagger:hilt-android:2.59	dev
:core:network	transitive	com.google.dagger:hilt-core:2.59	dev
:core:network	transitive	com.google.dagger:hilt-core:2.59	prod
:core:network	transitive	com.google.guava:listenablefuture:1.0	dev
:core:network	transitive	com.google.guava:listenablefuture:1.0	prod
:core:network	transitive	com.squareup.okhttp3:logging-interceptor:4.12.0	dev
:core:network	transitive	com.squareup.okhttp3:okhttp:4.12.0	dev
:core:network	transitive	com.squareup.okhttp3:okhttp:4.12.0	prod
:core:network	transitive	com.squareup.okio:okio-jvm:3.9.0	dev
:core:network	transitive	com.squareup.okio:okio-jvm:3.9.0	prod
:core:network	transitive	com.squareup.okio:okio:3.9.0	dev
:core:network	transitive	com.squareup.okio:okio:3.9.0	prod
:core:network	transitive	com.squareup.retrofit2:converter-kotlinx-serialization:2.11.0	dev
:core:network	transitive	com.squareup.retrofit2:retrofit:2.11.0	dev
:core:network	transitive	io.coil-kt:coil-base:2.7.0	dev
:core:network	transitive	io.coil-kt:coil-base:2.7.0	prod
:core:network	transitive	io.coil-kt:coil-svg:2.7.0	dev
:core:network	transitive	io.coil-kt:coil:2.7.0	dev
:core:network	transitive	jakarta.inject:jakarta.inject-api:2.0.1	dev
:core:network	transitive	jakarta.inject:jakarta.inject-api:2.0.1	prod
:core:network	transitive	javax.inject:javax.inject:1	dev
:core:network	transitive	javax.inject:javax.inject:1	prod
:core:network	transitive	org.hamcrest:hamcrest-core:1.3	dev
:core:network	transitive	org.jetbrains.kotlin:kotlin-stdlib-jdk7:1.8.21	dev
:core:network	transitive	org.jetbrains.kotlin:kotlin-stdlib-jdk7:1.8.21	prod
:core:network	transitive	org.jetbrains.kotlin:kotlin-stdlib-jdk8:1.8.21	dev
:core:network	transitive	org.jetbrains.kotlin:kotlin-stdlib-jdk8:1.8.21	prod
:core:network	transitive	org.jetbrains.kotlin:kotlin-stdlib:2.3.0	dev
:core:network	transitive	org.jetbrains.kotlinx:kotlinx-coroutines-android:1.10.1	dev
:core:network	transitive	org.jetbrains.kotlinx:kotlinx-coroutines-android:1.10.1	prod
:core:network	transitive	org.jetbrains.kotlinx:kotlinx-coroutines-android:1.8.1	prod
:core:network	transitive	org.jetbrains.kotlinx:kotlinx-coroutines-bom:1.10.1	dev
:core:network	transitive	org.jetbrains.kotlinx:kotlinx-coroutines-bom:1.10.1	prod
:core:network	transitive	org.jetbrains.kotlinx:kotlinx-coroutines-bom:1.8.1	prod
:core:network	transitive	org.jetbrains.kotlinx:kotlinx-coroutines-core-jvm:1.10.1	dev
:core:network	transitive	org.jetbrains.kotlinx:kotlinx-coroutines-core-jvm:1.10.1	prod
:core:network	transitive	org.jetbrains.kotlinx:kotlinx-coroutines-core-jvm:1.8.1	prod
:core:network	transitive	org.jetbrains.kotlinx:kotlinx-coroutines-core:1.10.1	dev
:core:network	transitive	org.jetbrains.kotlinx:kotlinx-coroutines-core:1.10.1	prod
:core:network	transitive	org.jetbrains.kotlinx:kotlinx-coroutines-core:1.8.1	prod
:core:network	transitive	org.jetbrains.kotlinx:kotlinx-coroutines-test-jvm:1.10.1	dev
:core:network	transitive	org.jetbrains.kotlinx:kotlinx-datetime-jvm:0.6.1	dev
:core:network	transitive	org.jetbrains.kotlinx:kotlinx-datetime-jvm:0.6.1	prod
:core:network	transitive	org.jetbrains.kotlinx:kotlinx-datetime:0.6.1	dev
:core:network	transitive	org.jetbrains.kotlinx:kotlinx-serialization-bom:1.8.0	dev
:core:network	transitive	org.jetbrains.kotlinx:kotlinx-serialization-bom:1.8.0	prod
:core:network	transitive	org.jetbrains.kotlinx:kotlinx-serialization-core-jvm:1.8.0	dev
:core:network	transitive	org.jetbrains.kotlinx:kotlinx-serialization-core-jvm:1.8.0	prod
:core:network	transitive	org.jetbrains.kotlinx:kotlinx-serialization-core:1.8.0	dev
:core:network	transitive	org.jetbrains.kotlinx:kotlinx-serialization-core:1.8.0	prod
:core:network	transitive	org.jetbrains.kotlinx:kotlinx-serialization-json-jvm:1.8.0	dev
:core:network	transitive	org.jetbrains.kotlinx:kotlinx-serialization-json-jvm:1.8.0	prod
:core:network	transitive	org.jetbrains.kotlinx:kotlinx-serialization-json:1.8.0	dev
:core:network	transitive	org.jetbrains:annotations:23.0.0	dev
:core:network	transitive	org.jetbrains:annotations:23.0.0	prod
:core:network	transitive	org.jspecify:jspecify:1.0.0	dev
:core:network	transitive	org.jspecify:jspecify:1.0.0	prod
:core:notifications	direct	androidx.compose:compose-bom-alpha:2025.09.01	prod
:core:notifications	direct	androidx.tracing:tracing-ktx:1.3.0-alpha02	dev
:core:notifications	direct	androidx.tracing:tracing-ktx:1.3.0-alpha02	prod
:core:notifications	direct	com.google.dagger:hilt-android:2.59	dev
:core:notifications	direct	com.google.dagger:hilt-android:2.59	prod
:core:notifications	direct	junit:junit:4.13.2	dev
:core:notifications	direct	org.jetbrains.kotlin:kotlin-stdlib:2.3.0	dev
:core:notifications	direct	org.jetbrains.kotlin:kotlin-stdlib:2.3.0	prod
:core:notifications	direct	org.jetbrains.kotlin:kotlin-test:2.3.0	dev
:core:notifications	transitive	androidx.activity:activity:1.5.1	dev
:core:notifications	transitive	androidx.activity:activity:1.5.1	prod
:core:notifications	transitive	androidx.annotation:annotation-experimental:1.3.1	dev
:core:notifications	transitive	androidx.annotation:annotation-experimental:1.3.1	prod
:core:notifications	transitive	androidx.annotation:annotation-jvm:1.7.1	dev
:core:notifications	transitive	androidx.annotation:annotation-jvm:1.7.1	prod
:core:notifications	transitive	androidx.annotation:annotation:1.7.1	dev
:core:notifications	transitive	androidx.annotation:annotation:1.7.1	prod
:core:notifications	transitive	androidx.arch.core:core-common:2.1.0	dev
:core:notifications	transitive	androidx.arch.core:core-common:2.1.0	prod
:core:notifications	transitive	androidx.arch.core:core-runtime:2.0.0	dev
:core:notifications	transitive	androidx.arch.core:core-runtime:2.0.0	prod
:core:notifications	transitive	androidx.arch.core:core-runtime:2.1.0	dev
:core:notifications	transitive	androidx.arch.core:core-runtime:2.1.0	prod
:core:notifications	transitive	androidx.collection:collection:1.1.0	dev
:core:notifications	transitive	androidx.collection:collection:1.1.0	prod
:core:notifications	transitive	androidx.concurrent:concurrent-futures:1.0.0	dev
:core:notifications	transitive	androidx.concurrent:concurrent-futures:1.0.0	prod
:core:notifications	transitive	androidx.core:core-ktx:1.2.0	dev
:core:notifications	transitive	androidx.core:core-ktx:1.2.0	prod
:core:notifications	transitive	androidx.core:core:1.8.0	dev
:core:notifications	transitive	androidx.core:core:1.8.0	prod
:core:notifications	transitive	androidx.customview:customview:1.0.0	dev
:core:notifications	transitive	androidx.customview:customview:1.0.0	prod
:core:notifications	transitive	androidx.fragment:fragment:1.5.1	dev
:core:notifications	transitive	androidx.fragment:fragment:1.5.1	prod
:core:notifications	transitive	androidx.lifecycle:lifecycle-common:2.5.1	dev
:core:notifications	transitive	androidx.lifecycle:lifecycle-common:2.5.1	prod
:core:notifications	transitive	androidx.lifecycle:lifecycle-livedata-core:2.5.1	dev
:core:notifications	transitive	androidx.lifecycle:lifecycle-livedata-core:2.5.1	prod
:core:notifications	transitive	androidx.lifecycle:lifecycle-livedata:2.0.0	dev
:core:notifications	transitive	androidx.lifecycle:lifecycle-livedata:2.0.0	prod
:core:notifications	transitive	androidx.lifecycle:lifecycle-runtime:2.5.1	dev
:core:notifications	transitive	androidx.lifecycle:lifecycle-runtime:2.5.1	prod
:core:notifications	transitive	androidx.lifecycle:lifecycle-viewmodel-savedstate:2.5.1	dev
:core:notifications	transitive	androidx.lifecycle:lifecycle-viewmodel-savedstate:2.5.1	prod
:core:notifications	transitive	androidx.lifecycle:lifecycle-viewmodel:2.5.1	dev
:core:notifications	transitive	androidx.lifecycle:lifecycle-viewmodel:2.5.1	prod
:core:notifications	transitive	androidx.loader:loader:1.0.0	dev
:core:notifications	transitive	androidx.loader:loader:1.0.0	prod
:core:notifications	transitive	androidx.savedstate:savedstate:1.2.0	dev
:core:notifications	transitive	androidx.savedstate:savedstate:1.2.0	prod
:core:notifications	transitive	androidx.tracing:tracing-ktx:1.3.0-alpha02	dev
:core:notifications	transitive	androidx.tracing:tracing:1.3.0-alpha02	dev
:core:notifications	transitive	androidx.tracing:tracing:1.3.0-alpha02	prod
:core:notifications	transitive	androidx.versionedparcelable:versionedparcelable:1.1.1	dev
:core:notifications	transitive	androidx.versionedparcelable:versionedparcelable:1.1.1	prod
:core:notifications	transitive	androidx.viewpager:viewpager:1.0.0	dev
:core:notifications	transitive	androidx.viewpager:viewpager:1.0.0	prod
:core:notifications	transitive	com.google.code.findbugs:jsr305:3.0.2	dev
:core:notifications	transitive	com.google.code.findbugs:jsr305:3.0.2	prod
:core:notifications	transitive	com.google.dagger:dagger-lint-aar:2.59	dev
:core:notifications	transitive	com.google.dagger:dagger-lint-aar:2.59	prod
:core:notifications	transitive	com.google.dagger:dagger:2.59	dev
:core:notifications	transitive	com.google.dagger:dagger:2.59	prod
:core:notifications	transitive	com.google.dagger:hilt-android:2.59	dev
:core:notifications	transitive	com.google.dagger:hilt-core:2.59	dev
:core:notifications	transitive	com.google.dagger:hilt-core:2.59	prod
:core:notifications	transitive	com.google.guava:listenablefuture:1.0	dev
:core:notifications	transitive	com.google.guava:listenablefuture:1.0	prod
:core:notifications	transitive	jakarta.inject:jakarta.inject-api:2.0.1	dev
:core:notifications	transitive	jakarta.inject:jakarta.inject-api:2.0.1	prod
:core:notifications	transitive	javax.inject:javax.inject:1	dev
:core:notifications	transitive	javax.inject:javax.inject:1	prod
:core:notifications	transitive	org.hamcrest:hamcrest-core:1.3	dev
:core:notifications	transitive	org.jetbrains.kotlin:kotlin-stdlib-common:2.3.0	dev
:core:notifications	transitive	org.jetbrains.kotlin:kotlin-stdlib-common:2.3.0	prod
:core:notifications	transitive	org.jetbrains.kotlin:kotlin-stdlib-jdk7:1.8.0	dev
:core:notifications	transitive	org.jetbrains.kotlin:kotlin-stdlib-jdk7:1.8.0	prod
:core:notifications	transitive	org.jetbrains.kotlin:kotlin-stdlib-jdk8:1.8.0	dev
:core:notifications	transitive	org.jetbrains.kotlin:kotlin-stdlib-jdk8:1.8.0	prod
:core:notifications	transitive	org.jetbrains.kotlin:kotlin-stdlib:2.3.0	dev
:core:notifications	transitive	org.jetbrains.kotlinx:kotlinx-coroutines-android:1.10.1	dev
:core:notifications	transitive	org.jetbrains.kotlinx:kotlinx-coroutines-android:1.10.1	prod
:core:notifications	transitive	org.jetbrains.kotlinx:kotlinx-coroutines-android:1.6.1	dev
:core:notifications	transitive	org.jetbrains.kotlinx:kotlinx-coroutines-android:1.6.1	prod
:core:notifications	transitive	org.jetbrains.kotlinx:kotlinx-coroutines-bom:1.10.1	dev
:core:notifications	transitive	org.jetbrains.kotlinx:kotlinx-coroutines-bom:1.10.1	prod
:core:notifications	transitive	org.jetbrains.kotlinx:kotlinx-coroutines-bom:1.6.1	dev
:core:notifications	transitive	org.jetbrains.kotlinx:kotlinx-coroutines-bom:1.6.1	prod
:core:notifications	transitive	org.jetbrains.kotlinx:kotlinx-coroutines-core-jvm:1.10.1	dev
:core:notifications	transitive	org.jetbrains.kotlinx:kotlinx-coroutines-core-jvm:1.10.1	prod
:core:notifications	transitive	org.jetbrains.kotlinx:kotlinx-coroutines-core-jvm:1.6.1	dev
:core:notifications	transitive	org.jetbrains.kotlinx:kotlinx-coroutines-core-jvm:1.6.1	prod
:core:notifications	transitive	org.jetbrains.kotlinx:kotlinx-coroutines-core:1.10.1	dev
:core:notifications	transitive	org.jetbrains.kotlinx:kotlinx-coroutines-core:1.10.1	prod
:core:notifications	transitive	org.jetbrains.kotlinx:kotlinx-coroutines-core:1.6.1	dev
:core:notifications	transitive	org.jetbrains.kotlinx:kotlinx-coroutines-core:1.6.1	prod
:core:notifications	transitive	org.jetbrains.kotlinx:kotlinx-datetime-jvm:0.6.1	dev
:core:notifications	transitive	org.jetbrains.kotlinx:kotlinx-datetime-jvm:0.6.1	prod
:core:notifications	transitive	org.jetbrains.kotlinx:kotlinx-datetime:0.6.1	dev
:core:notifications	transitive	org.jetbrains.kotlinx:kotlinx-datetime:0.6.1	prod
:core:notifications	transitive	org.jetbrains:annotations:13.0	dev
:core:notifications	transitive	org.jetbrains:annotations:13.0	prod
:core:notifications	transitive	org.jetbrains:annotations:23.0.0	dev
:core:notifications	transitive	org.jetbrains:annotations:23.0.0	prod
:core:notifications	transitive	org.jspecify:jspecify:1.0.0	dev
:core:notifications	transitive	org.jspecify:jspecify:1.0.0	prod
:core:screenshot-testing	direct	androidx.activity:activity-compose:1.9.3	dev
:core:screenshot-testing	direct	androidx.activity:activity-compose:1.9.3	prod
:core:screenshot-testing	direct	androidx.compose.ui:ui-test-junit4:1.10.0-alpha04	dev
:core:screenshot-testing	direct	androidx.compose.ui:ui-test-junit4:1.10.0-alpha04	prod
:core:screenshot-testing	direct	androidx.compose.ui:ui-test-manifest:1.10.0-alpha04	dev
:core:screenshot-testing	direct	androidx.compose.ui:ui-test-manifest:1.10.0-alpha04	prod
:core:screenshot-testing	direct	androidx.compose.ui:ui-tooling-preview:1.10.0-alpha04	dev
:core:screenshot-testing	direct	androidx.compose.ui:ui-tooling-preview:1.10.0-alpha04	prod
:core:screenshot-testing	direct	androidx.compose.ui:ui-tooling:1.10.0-alpha04	dev
:core:screenshot-testing	direct	androidx.compose.ui:ui-tooling:1.10.0-alpha04	prod
:core:screenshot-testing	direct	androidx.compose:compose-bom-alpha:2025.09.01	dev
:core:screenshot-testing	direct	androidx.compose:compose-bom-alpha:2025.09.01	prod
:core:screenshot-testing	direct	androidx.tracing:tracing-ktx:1.3.0-alpha02	dev
:core:screenshot-testing	direct	androidx.tracing:tracing-ktx:1.3.0-alpha02	prod
:core:screenshot-testing	direct	com.google.dagger:hilt-android:2.59	dev
:core:screenshot-testing	direct	com.google.dagger:hilt-android:2.59	prod
:core:screenshot-testing	direct	io.github.takahirom.roborazzi:roborazzi-accessibility-check:1.56.0	dev
:core:screenshot-testing	direct	io.github.takahirom.roborazzi:roborazzi-accessibility-check:1.56.0	prod
:core:screenshot-testing	direct	io.github.takahirom.roborazzi:roborazzi:1.56.0	dev
:core:screenshot-testing	direct	io.github.takahirom.roborazzi:roborazzi:1.56.0	prod
:core:screenshot-testing	direct	junit:junit:4.13.2	dev
:core:screenshot-testing	direct	org.jetbrains.kotlin:kotlin-stdlib:2.3.0	dev
:core:screenshot-testing	direct	org.jetbrains.kotlin:kotlin-stdlib:2.3.0	prod
:core:screenshot-testing	direct	org.jetbrains.kotlin:kotlin-test:2.3.0	dev
:core:screenshot-testing	direct	org.robolectric:robolectric:4.16	dev
:core:screenshot-testing	direct	org.robolectric:robolectric:4.16	prod
:core:screenshot-testing	transitive	androidx.activity:activity-compose:1.9.3	dev
:core:screenshot-testing	transitive	androidx.activity:activity-ktx:1.9.3	dev
:core:screenshot-testing	transitive	androidx.activity:activity-ktx:1.9.3	prod
:core:screenshot-testing	transitive	androidx.activity:activity:1.9.3	dev
:core:screenshot-testing	transitive	androidx.activity:activity:1.9.3	prod
:core:screenshot-testing	transitive	androidx.annotation:annotation-experimental:1.5.1	dev
:core:screenshot-testing	transitive	androidx.annotation:annotation-experimental:1.5.1	prod
:core:screenshot-testing	transitive	androidx.annotation:annotation-jvm:1.9.1	dev
:core:screenshot-testing	transitive	androidx.annotation:annotation-jvm:1.9.1	prod
:core:screenshot-testing	transitive	androidx.annotation:annotation:1.9.1	dev
:core:screenshot-testing	transitive	androidx.annotation:annotation:1.9.1	prod
:core:screenshot-testing	transitive	androidx.appcompat:appcompat-resources:1.6.1	dev
:core:screenshot-testing	transitive	androidx.appcompat:appcompat-resources:1.6.1	prod
:core:screenshot-testing	transitive	androidx.appcompat:appcompat:1.6.1	dev
:core:screenshot-testing	transitive	androidx.appcompat:appcompat:1.6.1	prod
:core:screenshot-testing	transitive	androidx.arch.core:core-common:2.2.0	dev
:core:screenshot-testing	transitive	androidx.arch.core:core-common:2.2.0	prod
:core:screenshot-testing	transitive	androidx.arch.core:core-runtime:2.2.0	dev
:core:screenshot-testing	transitive	androidx.arch.core:core-runtime:2.2.0	prod
:core:screenshot-testing	transitive	androidx.autofill:autofill:1.0.0	dev
:core:screenshot-testing	transitive	androidx.autofill:autofill:1.0.0	prod
:core:screenshot-testing	transitive	androidx.cardview:cardview:1.0.0	dev
:core:screenshot-testing	transitive	androidx.cardview:cardview:1.0.0	prod
:core:screenshot-testing	transitive	androidx.collection:collection-jvm:1.5.0	dev
:core:screenshot-testing	transitive	androidx.collection:collection-jvm:1.5.0	prod
:core:screenshot-testing	transitive	androidx.collection:collection-ktx:1.5.0	dev
:core:screenshot-testing	transitive	androidx.collection:collection-ktx:1.5.0	prod
:core:screenshot-testing	transitive	androidx.collection:collection:1.5.0	dev
:core:screenshot-testing	transitive	androidx.collection:collection:1.5.0	prod
:core:screenshot-testing	transitive	androidx.compose.animation:animation-android:1.10.0-alpha04	dev
:core:screenshot-testing	transitive	androidx.compose.animation:animation-android:1.10.0-alpha04	prod
:core:screenshot-testing	transitive	androidx.compose.animation:animation-core-android:1.10.0-alpha04	dev
:core:screenshot-testing	transitive	androidx.compose.animation:animation-core-android:1.10.0-alpha04	prod
:core:screenshot-testing	transitive	androidx.compose.animation:animation-core:1.10.0-alpha04	dev
:core:screenshot-testing	transitive	androidx.compose.animation:animation-core:1.10.0-alpha04	prod
:core:screenshot-testing	transitive	androidx.compose.animation:animation:1.10.0-alpha04	dev
:core:screenshot-testing	transitive	androidx.compose.animation:animation:1.10.0-alpha04	prod
:core:screenshot-testing	transitive	androidx.compose.foundation:foundation-android:1.10.0-alpha04	dev
:core:screenshot-testing	transitive	androidx.compose.foundation:foundation-android:1.10.0-alpha04	prod
:core:screenshot-testing	transitive	androidx.compose.foundation:foundation-layout-android:1.10.0-alpha04	dev
:core:screenshot-testing	transitive	androidx.compose.foundation:foundation-layout-android:1.10.0-alpha04	prod
:core:screenshot-testing	transitive	androidx.compose.foundation:foundation-layout:1.10.0-alpha04	dev
:core:screenshot-testing	transitive	androidx.compose.foundation:foundation-layout:1.10.0-alpha04	prod
:core:screenshot-testing	transitive	androidx.compose.foundation:foundation:1.10.0-alpha04	dev
:core:screenshot-testing	transitive	androidx.compose.foundation:foundation:1.10.0-alpha04	prod
:core:screenshot-testing	transitive	androidx.compose.material3.adaptive:adaptive-android:1.2.0-beta03	dev
:core:screenshot-testing	transitive	androidx.compose.material3.adaptive:adaptive-android:1.2.0-beta03	prod
:core:screenshot-testing	transitive	androidx.compose.material3.adaptive:adaptive:1.2.0-beta03	dev
:core:screenshot-testing	transitive	androidx.compose.material3.adaptive:adaptive:1.2.0-beta03	prod
:core:screenshot-testing	transitive	androidx.compose.material3:material3-adaptive-navigation-suite-android:1.5.0-alpha04	dev
:core:screenshot-testing	transitive	androidx.compose.material3:material3-adaptive-navigation-suite-android:1.5.0-alpha04	prod
:core:screenshot-testing	transitive	androidx.compose.material3:material3-adaptive-navigation-suite:1.5.0-alpha04	dev
:core:screenshot-testing	transitive	androidx.compose.material3:material3-adaptive-navigation-suite:1.5.0-alpha04	prod
:core:screenshot-testing	transitive	androidx.compose.material3:material3-android:1.5.0-alpha04	dev
:core:screenshot-testing	transitive	androidx.compose.material3:material3-android:1.5.0-alpha04	prod
:core:screenshot-testing	transitive	androidx.compose.material3:material3:1.5.0-alpha04	dev
:core:screenshot-testing	transitive	androidx.compose.material3:material3:1.5.0-alpha04	prod
:core:screenshot-testing	transitive	androidx.compose.material:material-android:1.10.0-alpha04	dev
:core:screenshot-testing	transitive	androidx.compose.material:material-android:1.10.0-alpha04	prod
:core:screenshot-testing	transitive	androidx.compose.material:material-icons-core-android:1.7.8	dev
:core:screenshot-testing	transitive	androidx.compose.material:material-icons-core-android:1.7.8	prod
:core:screenshot-testing	transitive	androidx.compose.material:material-icons-core:1.7.8	dev
:core:screenshot-testing	transitive	androidx.compose.material:material-icons-core:1.7.8	prod
:core:screenshot-testing	transitive	androidx.compose.material:material-icons-extended-android:1.7.8	dev
:core:screenshot-testing	transitive	androidx.compose.material:material-icons-extended-android:1.7.8	prod
:core:screenshot-testing	transitive	androidx.compose.material:material-icons-extended:1.7.8	dev
:core:screenshot-testing	transitive	androidx.compose.material:material-icons-extended:1.7.8	prod
:core:screenshot-testing	transitive	androidx.compose.material:material-ripple-android:1.10.0-alpha04	dev
:core:screenshot-testing	transitive	androidx.compose.material:material-ripple-android:1.10.0-alpha04	prod
:core:screenshot-testing	transitive	androidx.compose.material:material-ripple:1.10.0-alpha04	dev
:core:screenshot-testing	transitive	androidx.compose.material:material-ripple:1.10.0-alpha04	prod
:core:screenshot-testing	transitive	androidx.compose.material:material:1.10.0-alpha04	dev
:core:screenshot-testing	transitive	androidx.compose.material:material:1.10.0-alpha04	prod
:core:screenshot-testing	transitive	androidx.compose.runtime:runtime-android:1.10.0-alpha04	dev
:core:screenshot-testing	transitive	androidx.compose.runtime:runtime-android:1.10.0-alpha04	prod
:core:screenshot-testing	transitive	androidx.compose.runtime:runtime-annotation-android:1.10.0-alpha04	dev
:core:screenshot-testing	transitive	androidx.compose.runtime:runtime-annotation-android:1.10.0-alpha04	prod
:core:screenshot-testing	transitive	androidx.compose.runtime:runtime-annotation:1.10.0-alpha04	dev
:core:screenshot-testing	transitive	androidx.compose.runtime:runtime-annotation:1.10.0-alpha04	prod
:core:screenshot-testing	transitive	androidx.compose.runtime:runtime-retain-android:1.10.0-alpha04	dev
:core:screenshot-testing	transitive	androidx.compose.runtime:runtime-retain-android:1.10.0-alpha04	prod
:core:screenshot-testing	transitive	androidx.compose.runtime:runtime-retain:1.10.0-alpha04	dev
:core:screenshot-testing	transitive	androidx.compose.runtime:runtime-retain:1.10.0-alpha04	prod
:core:screenshot-testing	transitive	androidx.compose.runtime:runtime-saveable-android:1.10.0-alpha04	dev
:core:screenshot-testing	transitive	androidx.compose.runtime:runtime-saveable-android:1.10.0-alpha04	prod
:core:screenshot-testing	transitive	androidx.compose.runtime:runtime-saveable:1.10.0-alpha04	dev
:core:screenshot-testing	transitive	androidx.compose.runtime:runtime-saveable:1.10.0-alpha04	prod
:core:screenshot-testing	transitive	androidx.compose.runtime:runtime:1.10.0-alpha04	dev
:core:screenshot-testing	transitive	androidx.compose.runtime:runtime:1.10.0-alpha04	prod
:core:screenshot-testing	transitive	androidx.compose.ui:ui-android:1.10.0-alpha04	dev
:core:screenshot-testing	transitive	androidx.compose.ui:ui-android:1.10.0-alpha04	prod
:core:screenshot-testing	transitive	androidx.compose.ui:ui-geometry-android:1.10.0-alpha04	dev
:core:screenshot-testing	transitive	androidx.compose.ui:ui-geometry-android:1.10.0-alpha04	prod
:core:screenshot-testing	transitive	androidx.compose.ui:ui-geometry:1.10.0-alpha04	dev
:core:screenshot-testing	transitive	androidx.compose.ui:ui-geometry:1.10.0-alpha04	prod
:core:screenshot-testing	transitive	androidx.compose.ui:ui-graphics-android:1.10.0-alpha04	dev
:core:screenshot-testing	transitive	androidx.compose.ui:ui-graphics-android:1.10.0-alpha04	prod
:core:screenshot-testing	transitive	androidx.compose.ui:ui-graphics:1.10.0-alpha04	dev
:core:screenshot-testing	transitive	androidx.compose.ui:ui-graphics:1.10.0-alpha04	prod
:core:screenshot-testing	transitive	androidx.compose.ui:ui-test-android:1.10.0-alpha04	dev
:core:screenshot-testing	transitive	androidx.compose.ui:ui-test-android:1.10.0-alpha04	prod
:core:screenshot-testing	transitive	androidx.compose.ui:ui-test-junit4-android:1.10.0-alpha04	dev
:core:screenshot-testing	transitive	androidx.compose.ui:ui-test-junit4-android:1.10.0-alpha04	prod
:core:screenshot-testing	transitive	androidx.compose.ui:ui-test-junit4:1.10.0-alpha04	dev
:core:screenshot-testing	transitive	androidx.compose.ui:ui-test-manifest:1.10.0-alpha04	dev
:core:screenshot-testing	transitive	androidx.compose.ui:ui-test:1.10.0-alpha04	dev
:core:screenshot-testing	transitive	androidx.compose.ui:ui-test:1.10.0-alpha04	prod
:core:screenshot-testing	transitive	androidx.compose.ui:ui-text-android:1.10.0-alpha04	dev
:core:screenshot-testing	transitive	androidx.compose.ui:ui-text-android:1.10.0-alpha04	prod
:core:screenshot-testing	transitive	androidx.compose.ui:ui-text:1.10.0-alpha04	dev
:core:screenshot-testing	transitive	androidx.compose.ui:ui-text:1.10.0-alpha04	prod
:core:screenshot-testing	transitive	androidx.compose.ui:ui-tooling-android:1.10.0-alpha04	dev
:core:screenshot-testing	transitive	androidx.compose.ui:ui-tooling-android:1.10.0-alpha04	prod
:core:screenshot-testing	transitive	androidx.compose.ui:ui-tooling-data-android:1.10.0-alpha04	dev
:core:screenshot-testing	transitive	androidx.compose.ui:ui-tooling-data-android:1.10.0-alpha04	prod
:core:screenshot-testing	transitive	androidx.compose.ui:ui-tooling-data:1.10.0-alpha04	dev
:core:screenshot-testing	transitive	androidx.compose.ui:ui-tooling-data:1.10.0-alpha04	prod
:core:screenshot-testing	transitive	androidx.compose.ui:ui-tooling-preview-android:1.10.0-alpha04	dev
:core:screenshot-testing	transitive	androidx.compose.ui:ui-tooling-preview-android:1.10.0-alpha04	prod
:core:screenshot-testing	transitive	androidx.compose.ui:ui-tooling-preview:1.10.0-alpha04	dev
:core:screenshot-testing	transitive	androidx.compose.ui:ui-tooling:1.10.0-alpha04	dev
:core:screenshot-testing	transitive	androidx.compose.ui:ui-unit-android:1.10.0-alpha04	dev
:core:screenshot-testing	transitive	androidx.compose.ui:ui-unit-android:1.10.0-alpha04	prod
:core:screenshot-testing	transitive	androidx.compose.ui:ui-unit:1.10.0-alpha04	dev
:core:screenshot-testing	transitive	androidx.compose.ui:ui-unit:1.10.0-alpha04	prod
:core:screenshot-testing	transitive	androidx.compose.ui:ui-util-android:1.10.0-alpha04	dev
:core:screenshot-testing	transitive	androidx.compose.ui:ui-util-android:1.10.0-alpha04	prod
:core:screenshot-testing	transitive	androidx.compose.ui:ui-util:1.10.0-alpha04	dev
:core:screenshot-testing	transitive	androidx.compose.ui:ui-util:1.10.0-alpha04	prod
:core:screenshot-testing	transitive	androidx.compose.ui:ui:1.10.0-alpha04	dev
:core:screenshot-testing	transitive	androidx.compose.ui:ui:1.10.0-alpha04	prod
:core:screenshot-testing	transitive	androidx.compose:compose-bom-alpha:2025.09.01	dev
:core:screenshot-testing	transitive	androidx.concurrent:concurrent-futures-ktx:1.1.0	dev
:core:screenshot-testing	transitive	androidx.concurrent:concurrent-futures-ktx:1.1.0	prod
:core:screenshot-testing	transitive	androidx.concurrent:concurrent-futures:1.1.0	dev
:core:screenshot-testing	transitive	androidx.concurrent:concurrent-futures:1.1.0	prod
:core:screenshot-testing	transitive	androidx.coordinatorlayout:coordinatorlayout:1.1.0	dev
:core:screenshot-testing	transitive	androidx.coordinatorlayout:coordinatorlayout:1.1.0	prod
:core:screenshot-testing	transitive	androidx.core:core-ktx:1.13.0	dev
:core:screenshot-testing	transitive	androidx.core:core-ktx:1.13.0	prod
:core:screenshot-testing	transitive	androidx.core:core-ktx:1.16.0	dev
:core:screenshot-testing	transitive	androidx.core:core-ktx:1.16.0	prod
:core:screenshot-testing	transitive	androidx.core:core-viewtree:1.0.0	dev
:core:screenshot-testing	transitive	androidx.core:core-viewtree:1.0.0	prod
:core:screenshot-testing	transitive	androidx.core:core:1.13.0	dev
:core:screenshot-testing	transitive	androidx.core:core:1.13.0	prod
:core:screenshot-testing	transitive	androidx.core:core:1.16.0	dev
:core:screenshot-testing	transitive	androidx.core:core:1.16.0	prod
:core:screenshot-testing	transitive	androidx.cursoradapter:cursoradapter:1.0.0	dev
:core:screenshot-testing	transitive	androidx.cursoradapter:cursoradapter:1.0.0	prod
:core:screenshot-testing	transitive	androidx.customview:customview-poolingcontainer:1.0.0	dev
:core:screenshot-testing	transitive	androidx.customview:customview-poolingcontainer:1.0.0	prod
:core:screenshot-testing	transitive	androidx.customview:customview:1.0.0	dev
:core:screenshot-testing	transitive	androidx.customview:customview:1.0.0	prod
:core:screenshot-testing	transitive	androidx.documentfile:documentfile:1.0.0	dev
:core:screenshot-testing	transitive	androidx.documentfile:documentfile:1.0.0	prod
:core:screenshot-testing	transitive	androidx.drawerlayout:drawerlayout:1.0.0	dev
:core:screenshot-testing	transitive	androidx.drawerlayout:drawerlayout:1.0.0	prod
:core:screenshot-testing	transitive	androidx.dynamicanimation:dynamicanimation:1.0.0	dev
:core:screenshot-testing	transitive	androidx.dynamicanimation:dynamicanimation:1.0.0	prod
:core:screenshot-testing	transitive	androidx.emoji2:emoji2-views-helper:1.4.0	dev
:core:screenshot-testing	transitive	androidx.emoji2:emoji2-views-helper:1.4.0	prod
:core:screenshot-testing	transitive	androidx.emoji2:emoji2:1.4.0	dev
:core:screenshot-testing	transitive	androidx.emoji2:emoji2:1.4.0	prod
:core:screenshot-testing	transitive	androidx.exifinterface:exifinterface:1.3.7	dev
:core:screenshot-testing	transitive	androidx.exifinterface:exifinterface:1.3.7	prod
:core:screenshot-testing	transitive	androidx.fragment:fragment:1.5.1	dev
:core:screenshot-testing	transitive	androidx.fragment:fragment:1.5.1	prod
:core:screenshot-testing	transitive	androidx.graphics:graphics-path:1.0.1	dev
:core:screenshot-testing	transitive	androidx.graphics:graphics-path:1.0.1	prod
:core:screenshot-testing	transitive	androidx.graphics:graphics-shapes-android:1.0.1	dev
:core:screenshot-testing	transitive	androidx.graphics:graphics-shapes-android:1.0.1	prod
:core:screenshot-testing	transitive	androidx.graphics:graphics-shapes:1.0.1	dev
:core:screenshot-testing	transitive	androidx.graphics:graphics-shapes:1.0.1	prod
:core:screenshot-testing	transitive	androidx.interpolator:interpolator:1.0.0	dev
:core:screenshot-testing	transitive	androidx.interpolator:interpolator:1.0.0	prod
:core:screenshot-testing	transitive	androidx.legacy:legacy-support-core-utils:1.0.0	dev
:core:screenshot-testing	transitive	androidx.legacy:legacy-support-core-utils:1.0.0	prod
:core:screenshot-testing	transitive	androidx.lifecycle:lifecycle-common-java8:2.9.4	dev
:core:screenshot-testing	transitive	androidx.lifecycle:lifecycle-common-java8:2.9.4	prod
:core:screenshot-testing	transitive	androidx.lifecycle:lifecycle-common-jvm:2.8.7	dev
:core:screenshot-testing	transitive	androidx.lifecycle:lifecycle-common-jvm:2.8.7	prod
:core:screenshot-testing	transitive	androidx.lifecycle:lifecycle-common-jvm:2.9.4	dev
:core:screenshot-testing	transitive	androidx.lifecycle:lifecycle-common-jvm:2.9.4	prod
:core:screenshot-testing	transitive	androidx.lifecycle:lifecycle-common:2.8.7	dev
:core:screenshot-testing	transitive	androidx.lifecycle:lifecycle-common:2.8.7	prod
:core:screenshot-testing	transitive	androidx.lifecycle:lifecycle-common:2.9.4	dev
:core:screenshot-testing	transitive	androidx.lifecycle:lifecycle-common:2.9.4	prod
:core:screenshot-testing	transitive	androidx.lifecycle:lifecycle-livedata-core-ktx:2.8.7	dev
:core:screenshot-testing	transitive	androidx.lifecycle:lifecycle-livedata-core-ktx:2.8.7	prod
:core:screenshot-testing	transitive	androidx.lifecycle:lifecycle-livedata-core-ktx:2.9.4	dev
:core:screenshot-testing	transitive	androidx.lifecycle:lifecycle-livedata-core-ktx:2.9.4	prod
:core:screenshot-testing	transitive	androidx.lifecycle:lifecycle-livedata-core:2.8.7	dev
:core:screenshot-testing	transitive	androidx.lifecycle:lifecycle-livedata-core:2.8.7	prod
:core:screenshot-testing	transitive	androidx.lifecycle:lifecycle-livedata-core:2.9.4	dev
:core:screenshot-testing	transitive	androidx.lifecycle:lifecycle-livedata-core:2.9.4	prod
:core:screenshot-testing	transitive	androidx.lifecycle:lifecycle-livedata:2.8.7	dev
:core:screenshot-testing	transitive	androidx.lifecycle:lifecycle-livedata:2.8.7	prod
:core:screenshot-testing	transitive	androidx.lifecycle:lifecycle-livedata:2.9.4	dev
:core:screenshot-testing	transitive	androidx.lifecycle:lifecycle-livedata:2.9.4	prod
:core:screenshot-testing	transitive	androidx.lifecycle:lifecycle-process:2.9.4	dev
:core:screenshot-testing	transitive	androidx.lifecycle:lifecycle-process:2.9.4	prod
:core:screenshot-testing	transitive	androidx.lifecycle:lifecycle-runtime-android:2.8.7	dev
:core:screenshot-testing	transitive	androidx.lifecycle:lifecycle-runtime-android:2.8.7	prod
:core:screenshot-testing	transitive	androidx.lifecycle:lifecycle-runtime-android:2.9.4	dev
:core:screenshot-testing	transitive	androidx.lifecycle:lifecycle-runtime-android:2.9.4	prod
:core:screenshot-testing	transitive	androidx.lifecycle:lifecycle-runtime-compose-android:2.8.7	dev
:core:screenshot-testing	transitive	androidx.lifecycle:lifecycle-runtime-compose-android:2.8.7	prod
:core:screenshot-testing	transitive	androidx.lifecycle:lifecycle-runtime-compose-android:2.9.4	dev
:core:screenshot-testing	transitive	androidx.lifecycle:lifecycle-runtime-compose-android:2.9.4	prod
:core:screenshot-testing	transitive	androidx.lifecycle:lifecycle-runtime-compose:2.8.7	dev
:core:screenshot-testing	transitive	androidx.lifecycle:lifecycle-runtime-compose:2.8.7	prod
:core:screenshot-testing	transitive	androidx.lifecycle:lifecycle-runtime-compose:2.9.4	dev
:core:screenshot-testing	transitive	androidx.lifecycle:lifecycle-runtime-compose:2.9.4	prod
:core:screenshot-testing	transitive	androidx.lifecycle:lifecycle-runtime-ktx-android:2.8.7	dev
:core:screenshot-testing	transitive	androidx.lifecycle:lifecycle-runtime-ktx-android:2.8.7	prod
:core:screenshot-testing	transitive	androidx.lifecycle:lifecycle-runtime-ktx-android:2.9.4	dev
:core:screenshot-testing	transitive	androidx.lifecycle:lifecycle-runtime-ktx-android:2.9.4	prod
:core:screenshot-testing	transitive	androidx.lifecycle:lifecycle-runtime-ktx:2.8.7	dev
:core:screenshot-testing	transitive	androidx.lifecycle:lifecycle-runtime-ktx:2.8.7	prod
:core:screenshot-testing	transitive	androidx.lifecycle:lifecycle-runtime-ktx:2.9.4	dev
:core:screenshot-testing	transitive	androidx.lifecycle:lifecycle-runtime-ktx:2.9.4	prod
:core:screenshot-testing	transitive	androidx.lifecycle:lifecycle-runtime:2.8.7	dev
:core:screenshot-testing	transitive	androidx.lifecycle:lifecycle-runtime:2.8.7	prod
:core:screenshot-testing	transitive	androidx.lifecycle:lifecycle-runtime:2.9.4	dev
:core:screenshot-testing	transitive	androidx.lifecycle:lifecycle-runtime:2.9.4	prod
:core:screenshot-testing	transitive	androidx.lifecycle:lifecycle-viewmodel-android:2.8.7	dev
:core:screenshot-testing	transitive	androidx.lifecycle:lifecycle-viewmodel-android:2.8.7	prod
:core:screenshot-testing	transitive	androidx.lifecycle:lifecycle-viewmodel-android:2.9.4	dev
:core:screenshot-testing	transitive	androidx.lifecycle:lifecycle-viewmodel-android:2.9.4	prod
:core:screenshot-testing	transitive	androidx.lifecycle:lifecycle-viewmodel-ktx:2.8.7	dev
:core:screenshot-testing	transitive	androidx.lifecycle:lifecycle-viewmodel-ktx:2.8.7	prod
:core:screenshot-testing	transitive	androidx.lifecycle:lifecycle-viewmodel-ktx:2.9.4	dev
:core:screenshot-testing	transitive	androidx.lifecycle:lifecycle-viewmodel-ktx:2.9.4	prod
:core:screenshot-testing	transitive	androidx.lifecycle:lifecycle-viewmodel-savedstate-android:2.9.4	dev
:core:screenshot-testing	transitive	androidx.lifecycle:lifecycle-viewmodel-savedstate-android:2.9.4	prod
:core:screenshot-testing	transitive	androidx.lifecycle:lifecycle-viewmodel-savedstate:2.8.7	dev
:core:screenshot-testing	transitive	androidx.lifecycle:lifecycle-viewmodel-savedstate:2.8.7	prod
:core:screenshot-testing	transitive	androidx.lifecycle:lifecycle-viewmodel-savedstate:2.9.4	dev
:core:screenshot-testing	transitive	androidx.lifecycle:lifecycle-viewmodel-savedstate:2.9.4	prod
:core:screenshot-testing	transitive	androidx.lifecycle:lifecycle-viewmodel:2.8.7	dev
:core:screenshot-testing	transitive	androidx.lifecycle:lifecycle-viewmodel:2.8.7	prod
:core:screenshot-testing	transitive	androidx.lifecycle:lifecycle-viewmodel:2.9.4	dev
:core:screenshot-testing	transitive	androidx.lifecycle:lifecycle-viewmodel:2.9.4	prod
:core:screenshot-testing	transitive	androidx.loader:loader:1.0.0	dev
:core:screenshot-testing	transitive	androidx.loader:loader:1.0.0	prod
:core:screenshot-testing	transitive	androidx.localbroadcastmanager:localbroadcastmanager:1.0.0	dev
:core:screenshot-testing	transitive	androidx.localbroadcastmanager:localbroadcastmanager:1.0.0	prod
:core:screenshot-testing	transitive	androidx.print:print:1.0.0	dev
:core:screenshot-testing	transitive	androidx.print:print:1.0.0	prod
:core:screenshot-testing	transitive	androidx.profileinstaller:profileinstaller:1.4.0	dev
:core:screenshot-testing	transitive	androidx.profileinstaller:profileinstaller:1.4.0	prod
:core:screenshot-testing	transitive	androidx.recyclerview:recyclerview:1.1.0	dev
:core:screenshot-testing	transitive	androidx.recyclerview:recyclerview:1.1.0	prod
:core:screenshot-testing	transitive	androidx.resourceinspection:resourceinspection-annotation:1.0.1	dev
:core:screenshot-testing	transitive	androidx.resourceinspection:resourceinspection-annotation:1.0.1	prod
:core:screenshot-testing	transitive	androidx.savedstate:savedstate-android:1.3.2	dev
:core:screenshot-testing	transitive	androidx.savedstate:savedstate-android:1.3.2	prod
:core:screenshot-testing	transitive	androidx.savedstate:savedstate-compose-android:1.3.2	dev
:core:screenshot-testing	transitive	androidx.savedstate:savedstate-compose-android:1.3.2	prod
:core:screenshot-testing	transitive	androidx.savedstate:savedstate-compose:1.3.2	dev
:core:screenshot-testing	transitive	androidx.savedstate:savedstate-compose:1.3.2	prod
:core:screenshot-testing	transitive	androidx.savedstate:savedstate-ktx:1.3.2	dev
:core:screenshot-testing	transitive	androidx.savedstate:savedstate-ktx:1.3.2	prod
:core:screenshot-testing	transitive	androidx.savedstate:savedstate:1.3.2	dev
:core:screenshot-testing	transitive	androidx.savedstate:savedstate:1.3.2	prod
:core:screenshot-testing	transitive	androidx.startup:startup-runtime:1.1.1	dev
:core:screenshot-testing	transitive	androidx.startup:startup-runtime:1.1.1	prod
:core:screenshot-testing	transitive	androidx.test.espresso:espresso-core:3.5.1	dev
:core:screenshot-testing	transitive	androidx.test.espresso:espresso-core:3.5.1	prod
:core:screenshot-testing	transitive	androidx.test.espresso:espresso-idling-resource:3.5.1	dev
:core:screenshot-testing	transitive	androidx.test.espresso:espresso-idling-resource:3.5.1	prod
:core:screenshot-testing	transitive	androidx.test.espresso:espresso-idling-resource:3.7.0	dev
:core:screenshot-testing	transitive	androidx.test.espresso:espresso-idling-resource:3.7.0	prod
:core:screenshot-testing	transitive	androidx.test.ext:junit-ktx:1.2.1	dev
:core:screenshot-testing	transitive	androidx.test.ext:junit-ktx:1.2.1	prod
:core:screenshot-testing	transitive	androidx.test.ext:junit:1.1.5	dev
:core:screenshot-testing	transitive	androidx.test.ext:junit:1.1.5	prod
:core:screenshot-testing	transitive	androidx.test.ext:junit:1.2.1	dev
:core:screenshot-testing	transitive	androidx.test.ext:junit:1.2.1	prod
:core:screenshot-testing	transitive	androidx.test.services:storage:1.4.2	dev
:core:screenshot-testing	transitive	androidx.test.services:storage:1.4.2	prod
:core:screenshot-testing	transitive	androidx.test.services:storage:1.5.0	dev
:core:screenshot-testing	transitive	androidx.test.services:storage:1.5.0	prod
:core:screenshot-testing	transitive	androidx.test:annotation:1.0.1	dev
:core:screenshot-testing	transitive	androidx.test:annotation:1.0.1	prod
:core:screenshot-testing	transitive	androidx.test:core:1.5.0	dev
:core:screenshot-testing	transitive	androidx.test:core:1.5.0	prod
:core:screenshot-testing	transitive	androidx.test:core:1.6.1	dev
:core:screenshot-testing	transitive	androidx.test:core:1.6.1	prod
:core:screenshot-testing	transitive	androidx.test:monitor:1.8.0	dev
:core:screenshot-testing	transitive	androidx.test:monitor:1.8.0	prod
:core:screenshot-testing	transitive	androidx.test:rules:1.4.0	dev
:core:screenshot-testing	transitive	androidx.test:rules:1.4.0	prod
:core:screenshot-testing	transitive	androidx.test:runner:1.5.2	dev
:core:screenshot-testing	transitive	androidx.test:runner:1.5.2	prod
:core:screenshot-testing	transitive	androidx.tracing:tracing-ktx:1.3.0-alpha02	dev
:core:screenshot-testing	transitive	androidx.tracing:tracing:1.3.0-alpha02	dev
:core:screenshot-testing	transitive	androidx.tracing:tracing:1.3.0-alpha02	prod
:core:screenshot-testing	transitive	androidx.transition:transition:1.6.0	dev
:core:screenshot-testing	transitive	androidx.transition:transition:1.6.0	prod
:core:screenshot-testing	transitive	androidx.vectordrawable:vectordrawable-animated:1.1.0	dev
:core:screenshot-testing	transitive	androidx.vectordrawable:vectordrawable-animated:1.1.0	prod
:core:screenshot-testing	transitive	androidx.vectordrawable:vectordrawable:1.1.0	dev
:core:screenshot-testing	transitive	androidx.vectordrawable:vectordrawable:1.1.0	prod
:core:screenshot-testing	transitive	androidx.versionedparcelable:versionedparcelable:1.1.1	dev
:core:screenshot-testing	transitive	androidx.versionedparcelable:versionedparcelable:1.1.1	prod
:core:screenshot-testing	transitive	androidx.viewpager2:viewpager2:1.0.0	dev
:core:screenshot-testing	transitive	androidx.viewpager2:viewpager2:1.0.0	prod
:core:screenshot-testing	transitive	androidx.viewpager:viewpager:1.0.0	dev
:core:screenshot-testing	transitive	androidx.viewpager:viewpager:1.0.0	prod
:core:screenshot-testing	transitive	androidx.window:window-core-android:1.4.0	dev
:core:screenshot-testing	transitive	androidx.window:window-core-android:1.4.0	prod
:core:screenshot-testing	transitive	androidx.window:window-core:1.4.0	dev
:core:screenshot-testing	transitive	androidx.window:window-core:1.4.0	prod
:core:screenshot-testing	transitive	androidx.window:window:1.4.0	dev
:core:screenshot-testing	transitive	androidx.window:window:1.4.0	prod
:core:screenshot-testing	transitive	com.almworks.sqlite4java:sqlite4java:1.0.392	dev
:core:screenshot-testing	transitive	com.almworks.sqlite4java:sqlite4java:1.0.392	prod
:core:screenshot-testing	transitive	com.dropbox.differ:differ-jvm:0.3.0	dev
:core:screenshot-testing	transitive	com.dropbox.differ:differ-jvm:0.3.0	prod
:core:screenshot-testing	transitive	com.dropbox.differ:differ:0.3.0	dev
:core:screenshot-testing	transitive	com.dropbox.differ:differ:0.3.0	prod
:core:screenshot-testing	transitive	com.google.accompanist:accompanist-drawablepainter:0.32.0	dev
:core:screenshot-testing	transitive	com.google.accompanist:accompanist-drawablepainter:0.32.0	prod
:core:screenshot-testing	transitive	com.google.android.apps.common.testing.accessibility.framework:accessibility-test-framework:4.1.1	dev
:core:screenshot-testing	transitive	com.google.android.apps.common.testing.accessibility.framework:accessibility-test-framework:4.1.1	prod
:core:screenshot-testing	transitive	com.google.android.material:material:1.2.0-rc01	dev
:core:screenshot-testing	transitive	com.google.android.material:material:1.2.0-rc01	prod
:core:screenshot-testing	transitive	com.google.auto.value:auto-value-annotations:1.11.0	dev
:core:screenshot-testing	transitive	com.google.auto.value:auto-value-annotations:1.11.0	prod
:core:screenshot-testing	transitive	com.google.code.findbugs:jsr305:3.0.2	dev
:core:screenshot-testing	transitive	com.google.code.findbugs:jsr305:3.0.2	prod
:core:screenshot-testing	transitive	com.google.dagger:dagger-lint-aar:2.59	dev
:core:screenshot-testing	transitive	com.google.dagger:dagger-lint-aar:2.59	prod
:core:screenshot-testing	transitive	com.google.dagger:dagger:2.59	dev
:core:screenshot-testing	transitive	com.google.dagger:dagger:2.59	prod
:core:screenshot-testing	transitive	com.google.dagger:hilt-android:2.59	dev
:core:screenshot-testing	transitive	com.google.dagger:hilt-core:2.59	dev
:core:screenshot-testing	transitive	com.google.dagger:hilt-core:2.59	prod
:core:screenshot-testing	transitive	com.google.errorprone:error_prone_annotation:2.41.0	dev
:core:screenshot-testing	transitive	com.google.errorprone:error_prone_annotation:2.41.0	prod
:core:screenshot-testing	transitive	com.google.errorprone:error_prone_annotations:2.36.0	dev
:core:screenshot-testing	transitive	com.google.errorprone:error_prone_annotations:2.36.0	prod
:core:screenshot-testing	transitive	com.google.guava:failureaccess:1.0.3	dev
:core:screenshot-testing	transitive	com.google.guava:failureaccess:1.0.3	prod
:core:screenshot-testing	transitive	com.google.guava:guava:33.4.8-jre	dev
:core:screenshot-testing	transitive	com.google.guava:guava:33.4.8-jre	prod
:core:screenshot-testing	transitive	com.google.guava:listenablefuture:9999.0-empty-to-avoid-conflict-with-guava	dev
:core:screenshot-testing	transitive	com.google.guava:listenablefuture:9999.0-empty-to-avoid-conflict-with-guava	prod
:core:screenshot-testing	transitive	com.google.j2objc:j2objc-annotations:3.0.0	dev
:core:screenshot-testing	transitive	com.google.j2objc:j2objc-annotations:3.0.0	prod
:core:screenshot-testing	transitive	com.google.protobuf:protobuf-javalite:3.19.1	dev
:core:screenshot-testing	transitive	com.google.protobuf:protobuf-javalite:3.19.1	prod
:core:screenshot-testing	transitive	com.google.testparameterinjector:test-parameter-injector:1.18	dev
:core:screenshot-testing	transitive	com.google.testparameterinjector:test-parameter-injector:1.18	prod
:core:screenshot-testing	transitive	com.ibm.icu:icu4j:77.1	dev
:core:screenshot-testing	transitive	com.ibm.icu:icu4j:77.1	prod
:core:screenshot-testing	transitive	com.squareup.okhttp3:okhttp:4.12.0	dev
:core:screenshot-testing	transitive	com.squareup.okhttp3:okhttp:4.12.0	prod
:core:screenshot-testing	transitive	com.squareup.okio:okio-jvm:3.9.0	dev
:core:screenshot-testing	transitive	com.squareup.okio:okio-jvm:3.9.0	prod
:core:screenshot-testing	transitive	com.squareup.okio:okio:3.9.0	dev
:core:screenshot-testing	transitive	com.squareup.okio:okio:3.9.0	prod
:core:screenshot-testing	transitive	com.squareup:javawriter:2.1.1	dev
:core:screenshot-testing	transitive	com.squareup:javawriter:2.1.1	prod
:core:screenshot-testing	transitive	io.coil-kt:coil-base:2.7.0	dev
:core:screenshot-testing	transitive	io.coil-kt:coil-base:2.7.0	prod
:core:screenshot-testing	transitive	io.coil-kt:coil-compose-base:2.7.0	dev
:core:screenshot-testing	transitive	io.coil-kt:coil-compose-base:2.7.0	prod
:core:screenshot-testing	transitive	io.coil-kt:coil-compose:2.7.0	dev
:core:screenshot-testing	transitive	io.coil-kt:coil-compose:2.7.0	prod
:core:screenshot-testing	transitive	io.coil-kt:coil:2.7.0	dev
:core:screenshot-testing	transitive	io.coil-kt:coil:2.7.0	prod
:core:screenshot-testing	transitive	io.github.takahirom.roborazzi:roborazzi-accessibility-check:1.56.0	dev
:core:screenshot-testing	transitive	io.github.takahirom.roborazzi:roborazzi-core-android:1.56.0	dev
:core:screenshot-testing	transitive	io.github.takahirom.roborazzi:roborazzi-core-android:1.56.0	prod
:core:screenshot-testing	transitive	io.github.takahirom.roborazzi:roborazzi-core:1.56.0	dev
:core:screenshot-testing	transitive	io.github.takahirom.roborazzi:roborazzi-core:1.56.0	prod
:core:screenshot-testing	transitive	io.github.takahirom.roborazzi:roborazzi-junit-rule:1.56.0	dev
:core:screenshot-testing	transitive	io.github.takahirom.roborazzi:roborazzi-junit-rule:1.56.0	prod
:core:screenshot-testing	transitive	io.github.takahirom.roborazzi:roborazzi-painter-jvm:1.56.0	dev
:core:screenshot-testing	transitive	io.github.takahirom.roborazzi:roborazzi-painter-jvm:1.56.0	prod
:core:screenshot-testing	transitive	io.github.takahirom.roborazzi:roborazzi-painter:1.56.0	dev
:core:screenshot-testing	transitive	io.github.takahirom.roborazzi:roborazzi-painter:1.56.0	prod
:core:screenshot-testing	transitive	io.github.takahirom.roborazzi:roborazzi:1.56.0	dev
:core:screenshot-testing	transitive	jakarta.inject:jakarta.inject-api:2.0.1	dev
:core:screenshot-testing	transitive	jakarta.inject:jakarta.inject-api:2.0.1	prod
:core:screenshot-testing	transitive	javax.annotation:javax.annotation-api:1.3.2	dev
:core:screenshot-testing	transitive	javax.annotation:javax.annotation-api:1.3.2	prod
:core:screenshot-testing	transitive	javax.inject:javax.inject:1	dev
:core:screenshot-testing	transitive	javax.inject:javax.inject:1	prod
:core:screenshot-testing	transitive	junit:junit:4.13.2	prod
:core:screenshot-testing	transitive	org.bouncycastle:bcprov-jdk18on:1.81	dev
:core:screenshot-testing	transitive	org.bouncycastle:bcprov-jdk18on:1.81	prod
:core:screenshot-testing	transitive	org.checkerframework:checker-qual:3.22.1	dev
:core:screenshot-testing	transitive	org.checkerframework:checker-qual:3.22.1	prod
:core:screenshot-testing	transitive	org.conscrypt:conscrypt-openjdk-uber:2.5.2	dev
:core:screenshot-testing	transitive	org.conscrypt:conscrypt-openjdk-uber:2.5.2	prod
:core:screenshot-testing	transitive	org.hamcrest:hamcrest-core:1.3	dev
:core:screenshot-testing	transitive	org.hamcrest:hamcrest-core:1.3	prod
:core:screenshot-testing	transitive	org.hamcrest:hamcrest-integration:1.3	dev
:core:screenshot-testing	transitive	org.hamcrest:hamcrest-integration:1.3	prod
:core:screenshot-testing	transitive	org.hamcrest:hamcrest-library:1.3	dev
:core:screenshot-testing	transitive	org.hamcrest:hamcrest-library:1.3	prod
:core:screenshot-testing	transitive	org.jetbrains.kotlin:kotlin-stdlib-common:2.3.0	dev
:core:screenshot-testing	transitive	org.jetbrains.kotlin:kotlin-stdlib-common:2.3.0	prod
:core:screenshot-testing	transitive	org.jetbrains.kotlin:kotlin-stdlib-jdk7:1.9.0	dev
:core:screenshot-testing	transitive	org.jetbrains.kotlin:kotlin-stdlib-jdk7:1.9.0	prod
:core:screenshot-testing	transitive	org.jetbrains.kotlin:kotlin-stdlib-jdk8:1.9.0	dev
:core:screenshot-testing	transitive	org.jetbrains.kotlin:kotlin-stdlib-jdk8:1.9.0	prod
:core:screenshot-testing	transitive	org.jetbrains.kotlin:kotlin-stdlib:2.3.0	dev
:core:screenshot-testing	transitive	org.jetbrains.kotlinx:kotlinx-coroutines-android:1.9.0	dev
:core:screenshot-testing	transitive	org.jetbrains.kotlinx:kotlinx-coroutines-android:1.9.0	prod
:core:screenshot-testing	transitive	org.jetbrains.kotlinx:kotlinx-coroutines-bom:1.9.0	dev
:core:screenshot-testing	transitive	org.jetbrains.kotlinx:kotlinx-coroutines-bom:1.9.0	prod
:core:screenshot-testing	transitive	org.jetbrains.kotlinx:kotlinx-coroutines-core-jvm:1.9.0	dev
:core:screenshot-testing	transitive	org.jetbrains.kotlinx:kotlinx-coroutines-core-jvm:1.9.0	prod
:core:screenshot-testing	transitive	org.jetbrains.kotlinx:kotlinx-coroutines-core:1.9.0	dev
:core:screenshot-testing	transitive	org.jetbrains.kotlinx:kotlinx-coroutines-core:1.9.0	prod
:core:screenshot-testing	transitive	org.jetbrains.kotlinx:kotlinx-coroutines-test-jvm:1.9.0	dev
:core:screenshot-testing	transitive	org.jetbrains.kotlinx:kotlinx-coroutines-test-jvm:1.9.0	prod
:core:screenshot-testing	transitive	org.jetbrains.kotlinx:kotlinx-coroutines-test:1.9.0	dev
:core:screenshot-testing	transitive	org.jetbrains.kotlinx:kotlinx-coroutines-test:1.9.0	prod
:core:screenshot-testing	transitive	org.jetbrains.kotlinx:kotlinx-io-bytestring-jvm:0.3.3	dev
:core:screenshot-testing	transitive	org.jetbrains.kotlinx:kotlinx-io-bytestring-jvm:0.3.3	prod
:core:screenshot-testing	transitive	org.jetbrains.kotlinx:kotlinx-io-bytestring:0.3.3	dev
:core:screenshot-testing	transitive	org.jetbrains.kotlinx:kotlinx-io-bytestring:0.3.3	prod
:core:screenshot-testing	transitive	org.jetbrains.kotlinx:kotlinx-io-core-jvm:0.3.3	dev
:core:screenshot-testing	transitive	org.jetbrains.kotlinx:kotlinx-io-core-jvm:0.3.3	prod
:core:screenshot-testing	transitive	org.jetbrains.kotlinx:kotlinx-io-core:0.3.3	dev
:core:screenshot-testing	transitive	org.jetbrains.kotlinx:kotlinx-io-core:0.3.3	prod
:core:screenshot-testing	transitive	org.jetbrains.kotlinx:kotlinx-serialization-bom:1.7.3	dev
:core:screenshot-testing	transitive	org.jetbrains.kotlinx:kotlinx-serialization-bom:1.7.3	prod
:core:screenshot-testing	transitive	org.jetbrains.kotlinx:kotlinx-serialization-core-jvm:1.7.3	dev
:core:screenshot-testing	transitive	org.jetbrains.kotlinx:kotlinx-serialization-core-jvm:1.7.3	prod
:core:screenshot-testing	transitive	org.jetbrains.kotlinx:kotlinx-serialization-core:1.7.3	dev
:core:screenshot-testing	transitive	org.jetbrains.kotlinx:kotlinx-serialization-core:1.7.3	prod
:core:screenshot-testing	transitive	org.jetbrains.kotlinx:kotlinx-serialization-json-jvm:1.7.3	dev
:core:screenshot-testing	transitive	org.jetbrains.kotlinx:kotlinx-serialization-json-jvm:1.7.3	prod
:core:screenshot-testing	transitive	org.jetbrains.kotlinx:kotlinx-serialization-json:1.7.3	dev
:core:screenshot-testing	transitive	org.jetbrains.kotlinx:kotlinx-serialization-json:1.7.3	prod
:core:screenshot-testing	transitive	org.jetbrains:annotations:23.0.0	dev
:core:screenshot-testing	transitive	org.jetbrains:annotations:23.0.0	prod
:core:screenshot-testing	transitive	org.jsoup:jsoup:1.15.1	dev
:core:screenshot-testing	transitive	org.jsoup:jsoup:1.15.1	prod
:core:screenshot-testing	transitive	org.jspecify:jspecify:1.0.0	dev
:core:screenshot-testing	transitive	org.jspecify:jspecify:1.0.0	prod
:core:screenshot-testing	transitive	org.ow2.asm:asm-commons:9.8	dev
:core:screenshot-testing	transitive	org.ow2.asm:asm-commons:9.8	prod
:core:screenshot-testing	transitive	org.ow2.asm:asm-tree:9.8	dev
:core:screenshot-testing	transitive	org.ow2.asm:asm-tree:9.8	prod
:core:screenshot-testing	transitive	org.ow2.asm:asm:9.8	dev
:core:screenshot-testing	transitive	org.ow2.asm:asm:9.8	prod
:core:screenshot-testing	transitive	org.robolectric:annotations:4.16	dev
:core:screenshot-testing	transitive	org.robolectric:annotations:4.16	prod
:core:screenshot-testing	transitive	org.robolectric:junit:4.16	dev
:core:screenshot-testing	transitive	org.robolectric:junit:4.16	prod
:core:screenshot-testing	transitive	org.robolectric:nativeruntime-dist-compat:1.0.18	dev
:core:screenshot-testing	transitive	org.robolectric:nativeruntime-dist-compat:1.0.18	prod
:core:screenshot-testing	transitive	org.robolectric:nativeruntime:4.16	dev
:core:screenshot-testing	transitive	org.robolectric:nativeruntime:4.16	prod
:core:screenshot-testing	transitive	org.robolectric:pluginapi:4.16	dev
:core:screenshot-testing	transitive	org.robolectric:pluginapi:4.16	prod
:core:screenshot-testing	transitive	org.robolectric:plugins-maven-dependency-resolver:4.16	dev
:core:screenshot-testing	transitive	org.robolectric:plugins-maven-dependency-resolver:4.16	prod
:core:screenshot-testing	transitive	org.robolectric:resources:4.16	dev
:core:screenshot-testing	transitive	org.robolectric:resources:4.16	prod
:core:screenshot-testing	transitive	org.robolectric:robolectric:4.16	dev
:core:screenshot-testing	transitive	org.robolectric:sandbox:4.16	dev
:core:screenshot-testing	transitive	org.robolectric:sandbox:4.16	prod
:core:screenshot-testing	transitive	org.robolectric:shadowapi:4.16	dev
:core:screenshot-testing	transitive	org.robolectric:shadowapi:4.16	prod
:core:screenshot-testing	transitive	org.robolectric:shadows-framework:4.16	dev
:core:screenshot-testing	transitive	org.robolectric:shadows-framework:4.16	prod
:core:screenshot-testing	transitive	org.robolectric:utils-reflector:4.16	dev
:core:screenshot-testing	transitive	org.robolectric:utils-reflector:4.16	prod
:core:screenshot-testing	transitive	org.robolectric:utils:4.16	dev
:core:screenshot-testing	transitive	org.robolectric:utils:4.16	prod
:core:screenshot-testing	transitive	org.yaml:snakeyaml:2.4	dev
:core:screenshot-testing	transitive	org.yaml:snakeyaml:2.4	prod
:core:testing	direct	androidx.test:rules:1.7.0-rc01	dev
:core:testing	direct	androidx.test:rules:1.7.0-rc01	prod
:core:testing	direct	androidx.tracing:tracing-ktx:1.3.0-alpha02	dev
:core:testing	direct	androidx.tracing:tracing-ktx:1.3.0-alpha02	prod
:core:testing	direct	com.google.dagger:hilt-android-testing:2.59	dev
:core:testing	direct	com.google.dagger:hilt-android-testing:2.59	prod
:core:testing	direct	com.google.dagger:hilt-android:2.59	dev
:core:testing	direct	com.google.dagger:hilt-android:2.59	prod
:core:testing	direct	junit:junit:4.13.2	dev
:core:testing	direct	org.jetbrains.kotlin:kotlin-stdlib:2.3.0	dev
:core:testing	direct	org.jetbrains.kotlin:kotlin-stdlib:2.3.0	prod
:core:testing	direct	org.jetbrains.kotlin:kotlin-test:2.3.0	dev
:core:testing	direct	org.jetbrains.kotlinx:kotlinx-coroutines-test:1.10.1	dev
:core:testing	direct	org.jetbrains.kotlinx:kotlinx-coroutines-test:1.10.1	prod
:core:testing	direct	org.jetbrains.kotlinx:kotlinx-datetime:0.6.1	dev
:core:testing	direct	org.jetbrains.kotlinx:kotlinx-datetime:0.6.1	prod
:core:testing	transitive	androidx.activity:activity-compose:1.7.0	dev
:core:testing	transitive	androidx.activity:activity-compose:1.7.0	prod
:core:testing	transitive	androidx.activity:activity-ktx:1.7.0	dev
:core:testing	transitive	androidx.activity:activity-ktx:1.7.0	prod
:core:testing	transitive	androidx.activity:activity:1.5.1	dev
:core:testing	transitive	androidx.activity:activity:1.5.1	prod
:core:testing	transitive	androidx.activity:activity:1.7.0	dev
:core:testing	transitive	androidx.activity:activity:1.7.0	prod
:core:testing	transitive	androidx.annotation:annotation-experimental:1.3.1	dev
:core:testing	transitive	androidx.annotation:annotation-experimental:1.3.1	prod
:core:testing	transitive	androidx.annotation:annotation-experimental:1.5.0	dev
:core:testing	transitive	androidx.annotation:annotation-experimental:1.5.0	prod
:core:testing	transitive	androidx.annotation:annotation-jvm:1.9.1	dev
:core:testing	transitive	androidx.annotation:annotation-jvm:1.9.1	prod
:core:testing	transitive	androidx.annotation:annotation:1.9.1	dev
:core:testing	transitive	androidx.annotation:annotation:1.9.1	prod
:core:testing	transitive	androidx.appcompat:appcompat-resources:1.6.1	dev
:core:testing	transitive	androidx.appcompat:appcompat-resources:1.6.1	prod
:core:testing	transitive	androidx.arch.core:core-common:2.1.0	dev
:core:testing	transitive	androidx.arch.core:core-common:2.1.0	prod
:core:testing	transitive	androidx.arch.core:core-common:2.2.0	dev
:core:testing	transitive	androidx.arch.core:core-common:2.2.0	prod
:core:testing	transitive	androidx.arch.core:core-runtime:2.0.0	dev
:core:testing	transitive	androidx.arch.core:core-runtime:2.0.0	prod
:core:testing	transitive	androidx.arch.core:core-runtime:2.2.0	dev
:core:testing	transitive	androidx.arch.core:core-runtime:2.2.0	prod
:core:testing	transitive	androidx.autofill:autofill:1.0.0	dev
:core:testing	transitive	androidx.autofill:autofill:1.0.0	prod
:core:testing	transitive	androidx.collection:collection-jvm:1.5.0	dev
:core:testing	transitive	androidx.collection:collection-jvm:1.5.0	prod
:core:testing	transitive	androidx.collection:collection-ktx:1.5.0	dev
:core:testing	transitive	androidx.collection:collection-ktx:1.5.0	prod
:core:testing	transitive	androidx.collection:collection:1.1.0	dev
:core:testing	transitive	androidx.collection:collection:1.1.0	prod
:core:testing	transitive	androidx.collection:collection:1.5.0	dev
:core:testing	transitive	androidx.collection:collection:1.5.0	prod
:core:testing	transitive	androidx.compose.animation:animation-android:1.10.0-alpha04	dev
:core:testing	transitive	androidx.compose.animation:animation-android:1.10.0-alpha04	prod
:core:testing	transitive	androidx.compose.animation:animation-core-android:1.10.0-alpha04	dev
:core:testing	transitive	androidx.compose.animation:animation-core-android:1.10.0-alpha04	prod
:core:testing	transitive	androidx.compose.animation:animation-core:1.10.0-alpha04	dev
:core:testing	transitive	androidx.compose.animation:animation-core:1.10.0-alpha04	prod
:core:testing	transitive	androidx.compose.animation:animation:1.10.0-alpha04	dev
:core:testing	transitive	androidx.compose.animation:animation:1.10.0-alpha04	prod
:core:testing	transitive	androidx.compose.foundation:foundation-android:1.10.0-alpha04	dev
:core:testing	transitive	androidx.compose.foundation:foundation-android:1.10.0-alpha04	prod
:core:testing	transitive	androidx.compose.foundation:foundation-layout-android:1.10.0-alpha04	dev
:core:testing	transitive	androidx.compose.foundation:foundation-layout-android:1.10.0-alpha04	prod
:core:testing	transitive	androidx.compose.foundation:foundation-layout:1.10.0-alpha04	dev
:core:testing	transitive	androidx.compose.foundation:foundation-layout:1.10.0-alpha04	prod
:core:testing	transitive	androidx.compose.foundation:foundation:1.10.0-alpha04	dev
:core:testing	transitive	androidx.compose.foundation:foundation:1.10.0-alpha04	prod
:core:testing	transitive	androidx.compose.material:material-android:1.10.0-alpha04	dev
:core:testing	transitive	androidx.compose.material:material-android:1.10.0-alpha04	prod
:core:testing	transitive	androidx.compose.material:material-ripple-android:1.10.0-alpha04	dev
:core:testing	transitive	androidx.compose.material:material-ripple-android:1.10.0-alpha04	prod
:core:testing	transitive	androidx.compose.material:material-ripple:1.10.0-alpha04	dev
:core:testing	transitive	androidx.compose.material:material-ripple:1.10.0-alpha04	prod
:core:testing	transitive	androidx.compose.material:material:1.10.0-alpha04	dev
:core:testing	transitive	androidx.compose.material:material:1.10.0-alpha04	prod
:core:testing	transitive	androidx.compose.runtime:runtime-android:1.10.0-alpha04	dev
:core:testing	transitive	androidx.compose.runtime:runtime-android:1.10.0-alpha04	prod
:core:testing	transitive	androidx.compose.runtime:runtime-annotation-android:1.10.0-alpha04	dev
:core:testing	transitive	androidx.compose.runtime:runtime-annotation-android:1.10.0-alpha04	prod
:core:testing	transitive	androidx.compose.runtime:runtime-annotation:1.10.0-alpha04	dev
:core:testing	transitive	androidx.compose.runtime:runtime-annotation:1.10.0-alpha04	prod
:core:testing	transitive	androidx.compose.runtime:runtime-retain-android:1.10.0-alpha04	dev
:core:testing	transitive	androidx.compose.runtime:runtime-retain-android:1.10.0-alpha04	prod
:core:testing	transitive	androidx.compose.runtime:runtime-retain:1.10.0-alpha04	dev
:core:testing	transitive	androidx.compose.runtime:runtime-retain:1.10.0-alpha04	prod
:core:testing	transitive	androidx.compose.runtime:runtime-saveable-android:1.10.0-alpha04	dev
:core:testing	transitive	androidx.compose.runtime:runtime-saveable-android:1.10.0-alpha04	prod
:core:testing	transitive	androidx.compose.runtime:runtime-saveable:1.10.0-alpha04	dev
:core:testing	transitive	androidx.compose.runtime:runtime-saveable:1.10.0-alpha04	prod
:core:testing	transitive	androidx.compose.runtime:runtime:1.10.0-alpha04	dev
:core:testing	transitive	androidx.compose.runtime:runtime:1.10.0-alpha04	prod
:core:testing	transitive	androidx.compose.ui:ui-android:1.10.0-alpha04	dev
:core:testing	transitive	androidx.compose.ui:ui-android:1.10.0-alpha04	prod
:core:testing	transitive	androidx.compose.ui:ui-geometry-android:1.10.0-alpha04	dev
:core:testing	transitive	androidx.compose.ui:ui-geometry-android:1.10.0-alpha04	prod
:core:testing	transitive	androidx.compose.ui:ui-geometry:1.10.0-alpha04	dev
:core:testing	transitive	androidx.compose.ui:ui-geometry:1.10.0-alpha04	prod
:core:testing	transitive	androidx.compose.ui:ui-graphics-android:1.10.0-alpha04	dev
:core:testing	transitive	androidx.compose.ui:ui-graphics-android:1.10.0-alpha04	prod
:core:testing	transitive	androidx.compose.ui:ui-graphics:1.10.0-alpha04	dev
:core:testing	transitive	androidx.compose.ui:ui-graphics:1.10.0-alpha04	prod
:core:testing	transitive	androidx.compose.ui:ui-text-android:1.10.0-alpha04	dev
:core:testing	transitive	androidx.compose.ui:ui-text-android:1.10.0-alpha04	prod
:core:testing	transitive	androidx.compose.ui:ui-text:1.10.0-alpha04	dev
:core:testing	transitive	androidx.compose.ui:ui-text:1.10.0-alpha04	prod
:core:testing	transitive	androidx.compose.ui:ui-tooling-android:1.10.0-alpha04	dev
:core:testing	transitive	androidx.compose.ui:ui-tooling-android:1.10.0-alpha04	prod
:core:testing	transitive	androidx.compose.ui:ui-tooling-data-android:1.10.0-alpha04	dev
:core:testing	transitive	androidx.compose.ui:ui-tooling-data-android:1.10.0-alpha04	prod
:core:testing	transitive	androidx.compose.ui:ui-tooling-data:1.10.0-alpha04	dev
:core:testing	transitive	androidx.compose.ui:ui-tooling-data:1.10.0-alpha04	prod
:core:testing	transitive	androidx.compose.ui:ui-tooling-preview-android:1.10.0-alpha04	dev
:core:testing	transitive	androidx.compose.ui:ui-tooling-preview-android:1.10.0-alpha04	prod
:core:testing	transitive	androidx.compose.ui:ui-tooling-preview:1.10.0-alpha04	dev
:core:testing	transitive	androidx.compose.ui:ui-tooling-preview:1.10.0-alpha04	prod
:core:testing	transitive	androidx.compose.ui:ui-tooling:1.10.0-alpha04	dev
:core:testing	transitive	androidx.compose.ui:ui-tooling:1.10.0-alpha04	prod
:core:testing	transitive	androidx.compose.ui:ui-unit-android:1.10.0-alpha04	dev
:core:testing	transitive	androidx.compose.ui:ui-unit-android:1.10.0-alpha04	prod
:core:testing	transitive	androidx.compose.ui:ui-unit:1.10.0-alpha04	dev
:core:testing	transitive	androidx.compose.ui:ui-unit:1.10.0-alpha04	prod
:core:testing	transitive	androidx.compose.ui:ui-util-android:1.10.0-alpha04	dev
:core:testing	transitive	androidx.compose.ui:ui-util-android:1.10.0-alpha04	prod
:core:testing	transitive	androidx.compose.ui:ui-util:1.10.0-alpha04	dev
:core:testing	transitive	androidx.compose.ui:ui-util:1.10.0-alpha04	prod
:core:testing	transitive	androidx.compose.ui:ui:1.10.0-alpha04	dev
:core:testing	transitive	androidx.compose.ui:ui:1.10.0-alpha04	prod
:core:testing	transitive	androidx.compose:compose-bom-alpha:2025.09.01	dev
:core:testing	transitive	androidx.compose:compose-bom-alpha:2025.09.01	prod
:core:testing	transitive	androidx.concurrent:concurrent-futures:1.1.0	dev
:core:testing	transitive	androidx.concurrent:concurrent-futures:1.1.0	prod
:core:testing	transitive	androidx.core:core-ktx:1.12.0	prod
:core:testing	transitive	androidx.core:core-ktx:1.16.0	dev
:core:testing	transitive	androidx.core:core-ktx:1.16.0	prod
:core:testing	transitive	androidx.core:core-ktx:1.2.0	dev
:core:testing	transitive	androidx.core:core-ktx:1.2.0	prod
:core:testing	transitive	androidx.core:core-viewtree:1.0.0	dev
:core:testing	transitive	androidx.core:core-viewtree:1.0.0	prod
:core:testing	transitive	androidx.core:core:1.12.0	prod
:core:testing	transitive	androidx.core:core:1.16.0	dev
:core:testing	transitive	androidx.core:core:1.16.0	prod
:core:testing	transitive	androidx.core:core:1.8.0	dev
:core:testing	transitive	androidx.core:core:1.8.0	prod
:core:testing	transitive	androidx.customview:customview-poolingcontainer:1.0.0	dev
:core:testing	transitive	androidx.customview:customview-poolingcontainer:1.0.0	prod
:core:testing	transitive	androidx.customview:customview:1.0.0	dev
:core:testing	transitive	androidx.customview:customview:1.0.0	prod
:core:testing	transitive	androidx.datastore:datastore-android:1.2.0	dev
:core:testing	transitive	androidx.datastore:datastore-android:1.2.0	prod
:core:testing	transitive	androidx.datastore:datastore-core-android:1.2.0	dev
:core:testing	transitive	androidx.datastore:datastore-core-android:1.2.0	prod
:core:testing	transitive	androidx.datastore:datastore-core-okio-jvm:1.2.0	dev
:core:testing	transitive	androidx.datastore:datastore-core-okio-jvm:1.2.0	prod
:core:testing	transitive	androidx.datastore:datastore-core-okio:1.2.0	dev
:core:testing	transitive	androidx.datastore:datastore-core-okio:1.2.0	prod
:core:testing	transitive	androidx.datastore:datastore-core:1.2.0	dev
:core:testing	transitive	androidx.datastore:datastore-core:1.2.0	prod
:core:testing	transitive	androidx.datastore:datastore:1.2.0	dev
:core:testing	transitive	androidx.datastore:datastore:1.2.0	prod
:core:testing	transitive	androidx.documentfile:documentfile:1.0.0	dev
:core:testing	transitive	androidx.documentfile:documentfile:1.0.0	prod
:core:testing	transitive	androidx.dynamicanimation:dynamicanimation:1.0.0	dev
:core:testing	transitive	androidx.dynamicanimation:dynamicanimation:1.0.0	prod
:core:testing	transitive	androidx.emoji2:emoji2:1.4.0	dev
:core:testing	transitive	androidx.emoji2:emoji2:1.4.0	prod
:core:testing	transitive	androidx.exifinterface:exifinterface:1.3.7	dev
:core:testing	transitive	androidx.exifinterface:exifinterface:1.3.7	prod
:core:testing	transitive	androidx.fragment:fragment:1.5.1	dev
:core:testing	transitive	androidx.fragment:fragment:1.5.1	prod
:core:testing	transitive	androidx.graphics:graphics-path:1.0.1	dev
:core:testing	transitive	androidx.graphics:graphics-path:1.0.1	prod
:core:testing	transitive	androidx.interpolator:interpolator:1.0.0	dev
:core:testing	transitive	androidx.interpolator:interpolator:1.0.0	prod
:core:testing	transitive	androidx.legacy:legacy-support-core-utils:1.0.0	dev
:core:testing	transitive	androidx.legacy:legacy-support-core-utils:1.0.0	prod
:core:testing	transitive	androidx.lifecycle:lifecycle-common-jvm:2.9.4	dev
:core:testing	transitive	androidx.lifecycle:lifecycle-common-jvm:2.9.4	prod
:core:testing	transitive	androidx.lifecycle:lifecycle-common:2.5.1	dev
:core:testing	transitive	androidx.lifecycle:lifecycle-common:2.5.1	prod
:core:testing	transitive	androidx.lifecycle:lifecycle-common:2.7.0	prod
:core:testing	transitive	androidx.lifecycle:lifecycle-common:2.9.4	dev
:core:testing	transitive	androidx.lifecycle:lifecycle-common:2.9.4	prod
:core:testing	transitive	androidx.lifecycle:lifecycle-livedata-core-ktx:2.7.0	prod
:core:testing	transitive	androidx.lifecycle:lifecycle-livedata-core-ktx:2.9.4	dev
:core:testing	transitive	androidx.lifecycle:lifecycle-livedata-core-ktx:2.9.4	prod
:core:testing	transitive	androidx.lifecycle:lifecycle-livedata-core:2.5.1	dev
:core:testing	transitive	androidx.lifecycle:lifecycle-livedata-core:2.5.1	prod
:core:testing	transitive	androidx.lifecycle:lifecycle-livedata-core:2.7.0	prod
:core:testing	transitive	androidx.lifecycle:lifecycle-livedata-core:2.9.4	dev
:core:testing	transitive	androidx.lifecycle:lifecycle-livedata-core:2.9.4	prod
:core:testing	transitive	androidx.lifecycle:lifecycle-livedata:2.0.0	dev
:core:testing	transitive	androidx.lifecycle:lifecycle-livedata:2.0.0	prod
:core:testing	transitive	androidx.lifecycle:lifecycle-livedata:2.7.0	prod
:core:testing	transitive	androidx.lifecycle:lifecycle-livedata:2.9.4	dev
:core:testing	transitive	androidx.lifecycle:lifecycle-livedata:2.9.4	prod
:core:testing	transitive	androidx.lifecycle:lifecycle-process:2.9.4	dev
:core:testing	transitive	androidx.lifecycle:lifecycle-process:2.9.4	prod
:core:testing	transitive	androidx.lifecycle:lifecycle-runtime-android:2.9.4	dev
:core:testing	transitive	androidx.lifecycle:lifecycle-runtime-android:2.9.4	prod
:core:testing	transitive	androidx.lifecycle:lifecycle-runtime-compose-android:2.9.4	dev
:core:testing	transitive	androidx.lifecycle:lifecycle-runtime-compose-android:2.9.4	prod
:core:testing	transitive	androidx.lifecycle:lifecycle-runtime-compose:2.9.4	dev
:core:testing	transitive	androidx.lifecycle:lifecycle-runtime-compose:2.9.4	prod
:core:testing	transitive	androidx.lifecycle:lifecycle-runtime-ktx-android:2.9.4	dev
:core:testing	transitive	androidx.lifecycle:lifecycle-runtime-ktx-android:2.9.4	prod
:core:testing	transitive	androidx.lifecycle:lifecycle-runtime-ktx:2.9.4	dev
:core:testing	transitive	androidx.lifecycle:lifecycle-runtime-ktx:2.9.4	prod
:core:testing	transitive	androidx.lifecycle:lifecycle-runtime:2.5.1	dev
:core:testing	transitive	androidx.lifecycle:lifecycle-runtime:2.5.1	prod
:core:testing	transitive	androidx.lifecycle:lifecycle-runtime:2.7.0	prod
:core:testing	transitive	androidx.lifecycle:lifecycle-runtime:2.9.4	dev
:core:testing	transitive	androidx.lifecycle:lifecycle-runtime:2.9.4	prod
:core:testing	transitive	androidx.lifecycle:lifecycle-viewmodel-android:2.9.4	dev
:core:testing	transitive	androidx.lifecycle:lifecycle-viewmodel-android:2.9.4	prod
:core:testing	transitive	androidx.lifecycle:lifecycle-viewmodel-ktx:2.9.4	dev
:core:testing	transitive	androidx.lifecycle:lifecycle-viewmodel-ktx:2.9.4	prod
:core:testing	transitive	androidx.lifecycle:lifecycle-viewmodel-savedstate-android:2.9.4	dev
:core:testing	transitive	androidx.lifecycle:lifecycle-viewmodel-savedstate-android:2.9.4	prod
:core:testing	transitive	androidx.lifecycle:lifecycle-viewmodel-savedstate:2.5.1	dev
:core:testing	transitive	androidx.lifecycle:lifecycle-viewmodel-savedstate:2.5.1	prod
:core:testing	transitive	androidx.lifecycle:lifecycle-viewmodel-savedstate:2.7.0	prod
:core:testing	transitive	androidx.lifecycle:lifecycle-viewmodel-savedstate:2.9.4	dev
:core:testing	transitive	androidx.lifecycle:lifecycle-viewmodel-savedstate:2.9.4	prod
:core:testing	transitive	androidx.lifecycle:lifecycle-viewmodel:2.5.1	dev
:core:testing	transitive	androidx.lifecycle:lifecycle-viewmodel:2.5.1	prod
:core:testing	transitive	androidx.lifecycle:lifecycle-viewmodel:2.7.0	prod
:core:testing	transitive	androidx.lifecycle:lifecycle-viewmodel:2.9.4	dev
:core:testing	transitive	androidx.lifecycle:lifecycle-viewmodel:2.9.4	prod
:core:testing	transitive	androidx.loader:loader:1.0.0	dev
:core:testing	transitive	androidx.loader:loader:1.0.0	prod
:core:testing	transitive	androidx.localbroadcastmanager:localbroadcastmanager:1.0.0	dev
:core:testing	transitive	androidx.localbroadcastmanager:localbroadcastmanager:1.0.0	prod
:core:testing	transitive	androidx.multidex:multidex:2.0.1	dev
:core:testing	transitive	androidx.multidex:multidex:2.0.1	prod
:core:testing	transitive	androidx.print:print:1.0.0	dev
:core:testing	transitive	androidx.print:print:1.0.0	prod
:core:testing	transitive	androidx.privacysandbox.ads:ads-adservices-java:1.0.0-beta05	dev
:core:testing	transitive	androidx.privacysandbox.ads:ads-adservices-java:1.0.0-beta05	prod
:core:testing	transitive	androidx.privacysandbox.ads:ads-adservices:1.0.0-beta05	dev
:core:testing	transitive	androidx.privacysandbox.ads:ads-adservices:1.0.0-beta05	prod
:core:testing	transitive	androidx.profileinstaller:profileinstaller:1.3.1	prod
:core:testing	transitive	androidx.profileinstaller:profileinstaller:1.4.0	dev
:core:testing	transitive	androidx.profileinstaller:profileinstaller:1.4.0	prod
:core:testing	transitive	androidx.room:room-common-jvm:2.8.3	dev
:core:testing	transitive	androidx.room:room-common-jvm:2.8.3	prod
:core:testing	transitive	androidx.room:room-common:2.8.3	dev
:core:testing	transitive	androidx.room:room-common:2.8.3	prod
:core:testing	transitive	androidx.room:room-ktx:2.8.3	dev
:core:testing	transitive	androidx.room:room-ktx:2.8.3	prod
:core:testing	transitive	androidx.room:room-runtime-android:2.8.3	dev
:core:testing	transitive	androidx.room:room-runtime-android:2.8.3	prod
:core:testing	transitive	androidx.room:room-runtime:2.8.3	dev
:core:testing	transitive	androidx.room:room-runtime:2.8.3	prod
:core:testing	transitive	androidx.savedstate:savedstate-android:1.3.2	dev
:core:testing	transitive	androidx.savedstate:savedstate-android:1.3.2	prod
:core:testing	transitive	androidx.savedstate:savedstate-compose-android:1.3.2	dev
:core:testing	transitive	androidx.savedstate:savedstate-compose-android:1.3.2	prod
:core:testing	transitive	androidx.savedstate:savedstate-compose:1.3.2	dev
:core:testing	transitive	androidx.savedstate:savedstate-compose:1.3.2	prod
:core:testing	transitive	androidx.savedstate:savedstate-ktx:1.3.2	dev
:core:testing	transitive	androidx.savedstate:savedstate-ktx:1.3.2	prod
:core:testing	transitive	androidx.savedstate:savedstate:1.2.0	dev
:core:testing	transitive	androidx.savedstate:savedstate:1.2.0	prod
:core:testing	transitive	androidx.savedstate:savedstate:1.2.1	prod
:core:testing	transitive	androidx.savedstate:savedstate:1.3.2	dev
:core:testing	transitive	androidx.savedstate:savedstate:1.3.2	prod
:core:testing	transitive	androidx.sqlite:sqlite-android:2.6.1	dev
:core:testing	transitive	androidx.sqlite:sqlite-android:2.6.1	prod
:core:testing	transitive	androidx.sqlite:sqlite-framework-android:2.6.1	dev
:core:testing	transitive	androidx.sqlite:sqlite-framework-android:2.6.1	prod
:core:testing	transitive	androidx.sqlite:sqlite-framework:2.6.1	dev
:core:testing	transitive	androidx.sqlite:sqlite-framework:2.6.1	prod
:core:testing	transitive	androidx.sqlite:sqlite:2.6.1	dev
:core:testing	transitive	androidx.sqlite:sqlite:2.6.1	prod
:core:testing	transitive	androidx.startup:startup-runtime:1.1.1	dev
:core:testing	transitive	androidx.startup:startup-runtime:1.1.1	prod
:core:testing	transitive	androidx.test.services:storage:1.6.0-rc01	dev
:core:testing	transitive	androidx.test.services:storage:1.6.0-rc01	prod
:core:testing	transitive	androidx.test:core:1.4.0	dev
:core:testing	transitive	androidx.test:core:1.4.0	prod
:core:testing	transitive	androidx.test:monitor:1.8.0-rc01	dev
:core:testing	transitive	androidx.test:monitor:1.8.0-rc01	prod
:core:testing	transitive	androidx.test:rules:1.7.0-rc01	dev
:core:testing	transitive	androidx.test:runner:1.7.0-rc01	dev
:core:testing	transitive	androidx.test:runner:1.7.0-rc01	prod
:core:testing	transitive	androidx.tracing:tracing-ktx:1.3.0-alpha02	dev
:core:testing	transitive	androidx.tracing:tracing:1.3.0-alpha02	dev
:core:testing	transitive	androidx.tracing:tracing:1.3.0-alpha02	prod
:core:testing	transitive	androidx.transition:transition:1.6.0	dev
:core:testing	transitive	androidx.transition:transition:1.6.0	prod
:core:testing	transitive	androidx.vectordrawable:vectordrawable-animated:1.1.0	dev
:core:testing	transitive	androidx.vectordrawable:vectordrawable-animated:1.1.0	prod
:core:testing	transitive	androidx.vectordrawable:vectordrawable:1.1.0	dev
:core:testing	transitive	androidx.vectordrawable:vectordrawable:1.1.0	prod
:core:testing	transitive	androidx.versionedparcelable:versionedparcelable:1.1.1	dev
:core:testing	transitive	androidx.versionedparcelable:versionedparcelable:1.1.1	prod
:core:testing	transitive	androidx.viewpager:viewpager:1.0.0	dev
:core:testing	transitive	androidx.viewpager:viewpager:1.0.0	prod
:core:testing	transitive	com.caverock:androidsvg-aar:1.4	dev
:core:testing	transitive	com.caverock:androidsvg-aar:1.4	prod
:core:testing	transitive	com.google.android.gms:play-services-ads-identifier:18.0.0	dev
:core:testing	transitive	com.google.android.gms:play-services-ads-identifier:18.0.0	prod
:core:testing	transitive	com.google.android.gms:play-services-base:18.5.0	dev
:core:testing	transitive	com.google.android.gms:play-services-base:18.5.0	prod
:core:testing	transitive	com.google.android.gms:play-services-basement:18.4.0	dev
:core:testing	transitive	com.google.android.gms:play-services-basement:18.4.0	prod
:core:testing	transitive	com.google.android.gms:play-services-measurement-api:22.1.2	dev
:core:testing	transitive	com.google.android.gms:play-services-measurement-api:22.1.2	prod
:core:testing	transitive	com.google.android.gms:play-services-measurement-base:22.1.2	dev
:core:testing	transitive	com.google.android.gms:play-services-measurement-base:22.1.2	prod
:core:testing	transitive	com.google.android.gms:play-services-measurement-impl:22.1.2	dev
:core:testing	transitive	com.google.android.gms:play-services-measurement-impl:22.1.2	prod
:core:testing	transitive	com.google.android.gms:play-services-measurement-sdk-api:22.1.2	dev
:core:testing	transitive	com.google.android.gms:play-services-measurement-sdk-api:22.1.2	prod
:core:testing	transitive	com.google.android.gms:play-services-measurement-sdk:22.1.2	dev
:core:testing	transitive	com.google.android.gms:play-services-measurement-sdk:22.1.2	prod
:core:testing	transitive	com.google.android.gms:play-services-measurement:22.1.2	dev
:core:testing	transitive	com.google.android.gms:play-services-measurement:22.1.2	prod
:core:testing	transitive	com.google.android.gms:play-services-stats:17.0.2	dev
:core:testing	transitive	com.google.android.gms:play-services-stats:17.0.2	prod
:core:testing	transitive	com.google.android.gms:play-services-tasks:18.2.0	dev
:core:testing	transitive	com.google.android.gms:play-services-tasks:18.2.0	prod
:core:testing	transitive	com.google.code.findbugs:jsr305:3.0.2	dev
:core:testing	transitive	com.google.code.findbugs:jsr305:3.0.2	prod
:core:testing	transitive	com.google.dagger:dagger-lint-aar:2.59	dev
:core:testing	transitive	com.google.dagger:dagger-lint-aar:2.59	prod
:core:testing	transitive	com.google.dagger:dagger:2.59	dev
:core:testing	transitive	com.google.dagger:dagger:2.59	prod
:core:testing	transitive	com.google.dagger:hilt-android-testing:2.59	dev
:core:testing	transitive	com.google.dagger:hilt-android:2.59	dev
:core:testing	transitive	com.google.dagger:hilt-core:2.59	dev
:core:testing	transitive	com.google.dagger:hilt-core:2.59	prod
:core:testing	transitive	com.google.errorprone:error_prone_annotations:2.26.0	dev
:core:testing	transitive	com.google.errorprone:error_prone_annotations:2.26.0	prod
:core:testing	transitive	com.google.firebase:firebase-analytics:22.1.2	dev
:core:testing	transitive	com.google.firebase:firebase-analytics:22.1.2	prod
:core:testing	transitive	com.google.firebase:firebase-annotations:16.2.0	dev
:core:testing	transitive	com.google.firebase:firebase-annotations:16.2.0	prod
:core:testing	transitive	com.google.firebase:firebase-bom:33.7.0	dev
:core:testing	transitive	com.google.firebase:firebase-bom:33.7.0	prod
:core:testing	transitive	com.google.firebase:firebase-common-ktx:21.0.0	dev
:core:testing	transitive	com.google.firebase:firebase-common-ktx:21.0.0	prod
:core:testing	transitive	com.google.firebase:firebase-common:21.0.0	dev
:core:testing	transitive	com.google.firebase:firebase-common:21.0.0	prod
:core:testing	transitive	com.google.firebase:firebase-components:18.0.0	dev
:core:testing	transitive	com.google.firebase:firebase-components:18.0.0	prod
:core:testing	transitive	com.google.firebase:firebase-installations-interop:17.1.1	dev
:core:testing	transitive	com.google.firebase:firebase-installations-interop:17.1.1	prod
:core:testing	transitive	com.google.firebase:firebase-installations:18.0.0	dev
:core:testing	transitive	com.google.firebase:firebase-installations:18.0.0	prod
:core:testing	transitive	com.google.firebase:firebase-measurement-connector:19.0.0	dev
:core:testing	transitive	com.google.firebase:firebase-measurement-connector:19.0.0	prod
:core:testing	transitive	com.google.guava:failureaccess:1.0.1	dev
:core:testing	transitive	com.google.guava:failureaccess:1.0.1	prod
:core:testing	transitive	com.google.guava:guava:31.1-android	dev
:core:testing	transitive	com.google.guava:guava:31.1-android	prod
:core:testing	transitive	com.google.guava:listenablefuture:1.0	dev
:core:testing	transitive	com.google.guava:listenablefuture:1.0	prod
:core:testing	transitive	com.google.guava:listenablefuture:9999.0-empty-to-avoid-conflict-with-guava	dev
:core:testing	transitive	com.google.guava:listenablefuture:9999.0-empty-to-avoid-conflict-with-guava	prod
:core:testing	transitive	com.google.j2objc:j2objc-annotations:1.3	dev
:core:testing	transitive	com.google.j2objc:j2objc-annotations:1.3	prod
:core:testing	transitive	com.google.protobuf:protobuf-javalite:4.29.2	dev
:core:testing	transitive	com.google.protobuf:protobuf-javalite:4.29.2	prod
:core:testing	transitive	com.google.protobuf:protobuf-kotlin-lite:4.29.2	dev
:core:testing	transitive	com.google.protobuf:protobuf-kotlin-lite:4.29.2	prod
:core:testing	transitive	com.squareup.okhttp3:logging-interceptor:4.12.0	dev
:core:testing	transitive	com.squareup.okhttp3:logging-interceptor:4.12.0	prod
:core:testing	transitive	com.squareup.okhttp3:okhttp:4.12.0	dev
:core:testing	transitive	com.squareup.okhttp3:okhttp:4.12.0	prod
:core:testing	transitive	com.squareup.okio:okio-jvm:3.9.1	dev
:core:testing	transitive	com.squareup.okio:okio-jvm:3.9.1	prod
:core:testing	transitive	com.squareup.okio:okio:3.9.1	dev
:core:testing	transitive	com.squareup.okio:okio:3.9.1	prod
:core:testing	transitive	com.squareup.retrofit2:converter-kotlinx-serialization:2.11.0	dev
:core:testing	transitive	com.squareup.retrofit2:converter-kotlinx-serialization:2.11.0	prod
:core:testing	transitive	com.squareup.retrofit2:retrofit:2.11.0	dev
:core:testing	transitive	com.squareup.retrofit2:retrofit:2.11.0	prod
:core:testing	transitive	io.coil-kt:coil-base:2.7.0	dev
:core:testing	transitive	io.coil-kt:coil-base:2.7.0	prod
:core:testing	transitive	io.coil-kt:coil-svg:2.7.0	dev
:core:testing	transitive	io.coil-kt:coil-svg:2.7.0	prod
:core:testing	transitive	io.coil-kt:coil:2.7.0	dev
:core:testing	transitive	io.coil-kt:coil:2.7.0	prod
:core:testing	transitive	jakarta.inject:jakarta.inject-api:2.0.1	dev
:core:testing	transitive	jakarta.inject:jakarta.inject-api:2.0.1	prod
:core:testing	transitive	javax.inject:javax.inject:1	dev
:core:testing	transitive	javax.inject:javax.inject:1	prod
:core:testing	transitive	junit:junit:4.13.2	prod
:core:testing	transitive	org.checkerframework:checker-qual:3.12.0	dev
:core:testing	transitive	org.checkerframework:checker-qual:3.12.0	prod
:core:testing	transitive	org.hamcrest:hamcrest-core:1.3	dev
:core:testing	transitive	org.hamcrest:hamcrest-core:1.3	prod
:core:testing	transitive	org.jetbrains.kotlin:kotlin-stdlib-common:2.3.0	dev
:core:testing	transitive	org.jetbrains.kotlin:kotlin-stdlib-common:2.3.0	prod
:core:testing	transitive	org.jetbrains.kotlin:kotlin-stdlib-jdk7:1.8.21	dev
:core:testing	transitive	org.jetbrains.kotlin:kotlin-stdlib-jdk7:1.8.21	prod
:core:testing	transitive	org.jetbrains.kotlin:kotlin-stdlib-jdk7:1.8.22	dev
:core:testing	transitive	org.jetbrains.kotlin:kotlin-stdlib-jdk7:1.8.22	prod
:core:testing	transitive	org.jetbrains.kotlin:kotlin-stdlib-jdk8:1.8.21	dev
:core:testing	transitive	org.jetbrains.kotlin:kotlin-stdlib-jdk8:1.8.21	prod
:core:testing	transitive	org.jetbrains.kotlin:kotlin-stdlib-jdk8:1.8.22	dev
:core:testing	transitive	org.jetbrains.kotlin:kotlin-stdlib-jdk8:1.8.22	prod
:core:testing	transitive	org.jetbrains.kotlin:kotlin-stdlib:2.3.0	dev
:core:testing	transitive	org.jetbrains.kotlinx:kotlinx-coroutines-android:1.10.1	dev
:core:testing	transitive	org.jetbrains.kotlinx:kotlinx-coroutines-android:1.10.1	prod
:core:testing	transitive	org.jetbrains.kotlinx:kotlinx-coroutines-bom:1.10.1	dev
:core:testing	transitive	org.jetbrains.kotlinx:kotlinx-coroutines-bom:1.10.1	prod
:core:testing	transitive	org.jetbrains.kotlinx:kotlinx-coroutines-core-jvm:1.10.1	dev
:core:testing	transitive	org.jetbrains.kotlinx:kotlinx-coroutines-core-jvm:1.10.1	prod
:core:testing	transitive	org.jetbrains.kotlinx:kotlinx-coroutines-core:1.10.1	dev
:core:testing	transitive	org.jetbrains.kotlinx:kotlinx-coroutines-core:1.10.1	prod
:core:testing	transitive	org.jetbrains.kotlinx:kotlinx-coroutines-play-services:1.10.1	dev
:core:testing	transitive	org.jetbrains.kotlinx:kotlinx-coroutines-play-services:1.10.1	prod
:core:testing	transitive	org.jetbrains.kotlinx:kotlinx-coroutines-test-jvm:1.10.1	dev
:core:testing	transitive	org.jetbrains.kotlinx:kotlinx-coroutines-test-jvm:1.10.1	prod
:core:testing	transitive	org.jetbrains.kotlinx:kotlinx-coroutines-test:1.10.1	dev
:core:testing	transitive	org.jetbrains.kotlinx:kotlinx-datetime-jvm:0.6.1	dev
:core:testing	transitive	org.jetbrains.kotlinx:kotlinx-datetime-jvm:0.6.1	prod
:core:testing	transitive	org.jetbrains.kotlinx:kotlinx-datetime:0.6.1	dev
:core:testing	transitive	org.jetbrains.kotlinx:kotlinx-serialization-bom:1.8.0	dev
:core:testing	transitive	org.jetbrains.kotlinx:kotlinx-serialization-bom:1.8.0	prod
:core:testing	transitive	org.jetbrains.kotlinx:kotlinx-serialization-core-jvm:1.8.0	dev
:core:testing	transitive	org.jetbrains.kotlinx:kotlinx-serialization-core-jvm:1.8.0	prod
:core:testing	transitive	org.jetbrains.kotlinx:kotlinx-serialization-core:1.8.0	dev
:core:testing	transitive	org.jetbrains.kotlinx:kotlinx-serialization-core:1.8.0	prod
:core:testing	transitive	org.jetbrains.kotlinx:kotlinx-serialization-json-jvm:1.8.0	dev
:core:testing	transitive	org.jetbrains.kotlinx:kotlinx-serialization-json-jvm:1.8.0	prod
:core:testing	transitive	org.jetbrains.kotlinx:kotlinx-serialization-json:1.8.0	dev
:core:testing	transitive	org.jetbrains.kotlinx:kotlinx-serialization-json:1.8.0	prod
:core:testing	transitive	org.jetbrains:annotations:23.0.0	dev
:core:testing	transitive	org.jetbrains:annotations:23.0.0	prod
:core:testing	transitive	org.jspecify:jspecify:1.0.0	dev
:core:testing	transitive	org.jspecify:jspecify:1.0.0	prod
:core:ui	direct	androidx.browser:browser:1.8.0	dev
:core:ui	direct	androidx.browser:browser:1.8.0	prod
:core:ui	direct	androidx.compose.ui:ui-test-junit4:1.10.0-alpha04	dev
:core:ui	direct	androidx.compose.ui:ui-test-manifest:1.10.0-alpha04	dev
:core:ui	direct	androidx.compose.ui:ui-tooling-preview:1.10.0-alpha04	dev
:core:ui	direct	androidx.compose.ui:ui-tooling-preview:1.10.0-alpha04	prod
:core:ui	direct	androidx.compose.ui:ui-tooling:1.10.0-alpha04	dev
:core:ui	direct	androidx.compose.ui:ui-tooling:1.10.0-alpha04	prod
:core:ui	direct	androidx.compose:compose-bom-alpha:2025.09.01	dev
:core:ui	direct	androidx.compose:compose-bom-alpha:2025.09.01	prod
:core:ui	direct	androidx.metrics:metrics-performance:1.0.0-beta01	dev
:core:ui	direct	androidx.metrics:metrics-performance:1.0.0-beta01	prod
:core:ui	direct	androidx.tracing:tracing-ktx:1.3.0-alpha02	dev
:core:ui	direct	androidx.tracing:tracing-ktx:1.3.0-alpha02	prod
:core:ui	direct	io.coil-kt:coil-compose:2.7.0	dev
:core:ui	direct	io.coil-kt:coil-compose:2.7.0	prod
:core:ui	direct	io.coil-kt:coil:2.7.0	dev
:core:ui	direct	io.coil-kt:coil:2.7.0	prod
:core:ui	direct	junit:junit:4.13.2	dev
:core:ui	direct	org.jacoco:org.jacoco.agent:0.8.13	dev
:core:ui	direct	org.jetbrains.kotlin:kotlin-stdlib:2.3.0	dev
:core:ui	direct	org.jetbrains.kotlin:kotlin-stdlib:2.3.0	prod
:core:ui	direct	org.jetbrains.kotlin:kotlin-test:2.3.0	dev
:core:ui	transitive	androidx.activity:activity-compose:1.8.2	dev
:core:ui	transitive	androidx.activity:activity-compose:1.8.2	prod
:core:ui	transitive	androidx.activity:activity-ktx:1.8.2	dev
:core:ui	transitive	androidx.activity:activity-ktx:1.8.2	prod
:core:ui	transitive	androidx.activity:activity:1.2.1	dev
:core:ui	transitive	androidx.activity:activity:1.8.2	dev
:core:ui	transitive	androidx.activity:activity:1.8.2	prod
:core:ui	transitive	androidx.annotation:annotation-experimental:1.5.1	dev
:core:ui	transitive	androidx.annotation:annotation-experimental:1.5.1	prod
:core:ui	transitive	androidx.annotation:annotation-jvm:1.9.1	dev
:core:ui	transitive	androidx.annotation:annotation-jvm:1.9.1	prod
:core:ui	transitive	androidx.annotation:annotation:1.9.1	dev
:core:ui	transitive	androidx.annotation:annotation:1.9.1	prod
:core:ui	transitive	androidx.appcompat:appcompat-resources:1.6.1	dev
:core:ui	transitive	androidx.appcompat:appcompat-resources:1.6.1	prod
:core:ui	transitive	androidx.arch.core:core-common:2.2.0	dev
:core:ui	transitive	androidx.arch.core:core-common:2.2.0	prod
:core:ui	transitive	androidx.arch.core:core-runtime:2.2.0	dev
:core:ui	transitive	androidx.arch.core:core-runtime:2.2.0	prod
:core:ui	transitive	androidx.autofill:autofill:1.0.0	dev
:core:ui	transitive	androidx.autofill:autofill:1.0.0	prod
:core:ui	transitive	androidx.browser:browser:1.8.0	dev
:core:ui	transitive	androidx.collection:collection-jvm:1.5.0	dev
:core:ui	transitive	androidx.collection:collection-jvm:1.5.0	prod
:core:ui	transitive	androidx.collection:collection-ktx:1.5.0	dev
:core:ui	transitive	androidx.collection:collection-ktx:1.5.0	prod
:core:ui	transitive	androidx.collection:collection:1.5.0	dev
:core:ui	transitive	androidx.collection:collection:1.5.0	prod
:core:ui	transitive	androidx.compose.animation:animation-android:1.10.0-alpha04	dev
:core:ui	transitive	androidx.compose.animation:animation-android:1.10.0-alpha04	prod
:core:ui	transitive	androidx.compose.animation:animation-core-android:1.10.0-alpha04	dev
:core:ui	transitive	androidx.compose.animation:animation-core-android:1.10.0-alpha04	prod
:core:ui	transitive	androidx.compose.animation:animation-core:1.10.0-alpha04	dev
:core:ui	transitive	androidx.compose.animation:animation-core:1.10.0-alpha04	prod
:core:ui	transitive	androidx.compose.animation:animation:1.10.0-alpha04	dev
:core:ui	transitive	androidx.compose.animation:animation:1.10.0-alpha04	prod
:core:ui	transitive	androidx.compose.foundation:foundation-android:1.10.0-alpha04	dev
:core:ui	transitive	androidx.compose.foundation:foundation-android:1.10.0-alpha04	prod
:core:ui	transitive	androidx.compose.foundation:foundation-layout-android:1.10.0-alpha04	dev
:core:ui	transitive	androidx.compose.foundation:foundation-layout-android:1.10.0-alpha04	prod
:core:ui	transitive	androidx.compose.foundation:foundation-layout:1.10.0-alpha04	dev
:core:ui	transitive	androidx.compose.foundation:foundation-layout:1.10.0-alpha04	prod
:core:ui	transitive	androidx.compose.foundation:foundation:1.10.0-alpha04	dev
:core:ui	transitive	androidx.compose.foundation:foundation:1.10.0-alpha04	prod
:core:ui	transitive	androidx.compose.material3.adaptive:adaptive-android:1.2.0-beta03	dev
:core:ui	transitive	androidx.compose.material3.adaptive:adaptive-android:1.2.0-beta03	prod
:core:ui	transitive	androidx.compose.material3.adaptive:adaptive:1.2.0-beta03	dev
:core:ui	transitive	androidx.compose.material3.adaptive:adaptive:1.2.0-beta03	prod
:core:ui	transitive	androidx.compose.material3:material3-adaptive-navigation-suite-android:1.5.0-alpha04	dev
:core:ui	transitive	androidx.compose.material3:material3-adaptive-navigation-suite-android:1.5.0-alpha04	prod
:core:ui	transitive	androidx.compose.material3:material3-adaptive-navigation-suite:1.5.0-alpha04	dev
:core:ui	transitive	androidx.compose.material3:material3-adaptive-navigation-suite:1.5.0-alpha04	prod
:core:ui	transitive	androidx.compose.material3:material3-android:1.5.0-alpha04	dev
:core:ui	transitive	androidx.compose.material3:material3-android:1.5.0-alpha04	prod
:core:ui	transitive	androidx.compose.material3:material3:1.5.0-alpha04	dev
:core:ui	transitive	androidx.compose.material3:material3:1.5.0-alpha04	prod
:core:ui	transitive	androidx.compose.material:material-android:1.10.0-alpha04	dev
:core:ui	transitive	androidx.compose.material:material-android:1.10.0-alpha04	prod
:core:ui	transitive	androidx.compose.material:material-icons-core-android:1.7.8	dev
:core:ui	transitive	androidx.compose.material:material-icons-core-android:1.7.8	prod
:core:ui	transitive	androidx.compose.material:material-icons-core:1.7.8	dev
:core:ui	transitive	androidx.compose.material:material-icons-core:1.7.8	prod
:core:ui	transitive	androidx.compose.material:material-icons-extended-android:1.7.8	dev
:core:ui	transitive	androidx.compose.material:material-icons-extended-android:1.7.8	prod
:core:ui	transitive	androidx.compose.material:material-icons-extended:1.7.8	dev
:core:ui	transitive	androidx.compose.material:material-icons-extended:1.7.8	prod
:core:ui	transitive	androidx.compose.material:material-ripple-android:1.10.0-alpha04	dev
:core:ui	transitive	androidx.compose.material:material-ripple-android:1.10.0-alpha04	prod
:core:ui	transitive	androidx.compose.material:material-ripple:1.10.0-alpha04	dev
:core:ui	transitive	androidx.compose.material:material-ripple:1.10.0-alpha04	prod
:core:ui	transitive	androidx.compose.material:material:1.10.0-alpha04	dev
:core:ui	transitive	androidx.compose.material:material:1.10.0-alpha04	prod
:core:ui	transitive	androidx.compose.runtime:runtime-android:1.10.0-alpha04	dev
:core:ui	transitive	androidx.compose.runtime:runtime-android:1.10.0-alpha04	prod
:core:ui	transitive	androidx.compose.runtime:runtime-annotation-android:1.10.0-alpha04	dev
:core:ui	transitive	androidx.compose.runtime:runtime-annotation-android:1.10.0-alpha04	prod
:core:ui	transitive	androidx.compose.runtime:runtime-annotation:1.10.0-alpha04	dev
:core:ui	transitive	androidx.compose.runtime:runtime-annotation:1.10.0-alpha04	prod
:core:ui	transitive	androidx.compose.runtime:runtime-retain-android:1.10.0-alpha04	dev
:core:ui	transitive	androidx.compose.runtime:runtime-retain-android:1.10.0-alpha04	prod
:core:ui	transitive	androidx.compose.runtime:runtime-retain:1.10.0-alpha04	dev
:core:ui	transitive	androidx.compose.runtime:runtime-retain:1.10.0-alpha04	prod
:core:ui	transitive	androidx.compose.runtime:runtime-saveable-android:1.10.0-alpha04	dev
:core:ui	transitive	androidx.compose.runtime:runtime-saveable-android:1.10.0-alpha04	prod
:core:ui	transitive	androidx.compose.runtime:runtime-saveable:1.10.0-alpha04	dev
:core:ui	transitive	androidx.compose.runtime:runtime-saveable:1.10.0-alpha04	prod
:core:ui	transitive	androidx.compose.runtime:runtime:1.10.0-alpha04	dev
:core:ui	transitive	androidx.compose.runtime:runtime:1.10.0-alpha04	prod
:core:ui	transitive	androidx.compose.ui:ui-android:1.10.0-alpha04	dev
:core:ui	transitive	androidx.compose.ui:ui-android:1.10.0-alpha04	prod
:core:ui	transitive	androidx.compose.ui:ui-geometry-android:1.10.0-alpha04	dev
:core:ui	transitive	androidx.compose.ui:ui-geometry-android:1.10.0-alpha04	prod
:core:ui	transitive	androidx.compose.ui:ui-geometry:1.10.0-alpha04	dev
:core:ui	transitive	androidx.compose.ui:ui-geometry:1.10.0-alpha04	prod
:core:ui	transitive	androidx.compose.ui:ui-graphics-android:1.10.0-alpha04	dev
:core:ui	transitive	androidx.compose.ui:ui-graphics-android:1.10.0-alpha04	prod
:core:ui	transitive	androidx.compose.ui:ui-graphics:1.10.0-alpha04	dev
:core:ui	transitive	androidx.compose.ui:ui-graphics:1.10.0-alpha04	prod
:core:ui	transitive	androidx.compose.ui:ui-test-android:1.10.0-alpha04	dev
:core:ui	transitive	androidx.compose.ui:ui-test-junit4-android:1.10.0-alpha04	dev
:core:ui	transitive	androidx.compose.ui:ui-test:1.10.0-alpha04	dev
:core:ui	transitive	androidx.compose.ui:ui-text-android:1.10.0-alpha04	dev
:core:ui	transitive	androidx.compose.ui:ui-text-android:1.10.0-alpha04	prod
:core:ui	transitive	androidx.compose.ui:ui-text:1.10.0-alpha04	dev
:core:ui	transitive	androidx.compose.ui:ui-text:1.10.0-alpha04	prod
:core:ui	transitive	androidx.compose.ui:ui-tooling-android:1.10.0-alpha04	dev
:core:ui	transitive	androidx.compose.ui:ui-tooling-android:1.10.0-alpha04	prod
:core:ui	transitive	androidx.compose.ui:ui-tooling-data-android:1.10.0-alpha04	dev
:core:ui	transitive	androidx.compose.ui:ui-tooling-data-android:1.10.0-alpha04	prod
:core:ui	transitive	androidx.compose.ui:ui-tooling-data:1.10.0-alpha04	dev
:core:ui	transitive	androidx.compose.ui:ui-tooling-data:1.10.0-alpha04	prod
:core:ui	transitive	androidx.compose.ui:ui-tooling-preview-android:1.10.0-alpha04	dev
:core:ui	transitive	androidx.compose.ui:ui-tooling-preview-android:1.10.0-alpha04	prod
:core:ui	transitive	androidx.compose.ui:ui-tooling-preview:1.10.0-alpha04	dev
:core:ui	transitive	androidx.compose.ui:ui-tooling:1.10.0-alpha04	dev
:core:ui	transitive	androidx.compose.ui:ui-unit-android:1.10.0-alpha04	dev
:core:ui	transitive	androidx.compose.ui:ui-unit-android:1.10.0-alpha04	prod
:core:ui	transitive	androidx.compose.ui:ui-unit:1.10.0-alpha04	dev
:core:ui	transitive	androidx.compose.ui:ui-unit:1.10.0-alpha04	prod
:core:ui	transitive	androidx.compose.ui:ui-util-android:1.10.0-alpha04	dev
:core:ui	transitive	androidx.compose.ui:ui-util-android:1.10.0-alpha04	prod
:core:ui	transitive	androidx.compose.ui:ui-util:1.10.0-alpha04	dev
:core:ui	transitive	androidx.compose.ui:ui-util:1.10.0-alpha04	prod
:core:ui	transitive	androidx.compose.ui:ui:1.10.0-alpha04	dev
:core:ui	transitive	androidx.compose.ui:ui:1.10.0-alpha04	prod
:core:ui	transitive	androidx.compose:compose-bom-alpha:2025.09.01	dev
:core:ui	transitive	androidx.concurrent:concurrent-futures:1.1.0	dev
:core:ui	transitive	androidx.concurrent:concurrent-futures:1.1.0	prod
:core:ui	transitive	androidx.core:core-ktx:1.16.0	dev
:core:ui	transitive	androidx.core:core-ktx:1.16.0	prod
:core:ui	transitive	androidx.core:core-ktx:1.2.0	dev
:core:ui	transitive	androidx.core:core-viewtree:1.0.0	dev
:core:ui	transitive	androidx.core:core-viewtree:1.0.0	prod
:core:ui	transitive	androidx.core:core:1.1.0	dev
:core:ui	transitive	androidx.core:core:1.1.0	prod
:core:ui	transitive	androidx.core:core:1.16.0	dev
:core:ui	transitive	androidx.core:core:1.16.0	prod
:core:ui	transitive	androidx.core:core:1.2.0	dev
:core:ui	transitive	androidx.customview:customview-poolingcontainer:1.0.0	dev
:core:ui	transitive	androidx.customview:customview-poolingcontainer:1.0.0	prod
:core:ui	transitive	androidx.customview:customview:1.0.0	dev
:core:ui	transitive	androidx.customview:customview:1.0.0	prod
:core:ui	transitive	androidx.datastore:datastore-android:1.2.0	dev
:core:ui	transitive	androidx.datastore:datastore-core-android:1.2.0	dev
:core:ui	transitive	androidx.datastore:datastore-core-okio-jvm:1.2.0	dev
:core:ui	transitive	androidx.datastore:datastore-core-okio:1.2.0	dev
:core:ui	transitive	androidx.datastore:datastore-core:1.2.0	dev
:core:ui	transitive	androidx.datastore:datastore:1.2.0	dev
:core:ui	transitive	androidx.documentfile:documentfile:1.0.0	dev
:core:ui	transitive	androidx.documentfile:documentfile:1.0.0	prod
:core:ui	transitive	androidx.dynamicanimation:dynamicanimation:1.0.0	dev
:core:ui	transitive	androidx.dynamicanimation:dynamicanimation:1.0.0	prod
:core:ui	transitive	androidx.emoji2:emoji2:1.4.0	dev
:core:ui	transitive	androidx.emoji2:emoji2:1.4.0	prod
:core:ui	transitive	androidx.exifinterface:exifinterface:1.3.7	dev
:core:ui	transitive	androidx.exifinterface:exifinterface:1.3.7	prod
:core:ui	transitive	androidx.fragment:fragment:1.5.1	dev
:core:ui	transitive	androidx.fragment:fragment:1.5.1	prod
:core:ui	transitive	androidx.graphics:graphics-path:1.0.1	dev
:core:ui	transitive	androidx.graphics:graphics-path:1.0.1	prod
:core:ui	transitive	androidx.graphics:graphics-shapes-android:1.0.1	dev
:core:ui	transitive	androidx.graphics:graphics-shapes-android:1.0.1	prod
:core:ui	transitive	androidx.graphics:graphics-shapes:1.0.1	dev
:core:ui	transitive	androidx.graphics:graphics-shapes:1.0.1	prod
:core:ui	transitive	androidx.interpolator:interpolator:1.0.0	dev
:core:ui	transitive	androidx.interpolator:interpolator:1.0.0	prod
:core:ui	transitive	androidx.legacy:legacy-support-core-utils:1.0.0	dev
:core:ui	transitive	androidx.legacy:legacy-support-core-utils:1.0.0	prod
:core:ui	transitive	androidx.lifecycle:lifecycle-common-java8:2.9.4	dev
:core:ui	transitive	androidx.lifecycle:lifecycle-common-java8:2.9.4	prod
:core:ui	transitive	androidx.lifecycle:lifecycle-common-jvm:2.8.7	dev
:core:ui	transitive	androidx.lifecycle:lifecycle-common-jvm:2.8.7	prod
:core:ui	transitive	androidx.lifecycle:lifecycle-common-jvm:2.9.4	dev
:core:ui	transitive	androidx.lifecycle:lifecycle-common-jvm:2.9.4	prod
:core:ui	transitive	androidx.lifecycle:lifecycle-common:2.8.7	dev
:core:ui	transitive	androidx.lifecycle:lifecycle-common:2.8.7	prod
:core:ui	transitive	androidx.lifecycle:lifecycle-common:2.9.4	dev
:core:ui	transitive	androidx.lifecycle:lifecycle-common:2.9.4	prod
:core:ui	transitive	androidx.lifecycle:lifecycle-livedata-core-ktx:2.9.4	dev
:core:ui	transitive	androidx.lifecycle:lifecycle-livedata-core-ktx:2.9.4	prod
:core:ui	transitive	androidx.lifecycle:lifecycle-livedata-core:2.8.7	dev
:core:ui	transitive	androidx.lifecycle:lifecycle-livedata-core:2.9.4	dev
:core:ui	transitive	androidx.lifecycle:lifecycle-livedata-core:2.9.4	prod
:core:ui	transitive	androidx.lifecycle:lifecycle-livedata:2.9.4	dev
:core:ui	transitive	androidx.lifecycle:lifecycle-livedata:2.9.4	prod
:core:ui	transitive	androidx.lifecycle:lifecycle-process:2.9.4	dev
:core:ui	transitive	androidx.lifecycle:lifecycle-process:2.9.4	prod
:core:ui	transitive	androidx.lifecycle:lifecycle-runtime-android:2.8.7	dev
:core:ui	transitive	androidx.lifecycle:lifecycle-runtime-android:2.8.7	prod
:core:ui	transitive	androidx.lifecycle:lifecycle-runtime-android:2.9.4	dev
:core:ui	transitive	androidx.lifecycle:lifecycle-runtime-android:2.9.4	prod
:core:ui	transitive	androidx.lifecycle:lifecycle-runtime-compose-android:2.8.7	dev
:core:ui	transitive	androidx.lifecycle:lifecycle-runtime-compose-android:2.8.7	prod
:core:ui	transitive	androidx.lifecycle:lifecycle-runtime-compose-android:2.9.4	dev
:core:ui	transitive	androidx.lifecycle:lifecycle-runtime-compose-android:2.9.4	prod
:core:ui	transitive	androidx.lifecycle:lifecycle-runtime-compose:2.8.7	dev
:core:ui	transitive	androidx.lifecycle:lifecycle-runtime-compose:2.8.7	prod
:core:ui	transitive	androidx.lifecycle:lifecycle-runtime-compose:2.9.4	dev
:core:ui	transitive	androidx.lifecycle:lifecycle-runtime-compose:2.9.4	prod
:core:ui	transitive	androidx.lifecycle:lifecycle-runtime-ktx-android:2.8.7	dev
:core:ui	transitive	androidx.lifecycle:lifecycle-runtime-ktx-android:2.8.7	prod
:core:ui	transitive	androidx.lifecycle:lifecycle-runtime-ktx-android:2.9.4	dev
:core:ui	transitive	androidx.lifecycle:lifecycle-runtime-ktx-android:2.9.4	prod
:core:ui	transitive	androidx.lifecycle:lifecycle-runtime-ktx:2.8.7	dev
:core:ui	transitive	androidx.lifecycle:lifecycle-runtime-ktx:2.8.7	prod
:core:ui	transitive	androidx.lifecycle:lifecycle-runtime-ktx:2.9.4	dev
:core:ui	transitive	androidx.lifecycle:lifecycle-runtime-ktx:2.9.4	prod
:core:ui	transitive	androidx.lifecycle:lifecycle-runtime:2.8.7	dev
:core:ui	transitive	androidx.lifecycle:lifecycle-runtime:2.8.7	prod
:core:ui	transitive	androidx.lifecycle:lifecycle-runtime:2.9.4	dev
:core:ui	transitive	androidx.lifecycle:lifecycle-runtime:2.9.4	prod
:core:ui	transitive	androidx.lifecycle:lifecycle-viewmodel-android:2.8.7	dev
:core:ui	transitive	androidx.lifecycle:lifecycle-viewmodel-android:2.9.4	dev
:core:ui	transitive	androidx.lifecycle:lifecycle-viewmodel-android:2.9.4	prod
:core:ui	transitive	androidx.lifecycle:lifecycle-viewmodel-ktx:2.9.4	dev
:core:ui	transitive	androidx.lifecycle:lifecycle-viewmodel-ktx:2.9.4	prod
:core:ui	transitive	androidx.lifecycle:lifecycle-viewmodel-savedstate-android:2.9.4	dev
:core:ui	transitive	androidx.lifecycle:lifecycle-viewmodel-savedstate-android:2.9.4	prod
:core:ui	transitive	androidx.lifecycle:lifecycle-viewmodel-savedstate:2.8.7	dev
:core:ui	transitive	androidx.lifecycle:lifecycle-viewmodel-savedstate:2.9.4	dev
:core:ui	transitive	androidx.lifecycle:lifecycle-viewmodel-savedstate:2.9.4	prod
:core:ui	transitive	androidx.lifecycle:lifecycle-viewmodel:2.8.7	dev
:core:ui	transitive	androidx.lifecycle:lifecycle-viewmodel:2.9.4	dev
:core:ui	transitive	androidx.lifecycle:lifecycle-viewmodel:2.9.4	prod
:core:ui	transitive	androidx.loader:loader:1.0.0	dev
:core:ui	transitive	androidx.loader:loader:1.0.0	prod
:core:ui	transitive	androidx.localbroadcastmanager:localbroadcastmanager:1.0.0	dev
:core:ui	transitive	androidx.localbroadcastmanager:localbroadcastmanager:1.0.0	prod
:core:ui	transitive	androidx.metrics:metrics-performance:1.0.0-beta01	dev
:core:ui	transitive	androidx.multidex:multidex:2.0.1	dev
:core:ui	transitive	androidx.print:print:1.0.0	dev
:core:ui	transitive	androidx.print:print:1.0.0	prod
:core:ui	transitive	androidx.privacysandbox.ads:ads-adservices-java:1.0.0-beta05	dev
:core:ui	transitive	androidx.privacysandbox.ads:ads-adservices-java:1.0.0-beta05	prod
:core:ui	transitive	androidx.privacysandbox.ads:ads-adservices:1.0.0-beta05	dev
:core:ui	transitive	androidx.privacysandbox.ads:ads-adservices:1.0.0-beta05	prod
:core:ui	transitive	androidx.profileinstaller:profileinstaller:1.4.0	dev
:core:ui	transitive	androidx.profileinstaller:profileinstaller:1.4.0	prod
:core:ui	transitive	androidx.room:room-common-jvm:2.8.3	dev
:core:ui	transitive	androidx.room:room-common:2.8.3	dev
:core:ui	transitive	androidx.room:room-ktx:2.8.3	dev
:core:ui	transitive	androidx.room:room-runtime-android:2.8.3	dev
:core:ui	transitive	androidx.room:room-runtime:2.8.3	dev
:core:ui	transitive	androidx.savedstate:savedstate-android:1.3.2	dev
:core:ui	transitive	androidx.savedstate:savedstate-android:1.3.2	prod
:core:ui	transitive	androidx.savedstate:savedstate-compose-android:1.3.2	dev
:core:ui	transitive	androidx.savedstate:savedstate-compose-android:1.3.2	prod
:core:ui	transitive	androidx.savedstate:savedstate-compose:1.3.2	dev
:core:ui	transitive	androidx.savedstate:savedstate-compose:1.3.2	prod
:core:ui	transitive	androidx.savedstate:savedstate-ktx:1.3.2	dev
:core:ui	transitive	androidx.savedstate:savedstate-ktx:1.3.2	prod
:core:ui	transitive	androidx.savedstate:savedstate:1.3.2	dev
:core:ui	transitive	androidx.savedstate:savedstate:1.3.2	prod
:core:ui	transitive	androidx.sqlite:sqlite-android:2.6.1	dev
:core:ui	transitive	androidx.sqlite:sqlite-framework-android:2.6.1	dev
:core:ui	transitive	androidx.sqlite:sqlite-framework:2.6.1	dev
:core:ui	transitive	androidx.sqlite:sqlite:2.6.1	dev
:core:ui	transitive	androidx.startup:startup-runtime:1.1.1	dev
:core:ui	transitive	androidx.startup:startup-runtime:1.1.1	prod
:core:ui	transitive	androidx.test.espresso:espresso-core:3.5.0	dev
:core:ui	transitive	androidx.test.espresso:espresso-idling-resource:3.5.0	dev
:core:ui	transitive	androidx.test.ext:junit:1.1.5	dev
:core:ui	transitive	androidx.test.services:storage:1.4.2	dev
:core:ui	transitive	androidx.test.services:storage:1.6.0-rc01	dev
:core:ui	transitive	androidx.test:annotation:1.0.1	dev
:core:ui	transitive	androidx.test:core:1.5.0	dev
:core:ui	transitive	androidx.test:monitor:1.6.1	dev
:core:ui	transitive	androidx.test:monitor:1.8.0-rc01	dev
:core:ui	transitive	androidx.test:rules:1.7.0-rc01	dev
:core:ui	transitive	androidx.test:runner:1.7.0-rc01	dev
:core:ui	transitive	androidx.tracing:tracing-ktx:1.3.0-alpha02	dev
:core:ui	transitive	androidx.tracing:tracing:1.3.0-alpha02	dev
:core:ui	transitive	androidx.tracing:tracing:1.3.0-alpha02	prod
:core:ui	transitive	androidx.transition:transition:1.6.0	dev
:core:ui	transitive	androidx.transition:transition:1.6.0	prod
:core:ui	transitive	androidx.vectordrawable:vectordrawable-animated:1.1.0	dev
:core:ui	transitive	androidx.vectordrawable:vectordrawable-animated:1.1.0	prod
:core:ui	transitive	androidx.vectordrawable:vectordrawable:1.1.0	dev
:core:ui	transitive	androidx.vectordrawable:vectordrawable:1.1.0	prod
:core:ui	transitive	androidx.versionedparcelable:versionedparcelable:1.1.0	dev
:core:ui	transitive	androidx.versionedparcelable:versionedparcelable:1.1.0	prod
:core:ui	transitive	androidx.versionedparcelable:versionedparcelable:1.1.1	dev
:core:ui	transitive	androidx.versionedparcelable:versionedparcelable:1.1.1	prod
:core:ui	transitive	androidx.viewpager:viewpager:1.0.0	dev
:core:ui	transitive	androidx.viewpager:viewpager:1.0.0	prod
:core:ui	transitive	androidx.window:window-core-android:1.4.0	dev
:core:ui	transitive	androidx.window:window-core-android:1.4.0	prod
:core:ui	transitive	androidx.window:window-core:1.4.0	dev
:core:ui	transitive	androidx.window:window-core:1.4.0	prod
:core:ui	transitive	androidx.window:window:1.4.0	dev
:core:ui	transitive	androidx.window:window:1.4.0	prod
:core:ui	transitive	com.caverock:androidsvg-aar:1.4	dev
:core:ui	transitive	com.google.accompanist:accompanist-drawablepainter:0.32.0	dev
:core:ui	transitive	com.google.accompanist:accompanist-drawablepainter:0.32.0	prod
:core:ui	transitive	com.google.android.gms:play-services-ads-identifier:18.0.0	dev
:core:ui	transitive	com.google.android.gms:play-services-ads-identifier:18.0.0	prod
:core:ui	transitive	com.google.android.gms:play-services-base:18.5.0	dev
:core:ui	transitive	com.google.android.gms:play-services-base:18.5.0	prod
:core:ui	transitive	com.google.android.gms:play-services-basement:18.4.0	dev
:core:ui	transitive	com.google.android.gms:play-services-basement:18.4.0	prod
:core:ui	transitive	com.google.android.gms:play-services-measurement-api:22.1.2	dev
:core:ui	transitive	com.google.android.gms:play-services-measurement-api:22.1.2	prod
:core:ui	transitive	com.google.android.gms:play-services-measurement-base:22.1.2	dev
:core:ui	transitive	com.google.android.gms:play-services-measurement-base:22.1.2	prod
:core:ui	transitive	com.google.android.gms:play-services-measurement-impl:22.1.2	dev
:core:ui	transitive	com.google.android.gms:play-services-measurement-impl:22.1.2	prod
:core:ui	transitive	com.google.android.gms:play-services-measurement-sdk-api:22.1.2	dev
:core:ui	transitive	com.google.android.gms:play-services-measurement-sdk-api:22.1.2	prod
:core:ui	transitive	com.google.android.gms:play-services-measurement-sdk:22.1.2	dev
:core:ui	transitive	com.google.android.gms:play-services-measurement-sdk:22.1.2	prod
:core:ui	transitive	com.google.android.gms:play-services-measurement:22.1.2	dev
:core:ui	transitive	com.google.android.gms:play-services-measurement:22.1.2	prod
:core:ui	transitive	com.google.android.gms:play-services-stats:17.0.2	dev
:core:ui	transitive	com.google.android.gms:play-services-stats:17.0.2	prod
:core:ui	transitive	com.google.android.gms:play-services-tasks:18.2.0	dev
:core:ui	transitive	com.google.android.gms:play-services-tasks:18.2.0	prod
:core:ui	transitive	com.google.code.findbugs:jsr305:2.0.2	dev
:core:ui	transitive	com.google.code.findbugs:jsr305:3.0.2	dev
:core:ui	transitive	com.google.code.findbugs:jsr305:3.0.2	prod
:core:ui	transitive	com.google.dagger:dagger-lint-aar:2.59	dev
:core:ui	transitive	com.google.dagger:dagger-lint-aar:2.59	prod
:core:ui	transitive	com.google.dagger:dagger:2.59	dev
:core:ui	transitive	com.google.dagger:dagger:2.59	prod
:core:ui	transitive	com.google.dagger:hilt-android-testing:2.59	dev
:core:ui	transitive	com.google.dagger:hilt-android:2.59	dev
:core:ui	transitive	com.google.dagger:hilt-android:2.59	prod
:core:ui	transitive	com.google.dagger:hilt-core:2.59	dev
:core:ui	transitive	com.google.dagger:hilt-core:2.59	prod
:core:ui	transitive	com.google.errorprone:error_prone_annotations:2.26.0	dev
:core:ui	transitive	com.google.errorprone:error_prone_annotations:2.26.0	prod
:core:ui	transitive	com.google.firebase:firebase-analytics:22.1.2	dev
:core:ui	transitive	com.google.firebase:firebase-analytics:22.1.2	prod
:core:ui	transitive	com.google.firebase:firebase-annotations:16.2.0	dev
:core:ui	transitive	com.google.firebase:firebase-annotations:16.2.0	prod
:core:ui	transitive	com.google.firebase:firebase-bom:33.7.0	dev
:core:ui	transitive	com.google.firebase:firebase-bom:33.7.0	prod
:core:ui	transitive	com.google.firebase:firebase-common-ktx:21.0.0	dev
:core:ui	transitive	com.google.firebase:firebase-common-ktx:21.0.0	prod
:core:ui	transitive	com.google.firebase:firebase-common:21.0.0	dev
:core:ui	transitive	com.google.firebase:firebase-common:21.0.0	prod
:core:ui	transitive	com.google.firebase:firebase-components:18.0.0	dev
:core:ui	transitive	com.google.firebase:firebase-components:18.0.0	prod
:core:ui	transitive	com.google.firebase:firebase-installations-interop:17.1.1	dev
:core:ui	transitive	com.google.firebase:firebase-installations-interop:17.1.1	prod
:core:ui	transitive	com.google.firebase:firebase-installations:18.0.0	dev
:core:ui	transitive	com.google.firebase:firebase-installations:18.0.0	prod
:core:ui	transitive	com.google.firebase:firebase-measurement-connector:19.0.0	dev
:core:ui	transitive	com.google.firebase:firebase-measurement-connector:19.0.0	prod
:core:ui	transitive	com.google.guava:failureaccess:1.0.1	dev
:core:ui	transitive	com.google.guava:failureaccess:1.0.1	prod
:core:ui	transitive	com.google.guava:guava:31.1-android	dev
:core:ui	transitive	com.google.guava:guava:31.1-android	prod
:core:ui	transitive	com.google.guava:listenablefuture:1.0	dev
:core:ui	transitive	com.google.guava:listenablefuture:1.0	prod
:core:ui	transitive	com.google.guava:listenablefuture:9999.0-empty-to-avoid-conflict-with-guava	dev
:core:ui	transitive	com.google.guava:listenablefuture:9999.0-empty-to-avoid-conflict-with-guava	prod
:core:ui	transitive	com.google.j2objc:j2objc-annotations:1.3	dev
:core:ui	transitive	com.google.j2objc:j2objc-annotations:1.3	prod
:core:ui	transitive	com.google.protobuf:protobuf-javalite:4.29.2	dev
:core:ui	transitive	com.google.protobuf:protobuf-kotlin-lite:4.29.2	dev
:core:ui	transitive	com.squareup.okhttp3:logging-interceptor:4.12.0	dev
:core:ui	transitive	com.squareup.okhttp3:okhttp:4.12.0	dev
:core:ui	transitive	com.squareup.okhttp3:okhttp:4.12.0	prod
:core:ui	transitive	com.squareup.okio:okio-jvm:3.9.0	dev
:core:ui	transitive	com.squareup.okio:okio-jvm:3.9.0	prod
:core:ui	transitive	com.squareup.okio:okio-jvm:3.9.1	dev
:core:ui	transitive	com.squareup.okio:okio:3.9.0	dev
:core:ui	transitive	com.squareup.okio:okio:3.9.0	prod
:core:ui	transitive	com.squareup.okio:okio:3.9.1	dev
:core:ui	transitive	com.squareup.retrofit2:converter-kotlinx-serialization:2.11.0	dev
:core:ui	transitive	com.squareup.retrofit2:retrofit:2.11.0	dev
:core:ui	transitive	com.squareup:javawriter:2.1.1	dev
:core:ui	transitive	io.coil-kt:coil-base:2.7.0	dev
:core:ui	transitive	io.coil-kt:coil-base:2.7.0	prod
:core:ui	transitive	io.coil-kt:coil-compose-base:2.7.0	dev
:core:ui	transitive	io.coil-kt:coil-compose-base:2.7.0	prod
:core:ui	transitive	io.coil-kt:coil-compose:2.7.0	dev
:core:ui	transitive	io.coil-kt:coil-svg:2.7.0	dev
:core:ui	transitive	io.coil-kt:coil:2.7.0	dev
:core:ui	transitive	jakarta.inject:jakarta.inject-api:2.0.1	dev
:core:ui	transitive	jakarta.inject:jakarta.inject-api:2.0.1	prod
:core:ui	transitive	javax.inject:javax.inject:1	dev
:core:ui	transitive	javax.inject:javax.inject:1	prod
:core:ui	transitive	junit:junit:4.13.2	dev
:core:ui	transitive	org.checkerframework:checker-qual:3.12.0	dev
:core:ui	transitive	org.checkerframework:checker-qual:3.12.0	prod
:core:ui	transitive	org.hamcrest:hamcrest-core:1.3	dev
:core:ui	transitive	org.hamcrest:hamcrest-integration:1.3	dev
:core:ui	transitive	org.hamcrest:hamcrest-library:1.3	dev
:core:ui	transitive	org.jetbrains.kotlin:kotlin-stdlib-common:2.3.0	dev
:core:ui	transitive	org.jetbrains.kotlin:kotlin-stdlib-common:2.3.0	prod
:core:ui	transitive	org.jetbrains.kotlin:kotlin-stdlib-jdk7:1.8.21	dev
:core:ui	transitive	org.jetbrains.kotlin:kotlin-stdlib-jdk7:1.8.21	prod
:core:ui	transitive	org.jetbrains.kotlin:kotlin-stdlib-jdk7:1.9.0	dev
:core:ui	transitive	org.jetbrains.kotlin:kotlin-stdlib-jdk7:1.9.0	prod
:core:ui	transitive	org.jetbrains.kotlin:kotlin-stdlib-jdk8:1.8.21	dev
:core:ui	transitive	org.jetbrains.kotlin:kotlin-stdlib-jdk8:1.8.21	prod
:core:ui	transitive	org.jetbrains.kotlin:kotlin-stdlib-jdk8:1.9.0	dev
:core:ui	transitive	org.jetbrains.kotlin:kotlin-stdlib-jdk8:1.9.0	prod
:core:ui	transitive	org.jetbrains.kotlin:kotlin-stdlib:2.3.0	dev
:core:ui	transitive	org.jetbrains.kotlinx:kotlinx-coroutines-android:1.10.1	dev
:core:ui	transitive	org.jetbrains.kotlinx:kotlinx-coroutines-android:1.9.0	dev
:core:ui	transitive	org.jetbrains.kotlinx:kotlinx-coroutines-android:1.9.0	prod
:core:ui	transitive	org.jetbrains.kotlinx:kotlinx-coroutines-bom:1.10.1	dev
:core:ui	transitive	org.jetbrains.kotlinx:kotlinx-coroutines-bom:1.9.0	dev
:core:ui	transitive	org.jetbrains.kotlinx:kotlinx-coroutines-bom:1.9.0	prod
:core:ui	transitive	org.jetbrains.kotlinx:kotlinx-coroutines-core-jvm:1.10.1	dev
:core:ui	transitive	org.jetbrains.kotlinx:kotlinx-coroutines-core-jvm:1.9.0	dev
:core:ui	transitive	org.jetbrains.kotlinx:kotlinx-coroutines-core-jvm:1.9.0	prod
:core:ui	transitive	org.jetbrains.kotlinx:kotlinx-coroutines-core:1.10.1	dev
:core:ui	transitive	org.jetbrains.kotlinx:kotlinx-coroutines-core:1.9.0	dev
:core:ui	transitive	org.jetbrains.kotlinx:kotlinx-coroutines-core:1.9.0	prod
:core:ui	transitive	org.jetbrains.kotlinx:kotlinx-coroutines-play-services:1.10.1	dev
:core:ui	transitive	org.jetbrains.kotlinx:kotlinx-coroutines-play-services:1.9.0	dev
:core:ui	transitive	org.jetbrains.kotlinx:kotlinx-coroutines-play-services:1.9.0	prod
:core:ui	transitive	org.jetbrains.kotlinx:kotlinx-coroutines-test-jvm:1.10.1	dev
:core:ui	transitive	org.jetbrains.kotlinx:kotlinx-coroutines-test:1.10.1	dev
:core:ui	transitive	org.jetbrains.kotlinx:kotlinx-datetime-jvm:0.6.1	dev
:core:ui	transitive	org.jetbrains.kotlinx:kotlinx-datetime-jvm:0.6.1	prod
:core:ui	transitive	org.jetbrains.kotlinx:kotlinx-datetime:0.6.1	dev
:core:ui	transitive	org.jetbrains.kotlinx:kotlinx-datetime:0.6.1	prod
:core:ui	transitive	org.jetbrains.kotlinx:kotlinx-serialization-bom:1.7.3	dev
:core:ui	transitive	org.jetbrains.kotlinx:kotlinx-serialization-bom:1.7.3	prod
:core:ui	transitive	org.jetbrains.kotlinx:kotlinx-serialization-bom:1.8.0	dev
:core:ui	transitive	org.jetbrains.kotlinx:kotlinx-serialization-core-jvm:1.7.3	dev
:core:ui	transitive	org.jetbrains.kotlinx:kotlinx-serialization-core-jvm:1.7.3	prod
:core:ui	transitive	org.jetbrains.kotlinx:kotlinx-serialization-core-jvm:1.8.0	dev
:core:ui	transitive	org.jetbrains.kotlinx:kotlinx-serialization-core:1.7.3	dev
:core:ui	transitive	org.jetbrains.kotlinx:kotlinx-serialization-core:1.7.3	prod
:core:ui	transitive	org.jetbrains.kotlinx:kotlinx-serialization-core:1.8.0	dev
:core:ui	transitive	org.jetbrains.kotlinx:kotlinx-serialization-json-jvm:1.8.0	dev
:core:ui	transitive	org.jetbrains.kotlinx:kotlinx-serialization-json:1.8.0	dev
:core:ui	transitive	org.jetbrains:annotations:23.0.0	dev
:core:ui	transitive	org.jetbrains:annotations:23.0.0	prod
:core:ui	transitive	org.jspecify:jspecify:1.0.0	dev
:core:ui	transitive	org.jspecify:jspecify:1.0.0	prod
:sync:sync-test	direct	androidx.tracing:tracing-ktx:1.3.0-alpha02	dev
:sync:sync-test	direct	androidx.tracing:tracing-ktx:1.3.0-alpha02	prod
:sync:sync-test	direct	com.google.dagger:hilt-android-testing:2.59	dev
:sync:sync-test	direct	com.google.dagger:hilt-android-testing:2.59	prod
:sync:sync-test	direct	com.google.dagger:hilt-android:2.59	dev
:sync:sync-test	direct	com.google.dagger:hilt-android:2.59	prod
:sync:sync-test	direct	junit:junit:4.13.2	dev
:sync:sync-test	direct	org.jetbrains.kotlin:kotlin-stdlib:2.3.0	dev
:sync:sync-test	direct	org.jetbrains.kotlin:kotlin-stdlib:2.3.0	prod
:sync:sync-test	direct	org.jetbrains.kotlin:kotlin-test:2.3.0	dev
:sync:sync-test	transitive	androidx.activity:activity-compose:1.7.0	dev
:sync:sync-test	transitive	androidx.activity:activity-compose:1.7.0	prod
:sync:sync-test	transitive	androidx.activity:activity-ktx:1.7.0	dev
:sync:sync-test	transitive	androidx.activity:activity-ktx:1.7.0	prod
:sync:sync-test	transitive	androidx.activity:activity:1.5.1	dev
:sync:sync-test	transitive	androidx.activity:activity:1.5.1	prod
:sync:sync-test	transitive	androidx.activity:activity:1.7.0	dev
:sync:sync-test	transitive	androidx.activity:activity:1.7.0	prod
:sync:sync-test	transitive	androidx.annotation:annotation-experimental:1.3.1	dev
:sync:sync-test	transitive	androidx.annotation:annotation-experimental:1.3.1	prod
:sync:sync-test	transitive	androidx.annotation:annotation-experimental:1.5.0	dev
:sync:sync-test	transitive	androidx.annotation:annotation-experimental:1.5.0	prod
:sync:sync-test	transitive	androidx.annotation:annotation-jvm:1.9.1	dev
:sync:sync-test	transitive	androidx.annotation:annotation-jvm:1.9.1	prod
:sync:sync-test	transitive	androidx.annotation:annotation:1.9.1	dev
:sync:sync-test	transitive	androidx.annotation:annotation:1.9.1	prod
:sync:sync-test	transitive	androidx.appcompat:appcompat-resources:1.6.1	dev
:sync:sync-test	transitive	androidx.appcompat:appcompat-resources:1.6.1	prod
:sync:sync-test	transitive	androidx.arch.core:core-common:2.1.0	dev
:sync:sync-test	transitive	androidx.arch.core:core-common:2.1.0	prod
:sync:sync-test	transitive	androidx.arch.core:core-common:2.2.0	dev
:sync:sync-test	transitive	androidx.arch.core:core-common:2.2.0	prod
:sync:sync-test	transitive	androidx.arch.core:core-runtime:2.0.0	dev
:sync:sync-test	transitive	androidx.arch.core:core-runtime:2.0.0	prod
:sync:sync-test	transitive	androidx.arch.core:core-runtime:2.2.0	dev
:sync:sync-test	transitive	androidx.arch.core:core-runtime:2.2.0	prod
:sync:sync-test	transitive	androidx.autofill:autofill:1.0.0	dev
:sync:sync-test	transitive	androidx.autofill:autofill:1.0.0	prod
:sync:sync-test	transitive	androidx.collection:collection-jvm:1.5.0	dev
:sync:sync-test	transitive	androidx.collection:collection-jvm:1.5.0	prod
:sync:sync-test	transitive	androidx.collection:collection-ktx:1.5.0	dev
:sync:sync-test	transitive	androidx.collection:collection-ktx:1.5.0	prod
:sync:sync-test	transitive	androidx.collection:collection:1.1.0	dev
:sync:sync-test	transitive	androidx.collection:collection:1.1.0	prod
:sync:sync-test	transitive	androidx.collection:collection:1.5.0	dev
:sync:sync-test	transitive	androidx.collection:collection:1.5.0	prod
:sync:sync-test	transitive	androidx.compose.animation:animation-android:1.10.0-alpha04	dev
:sync:sync-test	transitive	androidx.compose.animation:animation-android:1.10.0-alpha04	prod
:sync:sync-test	transitive	androidx.compose.animation:animation-core-android:1.10.0-alpha04	dev
:sync:sync-test	transitive	androidx.compose.animation:animation-core-android:1.10.0-alpha04	prod
:sync:sync-test	transitive	androidx.compose.animation:animation-core:1.10.0-alpha04	dev
:sync:sync-test	transitive	androidx.compose.animation:animation-core:1.10.0-alpha04	prod
:sync:sync-test	transitive	androidx.compose.animation:animation:1.10.0-alpha04	dev
:sync:sync-test	transitive	androidx.compose.animation:animation:1.10.0-alpha04	prod
:sync:sync-test	transitive	androidx.compose.foundation:foundation-android:1.10.0-alpha04	dev
:sync:sync-test	transitive	androidx.compose.foundation:foundation-android:1.10.0-alpha04	prod
:sync:sync-test	transitive	androidx.compose.foundation:foundation-layout-android:1.10.0-alpha04	dev
:sync:sync-test	transitive	androidx.compose.foundation:foundation-layout-android:1.10.0-alpha04	prod
:sync:sync-test	transitive	androidx.compose.foundation:foundation-layout:1.10.0-alpha04	dev
:sync:sync-test	transitive	androidx.compose.foundation:foundation-layout:1.10.0-alpha04	prod
:sync:sync-test	transitive	androidx.compose.foundation:foundation:1.10.0-alpha04	dev
:sync:sync-test	transitive	androidx.compose.foundation:foundation:1.10.0-alpha04	prod
:sync:sync-test	transitive	androidx.compose.material:material-android:1.10.0-alpha04	dev
:sync:sync-test	transitive	androidx.compose.material:material-android:1.10.0-alpha04	prod
:sync:sync-test	transitive	androidx.compose.material:material-ripple-android:1.10.0-alpha04	dev
:sync:sync-test	transitive	androidx.compose.material:material-ripple-android:1.10.0-alpha04	prod
:sync:sync-test	transitive	androidx.compose.material:material-ripple:1.10.0-alpha04	dev
:sync:sync-test	transitive	androidx.compose.material:material-ripple:1.10.0-alpha04	prod
:sync:sync-test	transitive	androidx.compose.material:material:1.10.0-alpha04	dev
:sync:sync-test	transitive	androidx.compose.material:material:1.10.0-alpha04	prod
:sync:sync-test	transitive	androidx.compose.runtime:runtime-android:1.10.0-alpha04	dev
:sync:sync-test	transitive	androidx.compose.runtime:runtime-android:1.10.0-alpha04	prod
:sync:sync-test	transitive	androidx.compose.runtime:runtime-annotation-android:1.10.0-alpha04	dev
:sync:sync-test	transitive	androidx.compose.runtime:runtime-annotation-android:1.10.0-alpha04	prod
:sync:sync-test	transitive	androidx.compose.runtime:runtime-annotation:1.10.0-alpha04	dev
:sync:sync-test	transitive	androidx.compose.runtime:runtime-annotation:1.10.0-alpha04	prod
:sync:sync-test	transitive	androidx.compose.runtime:runtime-retain-android:1.10.0-alpha04	dev
:sync:sync-test	transitive	androidx.compose.runtime:runtime-retain-android:1.10.0-alpha04	prod
:sync:sync-test	transitive	androidx.compose.runtime:runtime-retain:1.10.0-alpha04	dev
:sync:sync-test	transitive	androidx.compose.runtime:runtime-retain:1.10.0-alpha04	prod
:sync:sync-test	transitive	androidx.compose.runtime:runtime-saveable-android:1.10.0-alpha04	dev
:sync:sync-test	transitive	androidx.compose.runtime:runtime-saveable-android:1.10.0-alpha04	prod
:sync:sync-test	transitive	androidx.compose.runtime:runtime-saveable:1.10.0-alpha04	dev
:sync:sync-test	transitive	androidx.compose.runtime:runtime-saveable:1.10.0-alpha04	prod
:sync:sync-test	transitive	androidx.compose.runtime:runtime:1.10.0-alpha04	dev
:sync:sync-test	transitive	androidx.compose.runtime:runtime:1.10.0-alpha04	prod
:sync:sync-test	transitive	androidx.compose.ui:ui-android:1.10.0-alpha04	dev
:sync:sync-test	transitive	androidx.compose.ui:ui-android:1.10.0-alpha04	prod
:sync:sync-test	transitive	androidx.compose.ui:ui-geometry-android:1.10.0-alpha04	dev
:sync:sync-test	transitive	androidx.compose.ui:ui-geometry-android:1.10.0-alpha04	prod
:sync:sync-test	transitive	androidx.compose.ui:ui-geometry:1.10.0-alpha04	dev
:sync:sync-test	transitive	androidx.compose.ui:ui-geometry:1.10.0-alpha04	prod
:sync:sync-test	transitive	androidx.compose.ui:ui-graphics-android:1.10.0-alpha04	dev
:sync:sync-test	transitive	androidx.compose.ui:ui-graphics-android:1.10.0-alpha04	prod
:sync:sync-test	transitive	androidx.compose.ui:ui-graphics:1.10.0-alpha04	dev
:sync:sync-test	transitive	androidx.compose.ui:ui-graphics:1.10.0-alpha04	prod
:sync:sync-test	transitive	androidx.compose.ui:ui-text-android:1.10.0-alpha04	dev
:sync:sync-test	transitive	androidx.compose.ui:ui-text-android:1.10.0-alpha04	prod
:sync:sync-test	transitive	androidx.compose.ui:ui-text:1.10.0-alpha04	dev
:sync:sync-test	transitive	androidx.compose.ui:ui-text:1.10.0-alpha04	prod
:sync:sync-test	transitive	androidx.compose.ui:ui-tooling-android:1.10.0-alpha04	dev
:sync:sync-test	transitive	androidx.compose.ui:ui-tooling-android:1.10.0-alpha04	prod
:sync:sync-test	transitive	androidx.compose.ui:ui-tooling-data-android:1.10.0-alpha04	dev
:sync:sync-test	transitive	androidx.compose.ui:ui-tooling-data-android:1.10.0-alpha04	prod
:sync:sync-test	transitive	androidx.compose.ui:ui-tooling-data:1.10.0-alpha04	dev
:sync:sync-test	transitive	androidx.compose.ui:ui-tooling-data:1.10.0-alpha04	prod
:sync:sync-test	transitive	androidx.compose.ui:ui-tooling-preview-android:1.10.0-alpha04	dev
:sync:sync-test	transitive	androidx.compose.ui:ui-tooling-preview-android:1.10.0-alpha04	prod
:sync:sync-test	transitive	androidx.compose.ui:ui-tooling-preview:1.10.0-alpha04	dev
:sync:sync-test	transitive	androidx.compose.ui:ui-tooling-preview:1.10.0-alpha04	prod
:sync:sync-test	transitive	androidx.compose.ui:ui-tooling:1.10.0-alpha04	dev
:sync:sync-test	transitive	androidx.compose.ui:ui-tooling:1.10.0-alpha04	prod
:sync:sync-test	transitive	androidx.compose.ui:ui-unit-android:1.10.0-alpha04	dev
:sync:sync-test	transitive	androidx.compose.ui:ui-unit-android:1.10.0-alpha04	prod
:sync:sync-test	transitive	androidx.compose.ui:ui-unit:1.10.0-alpha04	dev
:sync:sync-test	transitive	androidx.compose.ui:ui-unit:1.10.0-alpha04	prod
:sync:sync-test	transitive	androidx.compose.ui:ui-util-android:1.10.0-alpha04	dev
:sync:sync-test	transitive	androidx.compose.ui:ui-util-android:1.10.0-alpha04	prod
:sync:sync-test	transitive	androidx.compose.ui:ui-util:1.10.0-alpha04	dev
:sync:sync-test	transitive	androidx.compose.ui:ui-util:1.10.0-alpha04	prod
:sync:sync-test	transitive	androidx.compose.ui:ui:1.10.0-alpha04	dev
:sync:sync-test	transitive	androidx.compose.ui:ui:1.10.0-alpha04	prod
:sync:sync-test	transitive	androidx.compose:compose-bom-alpha:2025.09.01	dev
:sync:sync-test	transitive	androidx.compose:compose-bom-alpha:2025.09.01	prod
:sync:sync-test	transitive	androidx.concurrent:concurrent-futures-ktx:1.1.0	dev
:sync:sync-test	transitive	androidx.concurrent:concurrent-futures-ktx:1.1.0	prod
:sync:sync-test	transitive	androidx.concurrent:concurrent-futures:1.1.0	dev
:sync:sync-test	transitive	androidx.concurrent:concurrent-futures:1.1.0	prod
:sync:sync-test	transitive	androidx.core:core-ktx:1.12.0	prod
:sync:sync-test	transitive	androidx.core:core-ktx:1.16.0	dev
:sync:sync-test	transitive	androidx.core:core-ktx:1.16.0	prod
:sync:sync-test	transitive	androidx.core:core-ktx:1.2.0	dev
:sync:sync-test	transitive	androidx.core:core-ktx:1.2.0	prod
:sync:sync-test	transitive	androidx.core:core-viewtree:1.0.0	dev
:sync:sync-test	transitive	androidx.core:core-viewtree:1.0.0	prod
:sync:sync-test	transitive	androidx.core:core:1.12.0	prod
:sync:sync-test	transitive	androidx.core:core:1.16.0	dev
:sync:sync-test	transitive	androidx.core:core:1.16.0	prod
:sync:sync-test	transitive	androidx.core:core:1.8.0	dev
:sync:sync-test	transitive	androidx.core:core:1.8.0	prod
:sync:sync-test	transitive	androidx.customview:customview-poolingcontainer:1.0.0	dev
:sync:sync-test	transitive	androidx.customview:customview-poolingcontainer:1.0.0	prod
:sync:sync-test	transitive	androidx.customview:customview:1.0.0	dev
:sync:sync-test	transitive	androidx.customview:customview:1.0.0	prod
:sync:sync-test	transitive	androidx.datastore:datastore-android:1.2.0	dev
:sync:sync-test	transitive	androidx.datastore:datastore-android:1.2.0	prod
:sync:sync-test	transitive	androidx.datastore:datastore-core-android:1.2.0	dev
:sync:sync-test	transitive	androidx.datastore:datastore-core-android:1.2.0	prod
:sync:sync-test	transitive	androidx.datastore:datastore-core-okio-jvm:1.2.0	dev
:sync:sync-test	transitive	androidx.datastore:datastore-core-okio-jvm:1.2.0	prod
:sync:sync-test	transitive	androidx.datastore:datastore-core-okio:1.2.0	dev
:sync:sync-test	transitive	androidx.datastore:datastore-core-okio:1.2.0	prod
:sync:sync-test	transitive	androidx.datastore:datastore-core:1.2.0	dev
:sync:sync-test	transitive	androidx.datastore:datastore-core:1.2.0	prod
:sync:sync-test	transitive	androidx.datastore:datastore:1.2.0	dev
:sync:sync-test	transitive	androidx.datastore:datastore:1.2.0	prod
:sync:sync-test	transitive	androidx.documentfile:documentfile:1.0.0	dev
:sync:sync-test	transitive	androidx.documentfile:documentfile:1.0.0	prod
:sync:sync-test	transitive	androidx.dynamicanimation:dynamicanimation:1.0.0	dev
:sync:sync-test	transitive	androidx.dynamicanimation:dynamicanimation:1.0.0	prod
:sync:sync-test	transitive	androidx.emoji2:emoji2:1.4.0	dev
:sync:sync-test	transitive	androidx.emoji2:emoji2:1.4.0	prod
:sync:sync-test	transitive	androidx.exifinterface:exifinterface:1.3.7	dev
:sync:sync-test	transitive	androidx.exifinterface:exifinterface:1.3.7	prod
:sync:sync-test	transitive	androidx.fragment:fragment:1.5.1	dev
:sync:sync-test	transitive	androidx.fragment:fragment:1.5.1	prod
:sync:sync-test	transitive	androidx.graphics:graphics-path:1.0.1	dev
:sync:sync-test	transitive	androidx.graphics:graphics-path:1.0.1	prod
:sync:sync-test	transitive	androidx.hilt:hilt-common:1.2.0	dev
:sync:sync-test	transitive	androidx.hilt:hilt-common:1.2.0	prod
:sync:sync-test	transitive	androidx.hilt:hilt-work:1.2.0	dev
:sync:sync-test	transitive	androidx.hilt:hilt-work:1.2.0	prod
:sync:sync-test	transitive	androidx.interpolator:interpolator:1.0.0	dev
:sync:sync-test	transitive	androidx.interpolator:interpolator:1.0.0	prod
:sync:sync-test	transitive	androidx.legacy:legacy-support-core-utils:1.0.0	dev
:sync:sync-test	transitive	androidx.legacy:legacy-support-core-utils:1.0.0	prod
:sync:sync-test	transitive	androidx.lifecycle:lifecycle-common-jvm:2.9.4	dev
:sync:sync-test	transitive	androidx.lifecycle:lifecycle-common-jvm:2.9.4	prod
:sync:sync-test	transitive	androidx.lifecycle:lifecycle-common:2.5.1	dev
:sync:sync-test	transitive	androidx.lifecycle:lifecycle-common:2.5.1	prod
:sync:sync-test	transitive	androidx.lifecycle:lifecycle-common:2.7.0	prod
:sync:sync-test	transitive	androidx.lifecycle:lifecycle-common:2.9.4	dev
:sync:sync-test	transitive	androidx.lifecycle:lifecycle-common:2.9.4	prod
:sync:sync-test	transitive	androidx.lifecycle:lifecycle-livedata-core-ktx:2.7.0	prod
:sync:sync-test	transitive	androidx.lifecycle:lifecycle-livedata-core-ktx:2.9.4	dev
:sync:sync-test	transitive	androidx.lifecycle:lifecycle-livedata-core-ktx:2.9.4	prod
:sync:sync-test	transitive	androidx.lifecycle:lifecycle-livedata-core:2.5.1	dev
:sync:sync-test	transitive	androidx.lifecycle:lifecycle-livedata-core:2.5.1	prod
:sync:sync-test	transitive	androidx.lifecycle:lifecycle-livedata-core:2.7.0	prod
:sync:sync-test	transitive	androidx.lifecycle:lifecycle-livedata-core:2.9.4	dev
:sync:sync-test	transitive	androidx.lifecycle:lifecycle-livedata-core:2.9.4	prod
:sync:sync-test	transitive	androidx.lifecycle:lifecycle-livedata:2.0.0	dev
:sync:sync-test	transitive	androidx.lifecycle:lifecycle-livedata:2.0.0	prod
:sync:sync-test	transitive	androidx.lifecycle:lifecycle-livedata:2.7.0	prod
:sync:sync-test	transitive	androidx.lifecycle:lifecycle-livedata:2.9.4	dev
:sync:sync-test	transitive	androidx.lifecycle:lifecycle-livedata:2.9.4	prod
:sync:sync-test	transitive	androidx.lifecycle:lifecycle-process:2.9.4	dev
:sync:sync-test	transitive	androidx.lifecycle:lifecycle-process:2.9.4	prod
:sync:sync-test	transitive	androidx.lifecycle:lifecycle-runtime-android:2.9.4	dev
:sync:sync-test	transitive	androidx.lifecycle:lifecycle-runtime-android:2.9.4	prod
:sync:sync-test	transitive	androidx.lifecycle:lifecycle-runtime-compose-android:2.9.4	dev
:sync:sync-test	transitive	androidx.lifecycle:lifecycle-runtime-compose-android:2.9.4	prod
:sync:sync-test	transitive	androidx.lifecycle:lifecycle-runtime-compose:2.9.4	dev
:sync:sync-test	transitive	androidx.lifecycle:lifecycle-runtime-compose:2.9.4	prod
:sync:sync-test	transitive	androidx.lifecycle:lifecycle-runtime-ktx-android:2.9.4	dev
:sync:sync-test	transitive	androidx.lifecycle:lifecycle-runtime-ktx-android:2.9.4	prod
:sync:sync-test	transitive	androidx.lifecycle:lifecycle-runtime-ktx:2.9.4	dev
:sync:sync-test	transitive	androidx.lifecycle:lifecycle-runtime-ktx:2.9.4	prod
:sync:sync-test	transitive	androidx.lifecycle:lifecycle-runtime:2.5.1	dev
:sync:sync-test	transitive	androidx.lifecycle:lifecycle-runtime:2.5.1	prod
:sync:sync-test	transitive	androidx.lifecycle:lifecycle-runtime:2.7.0	prod
:sync:sync-test	transitive	androidx.lifecycle:lifecycle-runtime:2.9.4	dev
:sync:sync-test	transitive	androidx.lifecycle:lifecycle-runtime:2.9.4	prod
:sync:sync-test	transitive	androidx.lifecycle:lifecycle-service:2.7.0	prod
:sync:sync-test	transitive	androidx.lifecycle:lifecycle-service:2.9.4	dev
:sync:sync-test	transitive	androidx.lifecycle:lifecycle-service:2.9.4	prod
:sync:sync-test	transitive	androidx.lifecycle:lifecycle-viewmodel-android:2.9.4	dev
:sync:sync-test	transitive	androidx.lifecycle:lifecycle-viewmodel-android:2.9.4	prod
:sync:sync-test	transitive	androidx.lifecycle:lifecycle-viewmodel-ktx:2.9.4	dev
:sync:sync-test	transitive	androidx.lifecycle:lifecycle-viewmodel-ktx:2.9.4	prod
:sync:sync-test	transitive	androidx.lifecycle:lifecycle-viewmodel-savedstate-android:2.9.4	dev
:sync:sync-test	transitive	androidx.lifecycle:lifecycle-viewmodel-savedstate-android:2.9.4	prod
:sync:sync-test	transitive	androidx.lifecycle:lifecycle-viewmodel-savedstate:2.5.1	dev
:sync:sync-test	transitive	androidx.lifecycle:lifecycle-viewmodel-savedstate:2.5.1	prod
:sync:sync-test	transitive	androidx.lifecycle:lifecycle-viewmodel-savedstate:2.7.0	prod
:sync:sync-test	transitive	androidx.lifecycle:lifecycle-viewmodel-savedstate:2.9.4	dev
:sync:sync-test	transitive	androidx.lifecycle:lifecycle-viewmodel-savedstate:2.9.4	prod
:sync:sync-test	transitive	androidx.lifecycle:lifecycle-viewmodel:2.5.1	dev
:sync:sync-test	transitive	androidx.lifecycle:lifecycle-viewmodel:2.5.1	prod
:sync:sync-test	transitive	androidx.lifecycle:lifecycle-viewmodel:2.7.0	prod
:sync:sync-test	transitive	androidx.lifecycle:lifecycle-viewmodel:2.9.4	dev
:sync:sync-test	transitive	androidx.lifecycle:lifecycle-viewmodel:2.9.4	prod
:sync:sync-test	transitive	androidx.loader:loader:1.0.0	dev
:sync:sync-test	transitive	androidx.loader:loader:1.0.0	prod
:sync:sync-test	transitive	androidx.localbroadcastmanager:localbroadcastmanager:1.0.0	dev
:sync:sync-test	transitive	androidx.localbroadcastmanager:localbroadcastmanager:1.0.0	prod
:sync:sync-test	transitive	androidx.multidex:multidex:2.0.1	dev
:sync:sync-test	transitive	androidx.multidex:multidex:2.0.1	prod
:sync:sync-test	transitive	androidx.print:print:1.0.0	dev
:sync:sync-test	transitive	androidx.print:print:1.0.0	prod
:sync:sync-test	transitive	androidx.privacysandbox.ads:ads-adservices-java:1.0.0-beta05	dev
:sync:sync-test	transitive	androidx.privacysandbox.ads:ads-adservices-java:1.0.0-beta05	prod
:sync:sync-test	transitive	androidx.privacysandbox.ads:ads-adservices:1.0.0-beta05	dev
:sync:sync-test	transitive	androidx.privacysandbox.ads:ads-adservices:1.0.0-beta05	prod
:sync:sync-test	transitive	androidx.profileinstaller:profileinstaller:1.3.1	prod
:sync:sync-test	transitive	androidx.profileinstaller:profileinstaller:1.4.0	dev
:sync:sync-test	transitive	androidx.profileinstaller:profileinstaller:1.4.0	prod
:sync:sync-test	transitive	androidx.room:room-common-jvm:2.8.3	dev
:sync:sync-test	transitive	androidx.room:room-common-jvm:2.8.3	prod
:sync:sync-test	transitive	androidx.room:room-common:2.8.3	dev
:sync:sync-test	transitive	androidx.room:room-common:2.8.3	prod
:sync:sync-test	transitive	androidx.room:room-ktx:2.8.3	dev
:sync:sync-test	transitive	androidx.room:room-ktx:2.8.3	prod
:sync:sync-test	transitive	androidx.room:room-runtime-android:2.8.3	dev
:sync:sync-test	transitive	androidx.room:room-runtime-android:2.8.3	prod
:sync:sync-test	transitive	androidx.room:room-runtime:2.8.3	dev
:sync:sync-test	transitive	androidx.room:room-runtime:2.8.3	prod
:sync:sync-test	transitive	androidx.savedstate:savedstate-android:1.3.2	dev
:sync:sync-test	transitive	androidx.savedstate:savedstate-android:1.3.2	prod
:sync:sync-test	transitive	androidx.savedstate:savedstate-compose-android:1.3.2	dev
:sync:sync-test	transitive	androidx.savedstate:savedstate-compose-android:1.3.2	prod
:sync:sync-test	transitive	androidx.savedstate:savedstate-compose:1.3.2	dev
:sync:sync-test	transitive	androidx.savedstate:savedstate-compose:1.3.2	prod
:sync:sync-test	transitive	androidx.savedstate:savedstate-ktx:1.3.2	dev
:sync:sync-test	transitive	androidx.savedstate:savedstate-ktx:1.3.2	prod
:sync:sync-test	transitive	androidx.savedstate:savedstate:1.2.0	dev
:sync:sync-test	transitive	androidx.savedstate:savedstate:1.2.0	prod
:sync:sync-test	transitive	androidx.savedstate:savedstate:1.2.1	prod
:sync:sync-test	transitive	androidx.savedstate:savedstate:1.3.2	dev
:sync:sync-test	transitive	androidx.savedstate:savedstate:1.3.2	prod
:sync:sync-test	transitive	androidx.sqlite:sqlite-android:2.6.1	dev
:sync:sync-test	transitive	androidx.sqlite:sqlite-android:2.6.1	prod
:sync:sync-test	transitive	androidx.sqlite:sqlite-framework-android:2.6.1	dev
:sync:sync-test	transitive	androidx.sqlite:sqlite-framework-android:2.6.1	prod
:sync:sync-test	transitive	androidx.sqlite:sqlite-framework:2.6.1	dev
:sync:sync-test	transitive	androidx.sqlite:sqlite-framework:2.6.1	prod
:sync:sync-test	transitive	androidx.sqlite:sqlite:2.6.1	dev
:sync:sync-test	transitive	androidx.sqlite:sqlite:2.6.1	prod
:sync:sync-test	transitive	androidx.startup:startup-runtime:1.1.1	dev
:sync:sync-test	transitive	androidx.startup:startup-runtime:1.1.1	prod
:sync:sync-test	transitive	androidx.test:core:1.4.0	dev
:sync:sync-test	transitive	androidx.test:core:1.4.0	prod
:sync:sync-test	transitive	androidx.test:monitor:1.4.0	dev
:sync:sync-test	transitive	androidx.test:monitor:1.4.0	prod
:sync:sync-test	transitive	androidx.tracing:tracing-ktx:1.3.0-alpha02	dev
:sync:sync-test	transitive	androidx.tracing:tracing:1.3.0-alpha02	dev
:sync:sync-test	transitive	androidx.tracing:tracing:1.3.0-alpha02	prod
:sync:sync-test	transitive	androidx.transition:transition:1.6.0	dev
:sync:sync-test	transitive	androidx.transition:transition:1.6.0	prod
:sync:sync-test	transitive	androidx.vectordrawable:vectordrawable-animated:1.1.0	dev
:sync:sync-test	transitive	androidx.vectordrawable:vectordrawable-animated:1.1.0	prod
:sync:sync-test	transitive	androidx.vectordrawable:vectordrawable:1.1.0	dev
:sync:sync-test	transitive	androidx.vectordrawable:vectordrawable:1.1.0	prod
:sync:sync-test	transitive	androidx.versionedparcelable:versionedparcelable:1.1.1	dev
:sync:sync-test	transitive	androidx.versionedparcelable:versionedparcelable:1.1.1	prod
:sync:sync-test	transitive	androidx.viewpager:viewpager:1.0.0	dev
:sync:sync-test	transitive	androidx.viewpager:viewpager:1.0.0	prod
:sync:sync-test	transitive	androidx.work:work-runtime-ktx:2.10.0	dev
:sync:sync-test	transitive	androidx.work:work-runtime-ktx:2.10.0	prod
:sync:sync-test	transitive	androidx.work:work-runtime:2.10.0	dev
:sync:sync-test	transitive	androidx.work:work-runtime:2.10.0	prod
:sync:sync-test	transitive	com.caverock:androidsvg-aar:1.4	dev
:sync:sync-test	transitive	com.caverock:androidsvg-aar:1.4	prod
:sync:sync-test	transitive	com.google.android.datatransport:transport-api:3.1.0	dev
:sync:sync-test	transitive	com.google.android.datatransport:transport-api:3.1.0	prod
:sync:sync-test	transitive	com.google.android.datatransport:transport-backend-cct:3.1.9	dev
:sync:sync-test	transitive	com.google.android.datatransport:transport-backend-cct:3.1.9	prod
:sync:sync-test	transitive	com.google.android.datatransport:transport-runtime:3.1.9	dev
:sync:sync-test	transitive	com.google.android.datatransport:transport-runtime:3.1.9	prod
:sync:sync-test	transitive	com.google.android.gms:play-services-ads-identifier:18.0.0	dev
:sync:sync-test	transitive	com.google.android.gms:play-services-ads-identifier:18.0.0	prod
:sync:sync-test	transitive	com.google.android.gms:play-services-base:18.5.0	dev
:sync:sync-test	transitive	com.google.android.gms:play-services-base:18.5.0	prod
:sync:sync-test	transitive	com.google.android.gms:play-services-basement:18.4.0	dev
:sync:sync-test	transitive	com.google.android.gms:play-services-basement:18.4.0	prod
:sync:sync-test	transitive	com.google.android.gms:play-services-cloud-messaging:17.2.0	dev
:sync:sync-test	transitive	com.google.android.gms:play-services-cloud-messaging:17.2.0	prod
:sync:sync-test	transitive	com.google.android.gms:play-services-measurement-api:22.1.2	dev
:sync:sync-test	transitive	com.google.android.gms:play-services-measurement-api:22.1.2	prod
:sync:sync-test	transitive	com.google.android.gms:play-services-measurement-base:22.1.2	dev
:sync:sync-test	transitive	com.google.android.gms:play-services-measurement-base:22.1.2	prod
:sync:sync-test	transitive	com.google.android.gms:play-services-measurement-impl:22.1.2	dev
:sync:sync-test	transitive	com.google.android.gms:play-services-measurement-impl:22.1.2	prod
:sync:sync-test	transitive	com.google.android.gms:play-services-measurement-sdk-api:22.1.2	dev
:sync:sync-test	transitive	com.google.android.gms:play-services-measurement-sdk-api:22.1.2	prod
:sync:sync-test	transitive	com.google.android.gms:play-services-measurement-sdk:22.1.2	dev
:sync:sync-test	transitive	com.google.android.gms:play-services-measurement-sdk:22.1.2	prod
:sync:sync-test	transitive	com.google.android.gms:play-services-measurement:22.1.2	dev
:sync:sync-test	transitive	com.google.android.gms:play-services-measurement:22.1.2	prod
:sync:sync-test	transitive	com.google.android.gms:play-services-stats:17.0.2	dev
:sync:sync-test	transitive	com.google.android.gms:play-services-stats:17.0.2	prod
:sync:sync-test	transitive	com.google.android.gms:play-services-tasks:18.2.0	dev
:sync:sync-test	transitive	com.google.android.gms:play-services-tasks:18.2.0	prod
:sync:sync-test	transitive	com.google.code.findbugs:jsr305:3.0.2	dev
:sync:sync-test	transitive	com.google.code.findbugs:jsr305:3.0.2	prod
:sync:sync-test	transitive	com.google.dagger:dagger-lint-aar:2.59	dev
:sync:sync-test	transitive	com.google.dagger:dagger-lint-aar:2.59	prod
:sync:sync-test	transitive	com.google.dagger:dagger:2.59	dev
:sync:sync-test	transitive	com.google.dagger:dagger:2.59	prod
:sync:sync-test	transitive	com.google.dagger:hilt-android-testing:2.59	dev
:sync:sync-test	transitive	com.google.dagger:hilt-android:2.59	dev
:sync:sync-test	transitive	com.google.dagger:hilt-core:2.59	dev
:sync:sync-test	transitive	com.google.dagger:hilt-core:2.59	prod
:sync:sync-test	transitive	com.google.errorprone:error_prone_annotations:2.26.0	dev
:sync:sync-test	transitive	com.google.errorprone:error_prone_annotations:2.26.0	prod
:sync:sync-test	transitive	com.google.firebase:firebase-analytics:22.1.2	dev
:sync:sync-test	transitive	com.google.firebase:firebase-analytics:22.1.2	prod
:sync:sync-test	transitive	com.google.firebase:firebase-annotations:16.2.0	dev
:sync:sync-test	transitive	com.google.firebase:firebase-annotations:16.2.0	prod
:sync:sync-test	transitive	com.google.firebase:firebase-bom:33.7.0	dev
:sync:sync-test	transitive	com.google.firebase:firebase-bom:33.7.0	prod
:sync:sync-test	transitive	com.google.firebase:firebase-common-ktx:21.0.0	dev
:sync:sync-test	transitive	com.google.firebase:firebase-common-ktx:21.0.0	prod
:sync:sync-test	transitive	com.google.firebase:firebase-common:21.0.0	dev
:sync:sync-test	transitive	com.google.firebase:firebase-common:21.0.0	prod
:sync:sync-test	transitive	com.google.firebase:firebase-components:18.0.0	dev
:sync:sync-test	transitive	com.google.firebase:firebase-components:18.0.0	prod
:sync:sync-test	transitive	com.google.firebase:firebase-datatransport:18.2.0	dev
:sync:sync-test	transitive	com.google.firebase:firebase-datatransport:18.2.0	prod
:sync:sync-test	transitive	com.google.firebase:firebase-encoders-json:18.0.0	dev
:sync:sync-test	transitive	com.google.firebase:firebase-encoders-json:18.0.0	prod
:sync:sync-test	transitive	com.google.firebase:firebase-encoders-proto:16.0.0	dev
:sync:sync-test	transitive	com.google.firebase:firebase-encoders-proto:16.0.0	prod
:sync:sync-test	transitive	com.google.firebase:firebase-encoders:17.0.0	dev
:sync:sync-test	transitive	com.google.firebase:firebase-encoders:17.0.0	prod
:sync:sync-test	transitive	com.google.firebase:firebase-iid-interop:17.1.0	dev
:sync:sync-test	transitive	com.google.firebase:firebase-iid-interop:17.1.0	prod
:sync:sync-test	transitive	com.google.firebase:firebase-installations-interop:17.1.1	dev
:sync:sync-test	transitive	com.google.firebase:firebase-installations-interop:17.1.1	prod
:sync:sync-test	transitive	com.google.firebase:firebase-installations:18.0.0	dev
:sync:sync-test	transitive	com.google.firebase:firebase-installations:18.0.0	prod
:sync:sync-test	transitive	com.google.firebase:firebase-measurement-connector:19.0.0	dev
:sync:sync-test	transitive	com.google.firebase:firebase-measurement-connector:19.0.0	prod
:sync:sync-test	transitive	com.google.firebase:firebase-messaging:24.1.0	dev
:sync:sync-test	transitive	com.google.firebase:firebase-messaging:24.1.0	prod
:sync:sync-test	transitive	com.google.guava:failureaccess:1.0.1	dev
:sync:sync-test	transitive	com.google.guava:failureaccess:1.0.1	prod
:sync:sync-test	transitive	com.google.guava:guava:31.1-android	dev
:sync:sync-test	transitive	com.google.guava:guava:31.1-android	prod
:sync:sync-test	transitive	com.google.guava:listenablefuture:1.0	dev
:sync:sync-test	transitive	com.google.guava:listenablefuture:1.0	prod
:sync:sync-test	transitive	com.google.guava:listenablefuture:9999.0-empty-to-avoid-conflict-with-guava	dev
:sync:sync-test	transitive	com.google.guava:listenablefuture:9999.0-empty-to-avoid-conflict-with-guava	prod
:sync:sync-test	transitive	com.google.j2objc:j2objc-annotations:1.3	dev
:sync:sync-test	transitive	com.google.j2objc:j2objc-annotations:1.3	prod
:sync:sync-test	transitive	com.google.protobuf:protobuf-javalite:4.29.2	dev
:sync:sync-test	transitive	com.google.protobuf:protobuf-javalite:4.29.2	prod
:sync:sync-test	transitive	com.google.protobuf:protobuf-kotlin-lite:4.29.2	dev
:sync:sync-test	transitive	com.google.protobuf:protobuf-kotlin-lite:4.29.2	prod
:sync:sync-test	transitive	com.squareup.okhttp3:logging-interceptor:4.12.0	dev
:sync:sync-test	transitive	com.squareup.okhttp3:logging-interceptor:4.12.0	prod
:sync:sync-test	transitive	com.squareup.okhttp3:okhttp:4.12.0	dev
:sync:sync-test	transitive	com.squareup.okhttp3:okhttp:4.12.0	prod
:sync:sync-test	transitive	com.squareup.okio:okio-jvm:3.9.1	dev
:sync:sync-test	transitive	com.squareup.okio:okio-jvm:3.9.1	prod
:sync:sync-test	transitive	com.squareup.okio:okio:3.9.1	dev
:sync:sync-test	transitive	com.squareup.okio:okio:3.9.1	prod
:sync:sync-test	transitive	com.squareup.retrofit2:converter-kotlinx-serialization:2.11.0	dev
:sync:sync-test	transitive	com.squareup.retrofit2:converter-kotlinx-serialization:2.11.0	prod
:sync:sync-test	transitive	com.squareup.retrofit2:retrofit:2.11.0	dev
:sync:sync-test	transitive	com.squareup.retrofit2:retrofit:2.11.0	prod
:sync:sync-test	transitive	io.coil-kt:coil-base:2.7.0	dev
:sync:sync-test	transitive	io.coil-kt:coil-base:2.7.0	prod
:sync:sync-test	transitive	io.coil-kt:coil-svg:2.7.0	dev
:sync:sync-test	transitive	io.coil-kt:coil-svg:2.7.0	prod
:sync:sync-test	transitive	io.coil-kt:coil:2.7.0	dev
:sync:sync-test	transitive	io.coil-kt:coil:2.7.0	prod
:sync:sync-test	transitive	jakarta.inject:jakarta.inject-api:2.0.1	dev
:sync:sync-test	transitive	jakarta.inject:jakarta.inject-api:2.0.1	prod
:sync:sync-test	transitive	javax.inject:javax.inject:1	dev
:sync:sync-test	transitive	javax.inject:javax.inject:1	prod
:sync:sync-test	transitive	junit:junit:4.13.2	prod
:sync:sync-test	transitive	org.checkerframework:checker-qual:3.12.0	dev
:sync:sync-test	transitive	org.checkerframework:checker-qual:3.12.0	prod
:sync:sync-test	transitive	org.hamcrest:hamcrest-core:1.3	dev
:sync:sync-test	transitive	org.hamcrest:hamcrest-core:1.3	prod
:sync:sync-test	transitive	org.jetbrains.kotlin:kotlin-stdlib-common:2.3.0	dev
:sync:sync-test	transitive	org.jetbrains.kotlin:kotlin-stdlib-common:2.3.0	prod
:sync:sync-test	transitive	org.jetbrains.kotlin:kotlin-stdlib-jdk7:1.8.21	dev
:sync:sync-test	transitive	org.jetbrains.kotlin:kotlin-stdlib-jdk7:1.8.21	prod
:sync:sync-test	transitive	org.jetbrains.kotlin:kotlin-stdlib-jdk7:1.8.22	dev
:sync:sync-test	transitive	org.jetbrains.kotlin:kotlin-stdlib-jdk7:1.8.22	prod
:sync:sync-test	transitive	org.jetbrains.kotlin:kotlin-stdlib-jdk8:1.8.21	dev
:sync:sync-test	transitive	org.jetbrains.kotlin:kotlin-stdlib-jdk8:1.8.21	prod
:sync:sync-test	transitive	org.jetbrains.kotlin:kotlin-stdlib-jdk8:1.8.22	dev
:sync:sync-test	transitive	org.jetbrains.kotlin:kotlin-stdlib-jdk8:1.8.22	prod
:sync:sync-test	transitive	org.jetbrains.kotlin:kotlin-stdlib:2.3.0	dev
:sync:sync-test	transitive	org.jetbrains.kotlinx:kotlinx-coroutines-android:1.10.1	dev
:sync:sync-test	transitive	org.jetbrains.kotlinx:kotlinx-coroutines-android:1.10.1	prod
:sync:sync-test	transitive	org.jetbrains.kotlinx:kotlinx-coroutines-android:1.9.0	dev
:sync:sync-test	transitive	org.jetbrains.kotlinx:kotlinx-coroutines-android:1.9.0	prod
:sync:sync-test	transitive	org.jetbrains.kotlinx:kotlinx-coroutines-bom:1.10.1	dev
:sync:sync-test	transitive	org.jetbrains.kotlinx:kotlinx-coroutines-bom:1.10.1	prod
:sync:sync-test	transitive	org.jetbrains.kotlinx:kotlinx-coroutines-bom:1.9.0	dev
:sync:sync-test	transitive	org.jetbrains.kotlinx:kotlinx-coroutines-bom:1.9.0	prod
:sync:sync-test	transitive	org.jetbrains.kotlinx:kotlinx-coroutines-core-jvm:1.10.1	dev
:sync:sync-test	transitive	org.jetbrains.kotlinx:kotlinx-coroutines-core-jvm:1.10.1	prod
:sync:sync-test	transitive	org.jetbrains.kotlinx:kotlinx-coroutines-core-jvm:1.9.0	dev
:sync:sync-test	transitive	org.jetbrains.kotlinx:kotlinx-coroutines-core-jvm:1.9.0	prod
:sync:sync-test	transitive	org.jetbrains.kotlinx:kotlinx-coroutines-core:1.10.1	dev
:sync:sync-test	transitive	org.jetbrains.kotlinx:kotlinx-coroutines-core:1.10.1	prod
:sync:sync-test	transitive	org.jetbrains.kotlinx:kotlinx-coroutines-core:1.9.0	dev
:sync:sync-test	transitive	org.jetbrains.kotlinx:kotlinx-coroutines-core:1.9.0	prod
:sync:sync-test	transitive	org.jetbrains.kotlinx:kotlinx-coroutines-play-services:1.10.1	dev
:sync:sync-test	transitive	org.jetbrains.kotlinx:kotlinx-coroutines-play-services:1.10.1	prod
:sync:sync-test	transitive	org.jetbrains.kotlinx:kotlinx-datetime-jvm:0.6.1	dev
:sync:sync-test	transitive	org.jetbrains.kotlinx:kotlinx-datetime-jvm:0.6.1	prod
:sync:sync-test	transitive	org.jetbrains.kotlinx:kotlinx-datetime:0.6.1	dev
:sync:sync-test	transitive	org.jetbrains.kotlinx:kotlinx-datetime:0.6.1	prod
:sync:sync-test	transitive	org.jetbrains.kotlinx:kotlinx-serialization-bom:1.8.0	dev
:sync:sync-test	transitive	org.jetbrains.kotlinx:kotlinx-serialization-bom:1.8.0	prod
:sync:sync-test	transitive	org.jetbrains.kotlinx:kotlinx-serialization-core-jvm:1.8.0	dev
:sync:sync-test	transitive	org.jetbrains.kotlinx:kotlinx-serialization-core-jvm:1.8.0	prod
:sync:sync-test	transitive	org.jetbrains.kotlinx:kotlinx-serialization-core:1.8.0	dev
:sync:sync-test	transitive	org.jetbrains.kotlinx:kotlinx-serialization-core:1.8.0	prod
:sync:sync-test	transitive	org.jetbrains.kotlinx:kotlinx-serialization-json-jvm:1.8.0	dev
:sync:sync-test	transitive	org.jetbrains.kotlinx:kotlinx-serialization-json-jvm:1.8.0	prod
:sync:sync-test	transitive	org.jetbrains.kotlinx:kotlinx-serialization-json:1.8.0	dev
:sync:sync-test	transitive	org.jetbrains.kotlinx:kotlinx-serialization-json:1.8.0	prod
:sync:sync-test	transitive	org.jetbrains:annotations:23.0.0	dev
:sync:sync-test	transitive	org.jetbrains:annotations:23.0.0	prod
:sync:sync-test	transitive	org.jspecify:jspecify:1.0.0	dev
:sync:sync-test	transitive	org.jspecify:jspecify:1.0.0	prod
:core:navigation	direct	androidx.lifecycle:lifecycle-viewmodel-navigation3:2.10.0	dev
:core:navigation	direct	androidx.lifecycle:lifecycle-viewmodel-navigation3:2.10.0	prod
:core:navigation	direct	androidx.navigation3:navigation3-runtime:1.0.0	dev
:core:navigation	direct	androidx.navigation3:navigation3-runtime:1.0.0	prod
:core:navigation	direct	androidx.savedstate:savedstate-compose:1.4.0	dev
:core:navigation	direct	androidx.savedstate:savedstate-compose:1.4.0	prod
:core:navigation	direct	androidx.tracing:tracing-ktx:1.3.0-alpha02	dev
:core:navigation	direct	androidx.tracing:tracing-ktx:1.3.0-alpha02	prod
:core:navigation	direct	com.google.dagger:hilt-android:2.59	dev
:core:navigation	direct	com.google.dagger:hilt-android:2.59	prod
:core:navigation	direct	com.google.truth:truth:1.4.4	dev
:core:navigation	direct	junit:junit:4.13.2	dev
:core:navigation	direct	org.jetbrains.kotlin:kotlin-stdlib:2.3.0	dev
:core:navigation	direct	org.jetbrains.kotlin:kotlin-stdlib:2.3.0	prod
:core:navigation	direct	org.jetbrains.kotlin:kotlin-test:2.3.0	dev
:core:navigation	transitive	androidx.activity:activity-compose:1.12.0	dev
:core:navigation	transitive	androidx.activity:activity-compose:1.12.0	prod
:core:navigation	transitive	androidx.activity:activity-ktx:1.12.0	dev
:core:navigation	transitive	androidx.activity:activity-ktx:1.12.0	prod
:core:navigation	transitive	androidx.activity:activity:1.12.0	dev
:core:navigation	transitive	androidx.activity:activity:1.12.0	prod
:core:navigation	transitive	androidx.annotation:annotation-experimental:1.4.1	dev
:core:navigation	transitive	androidx.annotation:annotation-experimental:1.4.1	prod
:core:navigation	transitive	androidx.annotation:annotation-jvm:1.9.1	dev
:core:navigation	transitive	androidx.annotation:annotation-jvm:1.9.1	prod
:core:navigation	transitive	androidx.annotation:annotation:1.9.1	dev
:core:navigation	transitive	androidx.annotation:annotation:1.9.1	prod
:core:navigation	transitive	androidx.arch.core:core-common:2.2.0	dev
:core:navigation	transitive	androidx.arch.core:core-common:2.2.0	prod
:core:navigation	transitive	androidx.arch.core:core-runtime:2.2.0	dev
:core:navigation	transitive	androidx.arch.core:core-runtime:2.2.0	prod
:core:navigation	transitive	androidx.autofill:autofill:1.0.0	dev
:core:navigation	transitive	androidx.autofill:autofill:1.0.0	prod
:core:navigation	transitive	androidx.collection:collection-jvm:1.5.0	dev
:core:navigation	transitive	androidx.collection:collection-jvm:1.5.0	prod
:core:navigation	transitive	androidx.collection:collection-ktx:1.5.0	dev
:core:navigation	transitive	androidx.collection:collection-ktx:1.5.0	prod
:core:navigation	transitive	androidx.collection:collection:1.1.0	dev
:core:navigation	transitive	androidx.collection:collection:1.1.0	prod
:core:navigation	transitive	androidx.collection:collection:1.5.0	dev
:core:navigation	transitive	androidx.collection:collection:1.5.0	prod
:core:navigation	transitive	androidx.compose.runtime:runtime-android:1.9.5	dev
:core:navigation	transitive	androidx.compose.runtime:runtime-android:1.9.5	prod
:core:navigation	transitive	androidx.compose.runtime:runtime-annotation-android:1.9.5	dev
:core:navigation	transitive	androidx.compose.runtime:runtime-annotation-android:1.9.5	prod
:core:navigation	transitive	androidx.compose.runtime:runtime-annotation:1.9.5	dev
:core:navigation	transitive	androidx.compose.runtime:runtime-annotation:1.9.5	prod
:core:navigation	transitive	androidx.compose.runtime:runtime-saveable-android:1.9.5	dev
:core:navigation	transitive	androidx.compose.runtime:runtime-saveable-android:1.9.5	prod
:core:navigation	transitive	androidx.compose.runtime:runtime-saveable:1.9.5	dev
:core:navigation	transitive	androidx.compose.runtime:runtime-saveable:1.9.5	prod
:core:navigation	transitive	androidx.compose.runtime:runtime:1.9.5	dev
:core:navigation	transitive	androidx.compose.runtime:runtime:1.9.5	prod
:core:navigation	transitive	androidx.compose.ui:ui-android:1.9.0	dev
:core:navigation	transitive	androidx.compose.ui:ui-android:1.9.0	prod
:core:navigation	transitive	androidx.compose.ui:ui-android:1.9.2	dev
:core:navigation	transitive	androidx.compose.ui:ui-android:1.9.2	prod
:core:navigation	transitive	androidx.compose.ui:ui-geometry-android:1.9.0	dev
:core:navigation	transitive	androidx.compose.ui:ui-geometry-android:1.9.0	prod
:core:navigation	transitive	androidx.compose.ui:ui-geometry-android:1.9.2	dev
:core:navigation	transitive	androidx.compose.ui:ui-geometry-android:1.9.2	prod
:core:navigation	transitive	androidx.compose.ui:ui-geometry:1.9.0	dev
:core:navigation	transitive	androidx.compose.ui:ui-geometry:1.9.0	prod
:core:navigation	transitive	androidx.compose.ui:ui-geometry:1.9.2	dev
:core:navigation	transitive	androidx.compose.ui:ui-geometry:1.9.2	prod
:core:navigation	transitive	androidx.compose.ui:ui-graphics-android:1.9.0	dev
:core:navigation	transitive	androidx.compose.ui:ui-graphics-android:1.9.0	prod
:core:navigation	transitive	androidx.compose.ui:ui-graphics-android:1.9.2	dev
:core:navigation	transitive	androidx.compose.ui:ui-graphics-android:1.9.2	prod
:core:navigation	transitive	androidx.compose.ui:ui-graphics:1.9.0	dev
:core:navigation	transitive	androidx.compose.ui:ui-graphics:1.9.0	prod
:core:navigation	transitive	androidx.compose.ui:ui-graphics:1.9.2	dev
:core:navigation	transitive	androidx.compose.ui:ui-graphics:1.9.2	prod
:core:navigation	transitive	androidx.compose.ui:ui-text-android:1.9.0	dev
:core:navigation	transitive	androidx.compose.ui:ui-text-android:1.9.0	prod
:core:navigation	transitive	androidx.compose.ui:ui-text-android:1.9.2	dev
:core:navigation	transitive	androidx.compose.ui:ui-text-android:1.9.2	prod
:core:navigation	transitive	androidx.compose.ui:ui-text:1.9.0	dev
:core:navigation	transitive	androidx.compose.ui:ui-text:1.9.0	prod
:core:navigation	transitive	androidx.compose.ui:ui-text:1.9.2	dev
:core:navigation	transitive	androidx.compose.ui:ui-text:1.9.2	prod
:core:navigation	transitive	androidx.compose.ui:ui-unit-android:1.9.0	dev
:core:navigation	transitive	androidx.compose.ui:ui-unit-android:1.9.0	prod
:core:navigation	transitive	androidx.compose.ui:ui-unit-android:1.9.2	dev
:core:navigation	transitive	androidx.compose.ui:ui-unit-android:1.9.2	prod
:core:navigation	transitive	androidx.compose.ui:ui-unit:1.9.0	dev
:core:navigation	transitive	androidx.compose.ui:ui-unit:1.9.0	prod
:core:navigation	transitive	androidx.compose.ui:ui-unit:1.9.2	dev
:core:navigation	transitive	androidx.compose.ui:ui-unit:1.9.2	prod
:core:navigation	transitive	androidx.compose.ui:ui-util-android:1.9.0	dev
:core:navigation	transitive	androidx.compose.ui:ui-util-android:1.9.0	prod
:core:navigation	transitive	androidx.compose.ui:ui-util-android:1.9.2	dev
:core:navigation	transitive	androidx.compose.ui:ui-util-android:1.9.2	prod
:core:navigation	transitive	androidx.compose.ui:ui-util:1.9.0	dev
:core:navigation	transitive	androidx.compose.ui:ui-util:1.9.0	prod
:core:navigation	transitive	androidx.compose.ui:ui-util:1.9.2	dev
:core:navigation	transitive	androidx.compose.ui:ui-util:1.9.2	prod
:core:navigation	transitive	androidx.compose.ui:ui:1.9.0	dev
:core:navigation	transitive	androidx.compose.ui:ui:1.9.0	prod
:core:navigation	transitive	androidx.compose.ui:ui:1.9.2	dev
:core:navigation	transitive	androidx.compose.ui:ui:1.9.2	prod
:core:navigation	transitive	androidx.concurrent:concurrent-futures:1.1.0	dev
:core:navigation	transitive	androidx.concurrent:concurrent-futures:1.1.0	prod
:core:navigation	transitive	androidx.core:core-ktx:1.16.0	dev
:core:navigation	transitive	androidx.core:core-ktx:1.16.0	prod
:core:navigation	transitive	androidx.core:core-viewtree:1.0.0	dev
:core:navigation	transitive	androidx.core:core-viewtree:1.0.0	prod
:core:navigation	transitive	androidx.core:core:1.16.0	dev
:core:navigation	transitive	androidx.core:core:1.16.0	prod
:core:navigation	transitive	androidx.customview:customview-poolingcontainer:1.0.0	dev
:core:navigation	transitive	androidx.customview:customview-poolingcontainer:1.0.0	prod
:core:navigation	transitive	androidx.customview:customview:1.0.0	dev
:core:navigation	transitive	androidx.customview:customview:1.0.0	prod
:core:navigation	transitive	androidx.emoji2:emoji2:1.4.0	dev
:core:navigation	transitive	androidx.emoji2:emoji2:1.4.0	prod
:core:navigation	transitive	androidx.fragment:fragment:1.5.1	dev
:core:navigation	transitive	androidx.fragment:fragment:1.5.1	prod
:core:navigation	transitive	androidx.graphics:graphics-path:1.0.1	dev
:core:navigation	transitive	androidx.graphics:graphics-path:1.0.1	prod
:core:navigation	transitive	androidx.interpolator:interpolator:1.0.0	dev
:core:navigation	transitive	androidx.interpolator:interpolator:1.0.0	prod
:core:navigation	transitive	androidx.lifecycle:lifecycle-common-jvm:2.10.0	dev
:core:navigation	transitive	androidx.lifecycle:lifecycle-common-jvm:2.10.0	prod
:core:navigation	transitive	androidx.lifecycle:lifecycle-common:2.10.0	dev
:core:navigation	transitive	androidx.lifecycle:lifecycle-common:2.10.0	prod
:core:navigation	transitive	androidx.lifecycle:lifecycle-livedata-core-ktx:2.10.0	dev
:core:navigation	transitive	androidx.lifecycle:lifecycle-livedata-core-ktx:2.10.0	prod
:core:navigation	transitive	androidx.lifecycle:lifecycle-livedata-core:2.10.0	dev
:core:navigation	transitive	androidx.lifecycle:lifecycle-livedata-core:2.10.0	prod
:core:navigation	transitive	androidx.lifecycle:lifecycle-livedata:2.10.0	dev
:core:navigation	transitive	androidx.lifecycle:lifecycle-livedata:2.10.0	prod
:core:navigation	transitive	androidx.lifecycle:lifecycle-process:2.10.0	dev
:core:navigation	transitive	androidx.lifecycle:lifecycle-process:2.10.0	prod
:core:navigation	transitive	androidx.lifecycle:lifecycle-runtime-android:2.10.0	dev
:core:navigation	transitive	androidx.lifecycle:lifecycle-runtime-android:2.10.0	prod
:core:navigation	transitive	androidx.lifecycle:lifecycle-runtime-compose-android:2.10.0	dev
:core:navigation	transitive	androidx.lifecycle:lifecycle-runtime-compose-android:2.10.0	prod
:core:navigation	transitive	androidx.lifecycle:lifecycle-runtime-compose:2.10.0	dev
:core:navigation	transitive	androidx.lifecycle:lifecycle-runtime-compose:2.10.0	prod
:core:navigation	transitive	androidx.lifecycle:lifecycle-runtime-ktx-android:2.10.0	dev
:core:navigation	transitive	androidx.lifecycle:lifecycle-runtime-ktx-android:2.10.0	prod
:core:navigation	transitive	androidx.lifecycle:lifecycle-runtime-ktx:2.10.0	dev
:core:navigation	transitive	androidx.lifecycle:lifecycle-runtime-ktx:2.10.0	prod
:core:navigation	transitive	androidx.lifecycle:lifecycle-runtime:2.10.0	dev
:core:navigation	transitive	androidx.lifecycle:lifecycle-runtime:2.10.0	prod
:core:navigation	transitive	androidx.lifecycle:lifecycle-viewmodel-android:2.10.0	dev
:core:navigation	transitive	androidx.lifecycle:lifecycle-viewmodel-android:2.10.0	prod
:core:navigation	transitive	androidx.lifecycle:lifecycle-viewmodel-compose-android:2.10.0	dev
:core:navigation	transitive	androidx.lifecycle:lifecycle-viewmodel-compose-android:2.10.0	prod
:core:navigation	transitive	androidx.lifecycle:lifecycle-viewmodel-compose:2.10.0	dev
:core:navigation	transitive	androidx.lifecycle:lifecycle-viewmodel-compose:2.10.0	prod
:core:navigation	transitive	androidx.lifecycle:lifecycle-viewmodel-ktx:2.10.0	dev
:core:navigation	transitive	androidx.lifecycle:lifecycle-viewmodel-ktx:2.10.0	prod
:core:navigation	transitive	androidx.lifecycle:lifecycle-viewmodel-navigation3-android:2.10.0	dev
:core:navigation	transitive	androidx.lifecycle:lifecycle-viewmodel-navigation3-android:2.10.0	prod
:core:navigation	transitive	androidx.lifecycle:lifecycle-viewmodel-navigation3:2.10.0	dev
:core:navigation	transitive	androidx.lifecycle:lifecycle-viewmodel-savedstate-android:2.10.0	dev
:core:navigation	transitive	androidx.lifecycle:lifecycle-viewmodel-savedstate-android:2.10.0	prod
:core:navigation	transitive	androidx.lifecycle:lifecycle-viewmodel-savedstate:2.10.0	dev
:core:navigation	transitive	androidx.lifecycle:lifecycle-viewmodel-savedstate:2.10.0	prod
:core:navigation	transitive	androidx.lifecycle:lifecycle-viewmodel:2.10.0	dev
:core:navigation	transitive	androidx.lifecycle:lifecycle-viewmodel:2.10.0	prod
:core:navigation	transitive	androidx.loader:loader:1.0.0	dev
:core:navigation	transitive	androidx.loader:loader:1.0.0	prod
:core:navigation	transitive	androidx.navigation3:navigation3-runtime-android:1.0.0	dev
:core:navigation	transitive	androidx.navigation3:navigation3-runtime-android:1.0.0	prod
:core:navigation	transitive	androidx.navigation3:navigation3-runtime:1.0.0	dev
:core:navigation	transitive	androidx.navigationevent:navigationevent-android:1.0.0	dev
:core:navigation	transitive	androidx.navigationevent:navigationevent-android:1.0.0	prod
:core:navigation	transitive	androidx.navigationevent:navigationevent-compose-android:1.0.0	dev
:core:navigation	transitive	androidx.navigationevent:navigationevent-compose-android:1.0.0	prod
:core:navigation	transitive	androidx.navigationevent:navigationevent-compose:1.0.0	dev
:core:navigation	transitive	androidx.navigationevent:navigationevent-compose:1.0.0	prod
:core:navigation	transitive	androidx.navigationevent:navigationevent:1.0.0	dev
:core:navigation	transitive	androidx.navigationevent:navigationevent:1.0.0	prod
:core:navigation	transitive	androidx.profileinstaller:profileinstaller:1.4.0	dev
:core:navigation	transitive	androidx.profileinstaller:profileinstaller:1.4.0	prod
:core:navigation	transitive	androidx.savedstate:savedstate-android:1.4.0	dev
:core:navigation	transitive	androidx.savedstate:savedstate-android:1.4.0	prod
:core:navigation	transitive	androidx.savedstate:savedstate-compose-android:1.4.0	dev
:core:navigation	transitive	androidx.savedstate:savedstate-compose-android:1.4.0	prod
:core:navigation	transitive	androidx.savedstate:savedstate-compose:1.4.0	dev
:core:navigation	transitive	androidx.savedstate:savedstate-ktx:1.4.0	dev
:core:navigation	transitive	androidx.savedstate:savedstate-ktx:1.4.0	prod
:core:navigation	transitive	androidx.savedstate:savedstate:1.4.0	dev
:core:navigation	transitive	androidx.savedstate:savedstate:1.4.0	prod
:core:navigation	transitive	androidx.startup:startup-runtime:1.1.1	dev
:core:navigation	transitive	androidx.startup:startup-runtime:1.1.1	prod
:core:navigation	transitive	androidx.tracing:tracing-ktx:1.3.0-alpha02	dev
:core:navigation	transitive	androidx.tracing:tracing:1.3.0-alpha02	dev
:core:navigation	transitive	androidx.tracing:tracing:1.3.0-alpha02	prod
:core:navigation	transitive	androidx.versionedparcelable:versionedparcelable:1.1.1	dev
:core:navigation	transitive	androidx.versionedparcelable:versionedparcelable:1.1.1	prod
:core:navigation	transitive	androidx.viewpager:viewpager:1.0.0	dev
:core:navigation	transitive	androidx.viewpager:viewpager:1.0.0	prod
:core:navigation	transitive	com.google.auto.value:auto-value-annotations:1.11.0	dev
:core:navigation	transitive	com.google.code.findbugs:jsr305:3.0.2	dev
:core:navigation	transitive	com.google.code.findbugs:jsr305:3.0.2	prod
:core:navigation	transitive	com.google.dagger:dagger-lint-aar:2.59	dev
:core:navigation	transitive	com.google.dagger:dagger-lint-aar:2.59	prod
:core:navigation	transitive	com.google.dagger:dagger:2.59	dev
:core:navigation	transitive	com.google.dagger:dagger:2.59	prod
:core:navigation	transitive	com.google.dagger:hilt-android:2.59	dev
:core:navigation	transitive	com.google.dagger:hilt-core:2.59	dev
:core:navigation	transitive	com.google.dagger:hilt-core:2.59	prod
:core:navigation	transitive	com.google.errorprone:error_prone_annotations:2.28.0	dev
:core:navigation	transitive	com.google.guava:failureaccess:1.0.2	dev
:core:navigation	transitive	com.google.guava:guava:33.2.1-android	dev
:core:navigation	transitive	com.google.guava:listenablefuture:1.0	prod
:core:navigation	transitive	com.google.guava:listenablefuture:9999.0-empty-to-avoid-conflict-with-guava	dev
:core:navigation	transitive	com.google.j2objc:j2objc-annotations:3.0.0	dev
:core:navigation	transitive	jakarta.inject:jakarta.inject-api:2.0.1	dev
:core:navigation	transitive	jakarta.inject:jakarta.inject-api:2.0.1	prod
:core:navigation	transitive	javax.inject:javax.inject:1	dev
:core:navigation	transitive	javax.inject:javax.inject:1	prod
:core:navigation	transitive	org.checkerframework:checker-qual:3.42.0	dev
:core:navigation	transitive	org.hamcrest:hamcrest-core:1.3	dev
:core:navigation	transitive	org.jetbrains.kotlin:kotlin-stdlib-common:2.3.0	dev
:core:navigation	transitive	org.jetbrains.kotlin:kotlin-stdlib-common:2.3.0	prod
:core:navigation	transitive	org.jetbrains.kotlin:kotlin-stdlib:2.3.0	dev
:core:navigation	transitive	org.jetbrains.kotlinx:kotlinx-coroutines-android:1.9.0	dev
:core:navigation	transitive	org.jetbrains.kotlinx:kotlinx-coroutines-android:1.9.0	prod
:core:navigation	transitive	org.jetbrains.kotlinx:kotlinx-coroutines-bom:1.9.0	dev
:core:navigation	transitive	org.jetbrains.kotlinx:kotlinx-coroutines-bom:1.9.0	prod
:core:navigation	transitive	org.jetbrains.kotlinx:kotlinx-coroutines-core-jvm:1.9.0	dev
:core:navigation	transitive	org.jetbrains.kotlinx:kotlinx-coroutines-core-jvm:1.9.0	prod
:core:navigation	transitive	org.jetbrains.kotlinx:kotlinx-coroutines-core:1.9.0	dev
:core:navigation	transitive	org.jetbrains.kotlinx:kotlinx-coroutines-core:1.9.0	prod
:core:navigation	transitive	org.jetbrains.kotlinx:kotlinx-serialization-bom:1.7.3	dev
:core:navigation	transitive	org.jetbrains.kotlinx:kotlinx-serialization-bom:1.7.3	prod
:core:navigation	transitive	org.jetbrains.kotlinx:kotlinx-serialization-core-jvm:1.7.3	dev
:core:navigation	transitive	org.jetbrains.kotlinx:kotlinx-serialization-core-jvm:1.7.3	prod
:core:navigation	transitive	org.jetbrains.kotlinx:kotlinx-serialization-core:1.7.3	dev
:core:navigation	transitive	org.jetbrains.kotlinx:kotlinx-serialization-core:1.7.3	prod
:core:navigation	transitive	org.jetbrains:annotations:23.0.0	dev
:core:navigation	transitive	org.jetbrains:annotations:23.0.0	prod
:core:navigation	transitive	org.jspecify:jspecify:1.0.0	dev
:core:navigation	transitive	org.jspecify:jspecify:1.0.0	prod
:core:navigation	transitive	org.ow2.asm:asm:9.7	dev
:feature:bookmarks:api	direct	androidx.tracing:tracing-ktx:1.3.0-alpha02	dev
:feature:bookmarks:api	direct	androidx.tracing:tracing-ktx:1.3.0-alpha02	prod
:feature:bookmarks:api	direct	junit:junit:4.13.2	dev
:feature:bookmarks:api	direct	org.jetbrains.kotlin:kotlin-stdlib:2.3.0	dev
:feature:bookmarks:api	direct	org.jetbrains.kotlin:kotlin-stdlib:2.3.0	prod
:feature:bookmarks:api	direct	org.jetbrains.kotlin:kotlin-test:2.3.0	dev
:feature:bookmarks:api	transitive	androidx.activity:activity-compose:1.12.0	dev
:feature:bookmarks:api	transitive	androidx.activity:activity-compose:1.12.0	prod
:feature:bookmarks:api	transitive	androidx.activity:activity-ktx:1.12.0	dev
:feature:bookmarks:api	transitive	androidx.activity:activity-ktx:1.12.0	prod
:feature:bookmarks:api	transitive	androidx.activity:activity:1.12.0	dev
:feature:bookmarks:api	transitive	androidx.activity:activity:1.12.0	prod
:feature:bookmarks:api	transitive	androidx.annotation:annotation-experimental:1.4.1	dev
:feature:bookmarks:api	transitive	androidx.annotation:annotation-experimental:1.4.1	prod
:feature:bookmarks:api	transitive	androidx.annotation:annotation-jvm:1.9.1	dev
:feature:bookmarks:api	transitive	androidx.annotation:annotation-jvm:1.9.1	prod
:feature:bookmarks:api	transitive	androidx.annotation:annotation:1.9.1	dev
:feature:bookmarks:api	transitive	androidx.annotation:annotation:1.9.1	prod
:feature:bookmarks:api	transitive	androidx.arch.core:core-common:2.2.0	dev
:feature:bookmarks:api	transitive	androidx.arch.core:core-common:2.2.0	prod
:feature:bookmarks:api	transitive	androidx.arch.core:core-runtime:2.2.0	dev
:feature:bookmarks:api	transitive	androidx.arch.core:core-runtime:2.2.0	prod
:feature:bookmarks:api	transitive	androidx.autofill:autofill:1.0.0	dev
:feature:bookmarks:api	transitive	androidx.autofill:autofill:1.0.0	prod
:feature:bookmarks:api	transitive	androidx.collection:collection-jvm:1.5.0	dev
:feature:bookmarks:api	transitive	androidx.collection:collection-jvm:1.5.0	prod
:feature:bookmarks:api	transitive	androidx.collection:collection-ktx:1.5.0	dev
:feature:bookmarks:api	transitive	androidx.collection:collection-ktx:1.5.0	prod
:feature:bookmarks:api	transitive	androidx.collection:collection:1.5.0	dev
:feature:bookmarks:api	transitive	androidx.collection:collection:1.5.0	prod
:feature:bookmarks:api	transitive	androidx.compose.runtime:runtime-android:1.9.5	dev
:feature:bookmarks:api	transitive	androidx.compose.runtime:runtime-android:1.9.5	prod
:feature:bookmarks:api	transitive	androidx.compose.runtime:runtime-annotation-android:1.9.5	dev
:feature:bookmarks:api	transitive	androidx.compose.runtime:runtime-annotation-android:1.9.5	prod
:feature:bookmarks:api	transitive	androidx.compose.runtime:runtime-annotation:1.9.5	dev
:feature:bookmarks:api	transitive	androidx.compose.runtime:runtime-annotation:1.9.5	prod
:feature:bookmarks:api	transitive	androidx.compose.runtime:runtime-saveable-android:1.9.5	dev
:feature:bookmarks:api	transitive	androidx.compose.runtime:runtime-saveable-android:1.9.5	prod
:feature:bookmarks:api	transitive	androidx.compose.runtime:runtime-saveable:1.9.5	dev
:feature:bookmarks:api	transitive	androidx.compose.runtime:runtime-saveable:1.9.5	prod
:feature:bookmarks:api	transitive	androidx.compose.runtime:runtime:1.9.5	dev
:feature:bookmarks:api	transitive	androidx.compose.runtime:runtime:1.9.5	prod
:feature:bookmarks:api	transitive	androidx.compose.ui:ui-android:1.9.2	dev
:feature:bookmarks:api	transitive	androidx.compose.ui:ui-android:1.9.2	prod
:feature:bookmarks:api	transitive	androidx.compose.ui:ui-geometry-android:1.9.2	dev
:feature:bookmarks:api	transitive	androidx.compose.ui:ui-geometry-android:1.9.2	prod
:feature:bookmarks:api	transitive	androidx.compose.ui:ui-geometry:1.9.2	dev
:feature:bookmarks:api	transitive	androidx.compose.ui:ui-geometry:1.9.2	prod
:feature:bookmarks:api	transitive	androidx.compose.ui:ui-graphics-android:1.9.2	dev
:feature:bookmarks:api	transitive	androidx.compose.ui:ui-graphics-android:1.9.2	prod
:feature:bookmarks:api	transitive	androidx.compose.ui:ui-graphics:1.9.2	dev
:feature:bookmarks:api	transitive	androidx.compose.ui:ui-graphics:1.9.2	prod
:feature:bookmarks:api	transitive	androidx.compose.ui:ui-text-android:1.9.2	dev
:feature:bookmarks:api	transitive	androidx.compose.ui:ui-text-android:1.9.2	prod
:feature:bookmarks:api	transitive	androidx.compose.ui:ui-text:1.9.2	dev
:feature:bookmarks:api	transitive	androidx.compose.ui:ui-text:1.9.2	prod
:feature:bookmarks:api	transitive	androidx.compose.ui:ui-unit-android:1.9.2	dev
:feature:bookmarks:api	transitive	androidx.compose.ui:ui-unit-android:1.9.2	prod
:feature:bookmarks:api	transitive	androidx.compose.ui:ui-unit:1.9.2	dev
:feature:bookmarks:api	transitive	androidx.compose.ui:ui-unit:1.9.2	prod
:feature:bookmarks:api	transitive	androidx.compose.ui:ui-util-android:1.9.2	dev
:feature:bookmarks:api	transitive	androidx.compose.ui:ui-util-android:1.9.2	prod
:feature:bookmarks:api	transitive	androidx.compose.ui:ui-util:1.9.2	dev
:feature:bookmarks:api	transitive	androidx.compose.ui:ui-util:1.9.2	prod
:feature:bookmarks:api	transitive	androidx.compose.ui:ui:1.9.2	dev
:feature:bookmarks:api	transitive	androidx.compose.ui:ui:1.9.2	prod
:feature:bookmarks:api	transitive	androidx.concurrent:concurrent-futures:1.1.0	dev
:feature:bookmarks:api	transitive	androidx.concurrent:concurrent-futures:1.1.0	prod
:feature:bookmarks:api	transitive	androidx.core:core-ktx:1.16.0	dev
:feature:bookmarks:api	transitive	androidx.core:core-ktx:1.16.0	prod
:feature:bookmarks:api	transitive	androidx.core:core-viewtree:1.0.0	dev
:feature:bookmarks:api	transitive	androidx.core:core-viewtree:1.0.0	prod
:feature:bookmarks:api	transitive	androidx.core:core:1.16.0	dev
:feature:bookmarks:api	transitive	androidx.core:core:1.16.0	prod
:feature:bookmarks:api	transitive	androidx.customview:customview-poolingcontainer:1.0.0	dev
:feature:bookmarks:api	transitive	androidx.customview:customview-poolingcontainer:1.0.0	prod
:feature:bookmarks:api	transitive	androidx.customview:customview:1.0.0	dev
:feature:bookmarks:api	transitive	androidx.customview:customview:1.0.0	prod
:feature:bookmarks:api	transitive	androidx.emoji2:emoji2:1.4.0	dev
:feature:bookmarks:api	transitive	androidx.emoji2:emoji2:1.4.0	prod
:feature:bookmarks:api	transitive	androidx.fragment:fragment:1.5.1	dev
:feature:bookmarks:api	transitive	androidx.fragment:fragment:1.5.1	prod
:feature:bookmarks:api	transitive	androidx.graphics:graphics-path:1.0.1	dev
:feature:bookmarks:api	transitive	androidx.graphics:graphics-path:1.0.1	prod
:feature:bookmarks:api	transitive	androidx.interpolator:interpolator:1.0.0	dev
:feature:bookmarks:api	transitive	androidx.interpolator:interpolator:1.0.0	prod
:feature:bookmarks:api	transitive	androidx.lifecycle:lifecycle-common-jvm:2.10.0	dev
:feature:bookmarks:api	transitive	androidx.lifecycle:lifecycle-common-jvm:2.10.0	prod
:feature:bookmarks:api	transitive	androidx.lifecycle:lifecycle-common:2.10.0	dev
:feature:bookmarks:api	transitive	androidx.lifecycle:lifecycle-common:2.10.0	prod
:feature:bookmarks:api	transitive	androidx.lifecycle:lifecycle-livedata-core-ktx:2.10.0	dev
:feature:bookmarks:api	transitive	androidx.lifecycle:lifecycle-livedata-core-ktx:2.10.0	prod
:feature:bookmarks:api	transitive	androidx.lifecycle:lifecycle-livedata-core:2.10.0	dev
:feature:bookmarks:api	transitive	androidx.lifecycle:lifecycle-livedata-core:2.10.0	prod
:feature:bookmarks:api	transitive	androidx.lifecycle:lifecycle-livedata:2.10.0	dev
:feature:bookmarks:api	transitive	androidx.lifecycle:lifecycle-livedata:2.10.0	prod
:feature:bookmarks:api	transitive	androidx.lifecycle:lifecycle-process:2.10.0	dev
:feature:bookmarks:api	transitive	androidx.lifecycle:lifecycle-process:2.10.0	prod
:feature:bookmarks:api	transitive	androidx.lifecycle:lifecycle-runtime-android:2.10.0	dev
:feature:bookmarks:api	transitive	androidx.lifecycle:lifecycle-runtime-android:2.10.0	prod
:feature:bookmarks:api	transitive	androidx.lifecycle:lifecycle-runtime-compose-android:2.10.0	dev
:feature:bookmarks:api	transitive	androidx.lifecycle:lifecycle-runtime-compose-android:2.10.0	prod
:feature:bookmarks:api	transitive	androidx.lifecycle:lifecycle-runtime-compose:2.10.0	dev
:feature:bookmarks:api	transitive	androidx.lifecycle:lifecycle-runtime-compose:2.10.0	prod
:feature:bookmarks:api	transitive	androidx.lifecycle:lifecycle-runtime-ktx-android:2.10.0	dev
:feature:bookmarks:api	transitive	androidx.lifecycle:lifecycle-runtime-ktx-android:2.10.0	prod
:feature:bookmarks:api	transitive	androidx.lifecycle:lifecycle-runtime-ktx:2.10.0	dev
:feature:bookmarks:api	transitive	androidx.lifecycle:lifecycle-runtime-ktx:2.10.0	prod
:feature:bookmarks:api	transitive	androidx.lifecycle:lifecycle-runtime:2.10.0	dev
:feature:bookmarks:api	transitive	androidx.lifecycle:lifecycle-runtime:2.10.0	prod
:feature:bookmarks:api	transitive	androidx.lifecycle:lifecycle-viewmodel-android:2.10.0	dev
:feature:bookmarks:api	transitive	androidx.lifecycle:lifecycle-viewmodel-android:2.10.0	prod
:feature:bookmarks:api	transitive	androidx.lifecycle:lifecycle-viewmodel-compose-android:2.10.0	dev
:feature:bookmarks:api	transitive	androidx.lifecycle:lifecycle-viewmodel-compose-android:2.10.0	prod
:feature:bookmarks:api	transitive	androidx.lifecycle:lifecycle-viewmodel-compose:2.10.0	dev
:feature:bookmarks:api	transitive	androidx.lifecycle:lifecycle-viewmodel-compose:2.10.0	prod
:feature:bookmarks:api	transitive	androidx.lifecycle:lifecycle-viewmodel-ktx:2.10.0	dev
:feature:bookmarks:api	transitive	androidx.lifecycle:lifecycle-viewmodel-ktx:2.10.0	prod
:feature:bookmarks:api	transitive	androidx.lifecycle:lifecycle-viewmodel-navigation3-android:2.10.0	dev
:feature:bookmarks:api	transitive	androidx.lifecycle:lifecycle-viewmodel-navigation3-android:2.10.0	prod
:feature:bookmarks:api	transitive	androidx.lifecycle:lifecycle-viewmodel-navigation3:2.10.0	dev
:feature:bookmarks:api	transitive	androidx.lifecycle:lifecycle-viewmodel-navigation3:2.10.0	prod
:feature:bookmarks:api	transitive	androidx.lifecycle:lifecycle-viewmodel-savedstate-android:2.10.0	dev
:feature:bookmarks:api	transitive	androidx.lifecycle:lifecycle-viewmodel-savedstate-android:2.10.0	prod
:feature:bookmarks:api	transitive	androidx.lifecycle:lifecycle-viewmodel-savedstate:2.10.0	dev
:feature:bookmarks:api	transitive	androidx.lifecycle:lifecycle-viewmodel-savedstate:2.10.0	prod
:feature:bookmarks:api	transitive	androidx.lifecycle:lifecycle-viewmodel:2.10.0	dev
:feature:bookmarks:api	transitive	androidx.lifecycle:lifecycle-viewmodel:2.10.0	prod
:feature:bookmarks:api	transitive	androidx.loader:loader:1.0.0	dev
:feature:bookmarks:api	transitive	androidx.loader:loader:1.0.0	prod
:feature:bookmarks:api	transitive	androidx.navigation3:navigation3-runtime-android:1.0.0	dev
:feature:bookmarks:api	transitive	androidx.navigation3:navigation3-runtime-android:1.0.0	prod
:feature:bookmarks:api	transitive	androidx.navigation3:navigation3-runtime:1.0.0	dev
:feature:bookmarks:api	transitive	androidx.navigation3:navigation3-runtime:1.0.0	prod
:feature:bookmarks:api	transitive	androidx.navigationevent:navigationevent-android:1.0.0	dev
:feature:bookmarks:api	transitive	androidx.navigationevent:navigationevent-android:1.0.0	prod
:feature:bookmarks:api	transitive	androidx.navigationevent:navigationevent-compose-android:1.0.0	dev
:feature:bookmarks:api	transitive	androidx.navigationevent:navigationevent-compose-android:1.0.0	prod
:feature:bookmarks:api	transitive	androidx.navigationevent:navigationevent-compose:1.0.0	dev
:feature:bookmarks:api	transitive	androidx.navigationevent:navigationevent-compose:1.0.0	prod
:feature:bookmarks:api	transitive	androidx.navigationevent:navigationevent:1.0.0	dev
:feature:bookmarks:api	transitive	androidx.navigationevent:navigationevent:1.0.0	prod
:feature:bookmarks:api	transitive	androidx.profileinstaller:profileinstaller:1.4.0	dev
:feature:bookmarks:api	transitive	androidx.profileinstaller:profileinstaller:1.4.0	prod
:feature:bookmarks:api	transitive	androidx.savedstate:savedstate-android:1.4.0	dev
:feature:bookmarks:api	transitive	androidx.savedstate:savedstate-android:1.4.0	prod
:feature:bookmarks:api	transitive	androidx.savedstate:savedstate-compose-android:1.4.0	dev
:feature:bookmarks:api	transitive	androidx.savedstate:savedstate-compose-android:1.4.0	prod
:feature:bookmarks:api	transitive	androidx.savedstate:savedstate-compose:1.4.0	dev
:feature:bookmarks:api	transitive	androidx.savedstate:savedstate-compose:1.4.0	prod
:feature:bookmarks:api	transitive	androidx.savedstate:savedstate-ktx:1.4.0	dev
:feature:bookmarks:api	transitive	androidx.savedstate:savedstate-ktx:1.4.0	prod
:feature:bookmarks:api	transitive	androidx.savedstate:savedstate:1.4.0	dev
:feature:bookmarks:api	transitive	androidx.savedstate:savedstate:1.4.0	prod
:feature:bookmarks:api	transitive	androidx.startup:startup-runtime:1.1.1	dev
:feature:bookmarks:api	transitive	androidx.startup:startup-runtime:1.1.1	prod
:feature:bookmarks:api	transitive	androidx.tracing:tracing-ktx:1.3.0-alpha02	dev
:feature:bookmarks:api	transitive	androidx.tracing:tracing:1.3.0-alpha02	dev
:feature:bookmarks:api	transitive	androidx.tracing:tracing:1.3.0-alpha02	prod
:feature:bookmarks:api	transitive	androidx.versionedparcelable:versionedparcelable:1.1.1	dev
:feature:bookmarks:api	transitive	androidx.versionedparcelable:versionedparcelable:1.1.1	prod
:feature:bookmarks:api	transitive	androidx.viewpager:viewpager:1.0.0	dev
:feature:bookmarks:api	transitive	androidx.viewpager:viewpager:1.0.0	prod
:feature:bookmarks:api	transitive	com.google.code.findbugs:jsr305:3.0.2	dev
:feature:bookmarks:api	transitive	com.google.code.findbugs:jsr305:3.0.2	prod
:feature:bookmarks:api	transitive	com.google.dagger:dagger-lint-aar:2.59	dev
:feature:bookmarks:api	transitive	com.google.dagger:dagger-lint-aar:2.59	prod
:feature:bookmarks:api	transitive	com.google.dagger:dagger:2.59	dev
:feature:bookmarks:api	transitive	com.google.dagger:dagger:2.59	prod
:feature:bookmarks:api	transitive	com.google.dagger:hilt-android:2.59	dev
:feature:bookmarks:api	transitive	com.google.dagger:hilt-android:2.59	prod
:feature:bookmarks:api	transitive	com.google.dagger:hilt-core:2.59	dev
:feature:bookmarks:api	transitive	com.google.dagger:hilt-core:2.59	prod
:feature:bookmarks:api	transitive	com.google.guava:listenablefuture:1.0	dev
:feature:bookmarks:api	transitive	com.google.guava:listenablefuture:1.0	prod
:feature:bookmarks:api	transitive	jakarta.inject:jakarta.inject-api:2.0.1	dev
:feature:bookmarks:api	transitive	jakarta.inject:jakarta.inject-api:2.0.1	prod
:feature:bookmarks:api	transitive	javax.inject:javax.inject:1	dev
:feature:bookmarks:api	transitive	javax.inject:javax.inject:1	prod
:feature:bookmarks:api	transitive	org.hamcrest:hamcrest-core:1.3	dev
:feature:bookmarks:api	transitive	org.jetbrains.kotlin:kotlin-stdlib-common:2.3.0	dev
:feature:bookmarks:api	transitive	org.jetbrains.kotlin:kotlin-stdlib-common:2.3.0	prod
:feature:bookmarks:api	transitive	org.jetbrains.kotlin:kotlin-stdlib:2.3.0	dev
:feature:bookmarks:api	transitive	org.jetbrains.kotlinx:kotlinx-coroutines-android:1.9.0	dev
:feature:bookmarks:api	transitive	org.jetbrains.kotlinx:kotlinx-coroutines-android:1.9.0	prod
:feature:bookmarks:api	transitive	org.jetbrains.kotlinx:kotlinx-coroutines-bom:1.9.0	dev
:feature:bookmarks:api	transitive	org.jetbrains.kotlinx:kotlinx-coroutines-bom:1.9.0	prod
:feature:bookmarks:api	transitive	org.jetbrains.kotlinx:kotlinx-coroutines-core-jvm:1.9.0	dev
:feature:bookmarks:api	transitive	org.jetbrains.kotlinx:kotlinx-coroutines-core-jvm:1.9.0	prod
:feature:bookmarks:api	transitive	org.jetbrains.kotlinx:kotlinx-coroutines-core:1.9.0	dev
:feature:bookmarks:api	transitive	org.jetbrains.kotlinx:kotlinx-coroutines-core:1.9.0	prod
:feature:bookmarks:api	transitive	org.jetbrains.kotlinx:kotlinx-serialization-bom:1.7.3	dev
:feature:bookmarks:api	transitive	org.jetbrains.kotlinx:kotlinx-serialization-bom:1.7.3	prod
:feature:bookmarks:api	transitive	org.jetbrains.kotlinx:kotlinx-serialization-core-jvm:1.7.3	dev
:feature:bookmarks:api	transitive	org.jetbrains.kotlinx:kotlinx-serialization-core-jvm:1.7.3	prod
:feature:bookmarks:api	transitive	org.jetbrains.kotlinx:kotlinx-serialization-core:1.7.3	dev
:feature:bookmarks:api	transitive	org.jetbrains.kotlinx:kotlinx-serialization-core:1.7.3	prod
:feature:bookmarks:api	transitive	org.jetbrains:annotations:23.0.0	dev
:feature:bookmarks:api	transitive	org.jetbrains:annotations:23.0.0	prod
:feature:bookmarks:api	transitive	org.jspecify:jspecify:1.0.0	dev
:feature:bookmarks:api	transitive	org.jspecify:jspecify:1.0.0	prod
:sync:work	direct	androidx.hilt:hilt-work:1.2.0	dev
:sync:work	direct	androidx.hilt:hilt-work:1.2.0	prod
:sync:work	direct	androidx.tracing:tracing-ktx:1.3.0-alpha02	dev
:sync:work	direct	androidx.tracing:tracing-ktx:1.3.0-alpha02	prod
:sync:work	direct	androidx.work:work-runtime-ktx:2.10.0	dev
:sync:work	direct	androidx.work:work-runtime-ktx:2.10.0	prod
:sync:work	direct	androidx.work:work-testing:2.10.0	dev
:sync:work	direct	com.google.dagger:hilt-android-testing:2.59	dev
:sync:work	direct	com.google.dagger:hilt-android:2.59	dev
:sync:work	direct	com.google.dagger:hilt-android:2.59	prod
:sync:work	direct	com.google.firebase:firebase-bom:33.7.0	dev
:sync:work	direct	com.google.firebase:firebase-bom:33.7.0	prod
:sync:work	direct	com.google.firebase:firebase-messaging:24.1.0	dev
:sync:work	direct	com.google.firebase:firebase-messaging:24.1.0	prod
:sync:work	direct	junit:junit:4.13.2	dev
:sync:work	direct	org.jacoco:org.jacoco.agent:0.8.13	dev
:sync:work	direct	org.jetbrains.kotlin:kotlin-stdlib:2.3.0	dev
:sync:work	direct	org.jetbrains.kotlin:kotlin-stdlib:2.3.0	prod
:sync:work	direct	org.jetbrains.kotlin:kotlin-test:2.3.0	dev
:sync:work	direct	org.jetbrains.kotlinx:kotlinx-coroutines-guava:1.10.1	dev
:sync:work	transitive	androidx.activity:activity-compose:1.7.0	dev
:sync:work	transitive	androidx.activity:activity-compose:1.7.0	prod
:sync:work	transitive	androidx.activity:activity-ktx:1.7.0	dev
:sync:work	transitive	androidx.activity:activity-ktx:1.7.0	prod
:sync:work	transitive	androidx.activity:activity:1.5.1	dev
:sync:work	transitive	androidx.activity:activity:1.5.1	prod
:sync:work	transitive	androidx.activity:activity:1.7.0	dev
:sync:work	transitive	androidx.activity:activity:1.7.0	prod
:sync:work	transitive	androidx.annotation:annotation-experimental:1.4.1	dev
:sync:work	transitive	androidx.annotation:annotation-experimental:1.4.1	prod
:sync:work	transitive	androidx.annotation:annotation-experimental:1.5.0	dev
:sync:work	transitive	androidx.annotation:annotation-experimental:1.5.0	prod
:sync:work	transitive	androidx.annotation:annotation-jvm:1.9.1	dev
:sync:work	transitive	androidx.annotation:annotation-jvm:1.9.1	prod
:sync:work	transitive	androidx.annotation:annotation:1.9.1	dev
:sync:work	transitive	androidx.annotation:annotation:1.9.1	prod
:sync:work	transitive	androidx.appcompat:appcompat-resources:1.6.1	dev
:sync:work	transitive	androidx.appcompat:appcompat-resources:1.6.1	prod
:sync:work	transitive	androidx.arch.core:core-common:2.2.0	dev
:sync:work	transitive	androidx.arch.core:core-common:2.2.0	prod
:sync:work	transitive	androidx.arch.core:core-runtime:2.1.0	dev
:sync:work	transitive	androidx.arch.core:core-runtime:2.1.0	prod
:sync:work	transitive	androidx.arch.core:core-runtime:2.2.0	dev
:sync:work	transitive	androidx.arch.core:core-runtime:2.2.0	prod
:sync:work	transitive	androidx.autofill:autofill:1.0.0	dev
:sync:work	transitive	androidx.autofill:autofill:1.0.0	prod
:sync:work	transitive	androidx.collection:collection-jvm:1.5.0	dev
:sync:work	transitive	androidx.collection:collection-jvm:1.5.0	prod
:sync:work	transitive	androidx.collection:collection-ktx:1.5.0	dev
:sync:work	transitive	androidx.collection:collection-ktx:1.5.0	prod
:sync:work	transitive	androidx.collection:collection:1.1.0	dev
:sync:work	transitive	androidx.collection:collection:1.1.0	prod
:sync:work	transitive	androidx.collection:collection:1.5.0	dev
:sync:work	transitive	androidx.collection:collection:1.5.0	prod
:sync:work	transitive	androidx.compose.animation:animation-android:1.10.0-alpha04	dev
:sync:work	transitive	androidx.compose.animation:animation-android:1.10.0-alpha04	prod
:sync:work	transitive	androidx.compose.animation:animation-core-android:1.10.0-alpha04	dev
:sync:work	transitive	androidx.compose.animation:animation-core-android:1.10.0-alpha04	prod
:sync:work	transitive	androidx.compose.animation:animation-core:1.10.0-alpha04	dev
:sync:work	transitive	androidx.compose.animation:animation-core:1.10.0-alpha04	prod
:sync:work	transitive	androidx.compose.animation:animation:1.10.0-alpha04	dev
:sync:work	transitive	androidx.compose.animation:animation:1.10.0-alpha04	prod
:sync:work	transitive	androidx.compose.foundation:foundation-android:1.10.0-alpha04	dev
:sync:work	transitive	androidx.compose.foundation:foundation-android:1.10.0-alpha04	prod
:sync:work	transitive	androidx.compose.foundation:foundation-layout-android:1.10.0-alpha04	dev
:sync:work	transitive	androidx.compose.foundation:foundation-layout-android:1.10.0-alpha04	prod
:sync:work	transitive	androidx.compose.foundation:foundation-layout:1.10.0-alpha04	dev
:sync:work	transitive	androidx.compose.foundation:foundation-layout:1.10.0-alpha04	prod
:sync:work	transitive	androidx.compose.foundation:foundation:1.10.0-alpha04	dev
:sync:work	transitive	androidx.compose.foundation:foundation:1.10.0-alpha04	prod
:sync:work	transitive	androidx.compose.material:material-android:1.10.0-alpha04	dev
:sync:work	transitive	androidx.compose.material:material-android:1.10.0-alpha04	prod
:sync:work	transitive	androidx.compose.material:material-ripple-android:1.10.0-alpha04	dev
:sync:work	transitive	androidx.compose.material:material-ripple-android:1.10.0-alpha04	prod
:sync:work	transitive	androidx.compose.material:material-ripple:1.10.0-alpha04	dev
:sync:work	transitive	androidx.compose.material:material-ripple:1.10.0-alpha04	prod
:sync:work	transitive	androidx.compose.material:material:1.10.0-alpha04	dev
:sync:work	transitive	androidx.compose.material:material:1.10.0-alpha04	prod
:sync:work	transitive	androidx.compose.runtime:runtime-android:1.10.0-alpha04	dev
:sync:work	transitive	androidx.compose.runtime:runtime-android:1.10.0-alpha04	prod
:sync:work	transitive	androidx.compose.runtime:runtime-annotation-android:1.10.0-alpha04	dev
:sync:work	transitive	androidx.compose.runtime:runtime-annotation-android:1.10.0-alpha04	prod
:sync:work	transitive	androidx.compose.runtime:runtime-annotation:1.10.0-alpha04	dev
:sync:work	transitive	androidx.compose.runtime:runtime-annotation:1.10.0-alpha04	prod
:sync:work	transitive	androidx.compose.runtime:runtime-retain-android:1.10.0-alpha04	dev
:sync:work	transitive	androidx.compose.runtime:runtime-retain-android:1.10.0-alpha04	prod
:sync:work	transitive	androidx.compose.runtime:runtime-retain:1.10.0-alpha04	dev
:sync:work	transitive	androidx.compose.runtime:runtime-retain:1.10.0-alpha04	prod
:sync:work	transitive	androidx.compose.runtime:runtime-saveable-android:1.10.0-alpha04	dev
:sync:work	transitive	androidx.compose.runtime:runtime-saveable-android:1.10.0-alpha04	prod
:sync:work	transitive	androidx.compose.runtime:runtime-saveable:1.10.0-alpha04	dev
:sync:work	transitive	androidx.compose.runtime:runtime-saveable:1.10.0-alpha04	prod
:sync:work	transitive	androidx.compose.runtime:runtime:1.10.0-alpha04	dev
:sync:work	transitive	androidx.compose.runtime:runtime:1.10.0-alpha04	prod
:sync:work	transitive	androidx.compose.ui:ui-android:1.10.0-alpha04	dev
:sync:work	transitive	androidx.compose.ui:ui-android:1.10.0-alpha04	prod
:sync:work	transitive	androidx.compose.ui:ui-geometry-android:1.10.0-alpha04	dev
:sync:work	transitive	androidx.compose.ui:ui-geometry-android:1.10.0-alpha04	prod
:sync:work	transitive	androidx.compose.ui:ui-geometry:1.10.0-alpha04	dev
:sync:work	transitive	androidx.compose.ui:ui-geometry:1.10.0-alpha04	prod
:sync:work	transitive	androidx.compose.ui:ui-graphics-android:1.10.0-alpha04	dev
:sync:work	transitive	androidx.compose.ui:ui-graphics-android:1.10.0-alpha04	prod
:sync:work	transitive	androidx.compose.ui:ui-graphics:1.10.0-alpha04	dev
:sync:work	transitive	androidx.compose.ui:ui-graphics:1.10.0-alpha04	prod
:sync:work	transitive	androidx.compose.ui:ui-text-android:1.10.0-alpha04	dev
:sync:work	transitive	androidx.compose.ui:ui-text-android:1.10.0-alpha04	prod
:sync:work	transitive	androidx.compose.ui:ui-text:1.10.0-alpha04	dev
:sync:work	transitive	androidx.compose.ui:ui-text:1.10.0-alpha04	prod
:sync:work	transitive	androidx.compose.ui:ui-tooling-android:1.10.0-alpha04	dev
:sync:work	transitive	androidx.compose.ui:ui-tooling-android:1.10.0-alpha04	prod
:sync:work	transitive	androidx.compose.ui:ui-tooling-data-android:1.10.0-alpha04	dev
:sync:work	transitive	androidx.compose.ui:ui-tooling-data-android:1.10.0-alpha04	prod
:sync:work	transitive	androidx.compose.ui:ui-tooling-data:1.10.0-alpha04	dev
:sync:work	transitive	androidx.compose.ui:ui-tooling-data:1.10.0-alpha04	prod
:sync:work	transitive	androidx.compose.ui:ui-tooling-preview-android:1.10.0-alpha04	dev
:sync:work	transitive	androidx.compose.ui:ui-tooling-preview-android:1.10.0-alpha04	prod
:sync:work	transitive	androidx.compose.ui:ui-tooling-preview:1.10.0-alpha04	dev
:sync:work	transitive	androidx.compose.ui:ui-tooling-preview:1.10.0-alpha04	prod
:sync:work	transitive	androidx.compose.ui:ui-tooling:1.10.0-alpha04	dev
:sync:work	transitive	androidx.compose.ui:ui-tooling:1.10.0-alpha04	prod
:sync:work	transitive	androidx.compose.ui:ui-unit-android:1.10.0-alpha04	dev
:sync:work	transitive	androidx.compose.ui:ui-unit-android:1.10.0-alpha04	prod
:sync:work	transitive	androidx.compose.ui:ui-unit:1.10.0-alpha04	dev
:sync:work	transitive	androidx.compose.ui:ui-unit:1.10.0-alpha04	prod
:sync:work	transitive	androidx.compose.ui:ui-util-android:1.10.0-alpha04	dev
:sync:work	transitive	androidx.compose.ui:ui-util-android:1.10.0-alpha04	prod
:sync:work	transitive	androidx.compose.ui:ui-util:1.10.0-alpha04	dev
:sync:work	transitive	androidx.compose.ui:ui-util:1.10.0-alpha04	prod
:sync:work	transitive	androidx.compose.ui:ui:1.10.0-alpha04	dev
:sync:work	transitive	androidx.compose.ui:ui:1.10.0-alpha04	prod
:sync:work	transitive	androidx.compose:compose-bom-alpha:2025.09.01	dev
:sync:work	transitive	androidx.compose:compose-bom-alpha:2025.09.01	prod
:sync:work	transitive	androidx.concurrent:concurrent-futures-ktx:1.1.0	dev
:sync:work	transitive	androidx.concurrent:concurrent-futures-ktx:1.1.0	prod
:sync:work	transitive	androidx.concurrent:concurrent-futures:1.1.0	dev
:sync:work	transitive	androidx.concurrent:concurrent-futures:1.1.0	prod
:sync:work	transitive	androidx.core:core-ktx:1.12.0	prod
:sync:work	transitive	androidx.core:core-ktx:1.16.0	dev
:sync:work	transitive	androidx.core:core-ktx:1.16.0	prod
:sync:work	transitive	androidx.core:core-ktx:1.2.0	dev
:sync:work	transitive	androidx.core:core-ktx:1.2.0	prod
:sync:work	transitive	androidx.core:core-viewtree:1.0.0	dev
:sync:work	transitive	androidx.core:core-viewtree:1.0.0	prod
:sync:work	transitive	androidx.core:core:1.12.0	dev
:sync:work	transitive	androidx.core:core:1.12.0	prod
:sync:work	transitive	androidx.core:core:1.16.0	dev
:sync:work	transitive	androidx.core:core:1.16.0	prod
:sync:work	transitive	androidx.customview:customview-poolingcontainer:1.0.0	dev
:sync:work	transitive	androidx.customview:customview-poolingcontainer:1.0.0	prod
:sync:work	transitive	androidx.customview:customview:1.0.0	dev
:sync:work	transitive	androidx.customview:customview:1.0.0	prod
:sync:work	transitive	androidx.datastore:datastore-android:1.2.0	dev
:sync:work	transitive	androidx.datastore:datastore-android:1.2.0	prod
:sync:work	transitive	androidx.datastore:datastore-core-android:1.2.0	dev
:sync:work	transitive	androidx.datastore:datastore-core-android:1.2.0	prod
:sync:work	transitive	androidx.datastore:datastore-core-okio-jvm:1.2.0	dev
:sync:work	transitive	androidx.datastore:datastore-core-okio-jvm:1.2.0	prod
:sync:work	transitive	androidx.datastore:datastore-core-okio:1.2.0	dev
:sync:work	transitive	androidx.datastore:datastore-core-okio:1.2.0	prod
:sync:work	transitive	androidx.datastore:datastore-core:1.2.0	dev
:sync:work	transitive	androidx.datastore:datastore-core:1.2.0	prod
:sync:work	transitive	androidx.datastore:datastore:1.2.0	dev
:sync:work	transitive	androidx.datastore:datastore:1.2.0	prod
:sync:work	transitive	androidx.documentfile:documentfile:1.0.0	dev
:sync:work	transitive	androidx.documentfile:documentfile:1.0.0	prod
:sync:work	transitive	androidx.dynamicanimation:dynamicanimation:1.0.0	dev
:sync:work	transitive	androidx.dynamicanimation:dynamicanimation:1.0.0	prod
:sync:work	transitive	androidx.emoji2:emoji2:1.4.0	dev
:sync:work	transitive	androidx.emoji2:emoji2:1.4.0	prod
:sync:work	transitive	androidx.exifinterface:exifinterface:1.3.7	dev
:sync:work	transitive	androidx.exifinterface:exifinterface:1.3.7	prod
:sync:work	transitive	androidx.fragment:fragment:1.5.1	dev
:sync:work	transitive	androidx.fragment:fragment:1.5.1	prod
:sync:work	transitive	androidx.graphics:graphics-path:1.0.1	dev
:sync:work	transitive	androidx.graphics:graphics-path:1.0.1	prod
:sync:work	transitive	androidx.hilt:hilt-common:1.2.0	dev
:sync:work	transitive	androidx.hilt:hilt-common:1.2.0	prod
:sync:work	transitive	androidx.hilt:hilt-work:1.2.0	dev
:sync:work	transitive	androidx.interpolator:interpolator:1.0.0	dev
:sync:work	transitive	androidx.interpolator:interpolator:1.0.0	prod
:sync:work	transitive	androidx.legacy:legacy-support-core-utils:1.0.0	dev
:sync:work	transitive	androidx.legacy:legacy-support-core-utils:1.0.0	prod
:sync:work	transitive	androidx.lifecycle:lifecycle-common-jvm:2.9.4	dev
:sync:work	transitive	androidx.lifecycle:lifecycle-common-jvm:2.9.4	prod
:sync:work	transitive	androidx.lifecycle:lifecycle-common:2.6.2	dev
:sync:work	transitive	androidx.lifecycle:lifecycle-common:2.6.2	prod
:sync:work	transitive	androidx.lifecycle:lifecycle-common:2.7.0	prod
:sync:work	transitive	androidx.lifecycle:lifecycle-common:2.9.4	dev
:sync:work	transitive	androidx.lifecycle:lifecycle-common:2.9.4	prod
:sync:work	transitive	androidx.lifecycle:lifecycle-livedata-core-ktx:2.7.0	prod
:sync:work	transitive	androidx.lifecycle:lifecycle-livedata-core-ktx:2.9.4	dev
:sync:work	transitive	androidx.lifecycle:lifecycle-livedata-core-ktx:2.9.4	prod
:sync:work	transitive	androidx.lifecycle:lifecycle-livedata-core:2.6.2	dev
:sync:work	transitive	androidx.lifecycle:lifecycle-livedata-core:2.6.2	prod
:sync:work	transitive	androidx.lifecycle:lifecycle-livedata-core:2.7.0	prod
:sync:work	transitive	androidx.lifecycle:lifecycle-livedata-core:2.9.4	dev
:sync:work	transitive	androidx.lifecycle:lifecycle-livedata-core:2.9.4	prod
:sync:work	transitive	androidx.lifecycle:lifecycle-livedata:2.6.2	dev
:sync:work	transitive	androidx.lifecycle:lifecycle-livedata:2.6.2	prod
:sync:work	transitive	androidx.lifecycle:lifecycle-livedata:2.7.0	prod
:sync:work	transitive	androidx.lifecycle:lifecycle-livedata:2.9.4	dev
:sync:work	transitive	androidx.lifecycle:lifecycle-livedata:2.9.4	prod
:sync:work	transitive	androidx.lifecycle:lifecycle-process:2.9.4	dev
:sync:work	transitive	androidx.lifecycle:lifecycle-process:2.9.4	prod
:sync:work	transitive	androidx.lifecycle:lifecycle-runtime-android:2.9.4	dev
:sync:work	transitive	androidx.lifecycle:lifecycle-runtime-android:2.9.4	prod
:sync:work	transitive	androidx.lifecycle:lifecycle-runtime-compose-android:2.9.4	dev
:sync:work	transitive	androidx.lifecycle:lifecycle-runtime-compose-android:2.9.4	prod
:sync:work	transitive	androidx.lifecycle:lifecycle-runtime-compose:2.9.4	dev
:sync:work	transitive	androidx.lifecycle:lifecycle-runtime-compose:2.9.4	prod
:sync:work	transitive	androidx.lifecycle:lifecycle-runtime-ktx-android:2.9.4	dev
:sync:work	transitive	androidx.lifecycle:lifecycle-runtime-ktx-android:2.9.4	prod
:sync:work	transitive	androidx.lifecycle:lifecycle-runtime-ktx:2.9.4	dev
:sync:work	transitive	androidx.lifecycle:lifecycle-runtime-ktx:2.9.4	prod
:sync:work	transitive	androidx.lifecycle:lifecycle-runtime:2.6.2	dev
:sync:work	transitive	androidx.lifecycle:lifecycle-runtime:2.6.2	prod
:sync:work	transitive	androidx.lifecycle:lifecycle-runtime:2.7.0	prod
:sync:work	transitive	androidx.lifecycle:lifecycle-runtime:2.9.4	dev
:sync:work	transitive	androidx.lifecycle:lifecycle-runtime:2.9.4	prod
:sync:work	transitive	androidx.lifecycle:lifecycle-service:2.7.0	prod
:sync:work	transitive	androidx.lifecycle:lifecycle-service:2.9.4	dev
:sync:work	transitive	androidx.lifecycle:lifecycle-service:2.9.4	prod
:sync:work	transitive	androidx.lifecycle:lifecycle-viewmodel-android:2.9.4	dev
:sync:work	transitive	androidx.lifecycle:lifecycle-viewmodel-android:2.9.4	prod
:sync:work	transitive	androidx.lifecycle:lifecycle-viewmodel-ktx:2.9.4	dev
:sync:work	transitive	androidx.lifecycle:lifecycle-viewmodel-ktx:2.9.4	prod
:sync:work	transitive	androidx.lifecycle:lifecycle-viewmodel-savedstate-android:2.9.4	dev
:sync:work	transitive	androidx.lifecycle:lifecycle-viewmodel-savedstate-android:2.9.4	prod
:sync:work	transitive	androidx.lifecycle:lifecycle-viewmodel-savedstate:2.6.2	dev
:sync:work	transitive	androidx.lifecycle:lifecycle-viewmodel-savedstate:2.6.2	prod
:sync:work	transitive	androidx.lifecycle:lifecycle-viewmodel-savedstate:2.7.0	prod
:sync:work	transitive	androidx.lifecycle:lifecycle-viewmodel-savedstate:2.9.4	dev
:sync:work	transitive	androidx.lifecycle:lifecycle-viewmodel-savedstate:2.9.4	prod
:sync:work	transitive	androidx.lifecycle:lifecycle-viewmodel:2.6.2	dev
:sync:work	transitive	androidx.lifecycle:lifecycle-viewmodel:2.6.2	prod
:sync:work	transitive	androidx.lifecycle:lifecycle-viewmodel:2.7.0	prod
:sync:work	transitive	androidx.lifecycle:lifecycle-viewmodel:2.9.4	dev
:sync:work	transitive	androidx.lifecycle:lifecycle-viewmodel:2.9.4	prod
:sync:work	transitive	androidx.loader:loader:1.0.0	dev
:sync:work	transitive	androidx.loader:loader:1.0.0	prod
:sync:work	transitive	androidx.localbroadcastmanager:localbroadcastmanager:1.0.0	dev
:sync:work	transitive	androidx.localbroadcastmanager:localbroadcastmanager:1.0.0	prod
:sync:work	transitive	androidx.multidex:multidex:2.0.1	dev
:sync:work	transitive	androidx.print:print:1.0.0	dev
:sync:work	transitive	androidx.print:print:1.0.0	prod
:sync:work	transitive	androidx.privacysandbox.ads:ads-adservices-java:1.0.0-beta05	dev
:sync:work	transitive	androidx.privacysandbox.ads:ads-adservices-java:1.0.0-beta05	prod
:sync:work	transitive	androidx.privacysandbox.ads:ads-adservices:1.0.0-beta05	dev
:sync:work	transitive	androidx.privacysandbox.ads:ads-adservices:1.0.0-beta05	prod
:sync:work	transitive	androidx.profileinstaller:profileinstaller:1.3.1	prod
:sync:work	transitive	androidx.profileinstaller:profileinstaller:1.4.0	dev
:sync:work	transitive	androidx.profileinstaller:profileinstaller:1.4.0	prod
:sync:work	transitive	androidx.room:room-common-jvm:2.8.3	dev
:sync:work	transitive	androidx.room:room-common-jvm:2.8.3	prod
:sync:work	transitive	androidx.room:room-common:2.8.3	dev
:sync:work	transitive	androidx.room:room-common:2.8.3	prod
:sync:work	transitive	androidx.room:room-ktx:2.8.3	dev
:sync:work	transitive	androidx.room:room-ktx:2.8.3	prod
:sync:work	transitive	androidx.room:room-runtime-android:2.8.3	dev
:sync:work	transitive	androidx.room:room-runtime-android:2.8.3	prod
:sync:work	transitive	androidx.room:room-runtime:2.8.3	dev
:sync:work	transitive	androidx.room:room-runtime:2.8.3	prod
:sync:work	transitive	androidx.savedstate:savedstate-android:1.3.2	dev
:sync:work	transitive	androidx.savedstate:savedstate-android:1.3.2	prod
:sync:work	transitive	androidx.savedstate:savedstate-compose-android:1.3.2	dev
:sync:work	transitive	androidx.savedstate:savedstate-compose-android:1.3.2	prod
:sync:work	transitive	androidx.savedstate:savedstate-compose:1.3.2	dev
:sync:work	transitive	androidx.savedstate:savedstate-compose:1.3.2	prod
:sync:work	transitive	androidx.savedstate:savedstate-ktx:1.3.2	dev
:sync:work	transitive	androidx.savedstate:savedstate-ktx:1.3.2	prod
:sync:work	transitive	androidx.savedstate:savedstate:1.2.1	dev
:sync:work	transitive	androidx.savedstate:savedstate:1.2.1	prod
:sync:work	transitive	androidx.savedstate:savedstate:1.3.2	dev
:sync:work	transitive	androidx.savedstate:savedstate:1.3.2	prod
:sync:work	transitive	androidx.sqlite:sqlite-android:2.6.1	dev
:sync:work	transitive	androidx.sqlite:sqlite-android:2.6.1	prod
:sync:work	transitive	androidx.sqlite:sqlite-framework-android:2.6.1	dev
:sync:work	transitive	androidx.sqlite:sqlite-framework-android:2.6.1	prod
:sync:work	transitive	androidx.sqlite:sqlite-framework:2.6.1	dev
:sync:work	transitive	androidx.sqlite:sqlite-framework:2.6.1	prod
:sync:work	transitive	androidx.sqlite:sqlite:2.6.1	dev
:sync:work	transitive	androidx.sqlite:sqlite:2.6.1	prod
:sync:work	transitive	androidx.startup:startup-runtime:1.1.1	dev
:sync:work	transitive	androidx.startup:startup-runtime:1.1.1	prod
:sync:work	transitive	androidx.test.services:storage:1.6.0-rc01	dev
:sync:work	transitive	androidx.test:core:1.4.0	dev
:sync:work	transitive	androidx.test:monitor:1.4.0	dev
:sync:work	transitive	androidx.test:monitor:1.8.0-rc01	dev
:sync:work	transitive	androidx.test:rules:1.7.0-rc01	dev
:sync:work	transitive	androidx.test:runner:1.7.0-rc01	dev
:sync:work	transitive	androidx.tracing:tracing-ktx:1.3.0-alpha02	dev
:sync:work	transitive	androidx.tracing:tracing:1.3.0-alpha02	dev
:sync:work	transitive	androidx.tracing:tracing:1.3.0-alpha02	prod
:sync:work	transitive	androidx.transition:transition:1.6.0	dev
:sync:work	transitive	androidx.transition:transition:1.6.0	prod
:sync:work	transitive	androidx.vectordrawable:vectordrawable-animated:1.1.0	dev
:sync:work	transitive	androidx.vectordrawable:vectordrawable-animated:1.1.0	prod
:sync:work	transitive	androidx.vectordrawable:vectordrawable:1.1.0	dev
:sync:work	transitive	androidx.vectordrawable:vectordrawable:1.1.0	prod
:sync:work	transitive	androidx.versionedparcelable:versionedparcelable:1.1.1	dev
:sync:work	transitive	androidx.versionedparcelable:versionedparcelable:1.1.1	prod
:sync:work	transitive	androidx.viewpager:viewpager:1.0.0	dev
:sync:work	transitive	androidx.viewpager:viewpager:1.0.0	prod
:sync:work	transitive	androidx.work:work-runtime-ktx:2.10.0	dev
:sync:work	transitive	androidx.work:work-runtime:2.10.0	dev
:sync:work	transitive	androidx.work:work-runtime:2.10.0	prod
:sync:work	transitive	com.caverock:androidsvg-aar:1.4	dev
:sync:work	transitive	com.caverock:androidsvg-aar:1.4	prod
:sync:work	transitive	com.google.android.datatransport:transport-api:3.0.0	dev
:sync:work	transitive	com.google.android.datatransport:transport-api:3.0.0	prod
:sync:work	transitive	com.google.android.datatransport:transport-api:3.1.0	dev
:sync:work	transitive	com.google.android.datatransport:transport-api:3.1.0	prod
:sync:work	transitive	com.google.android.datatransport:transport-backend-cct:3.1.9	dev
:sync:work	transitive	com.google.android.datatransport:transport-backend-cct:3.1.9	prod
:sync:work	transitive	com.google.android.datatransport:transport-runtime:3.1.9	dev
:sync:work	transitive	com.google.android.datatransport:transport-runtime:3.1.9	prod
:sync:work	transitive	com.google.android.gms:play-services-ads-identifier:18.0.0	dev
:sync:work	transitive	com.google.android.gms:play-services-ads-identifier:18.0.0	prod
:sync:work	transitive	com.google.android.gms:play-services-base:18.5.0	dev
:sync:work	transitive	com.google.android.gms:play-services-base:18.5.0	prod
:sync:work	transitive	com.google.android.gms:play-services-basement:18.0.0	dev
:sync:work	transitive	com.google.android.gms:play-services-basement:18.0.0	prod
:sync:work	transitive	com.google.android.gms:play-services-basement:18.4.0	dev
:sync:work	transitive	com.google.android.gms:play-services-basement:18.4.0	prod
:sync:work	transitive	com.google.android.gms:play-services-cloud-messaging:17.2.0	dev
:sync:work	transitive	com.google.android.gms:play-services-cloud-messaging:17.2.0	prod
:sync:work	transitive	com.google.android.gms:play-services-measurement-api:22.1.2	dev
:sync:work	transitive	com.google.android.gms:play-services-measurement-api:22.1.2	prod
:sync:work	transitive	com.google.android.gms:play-services-measurement-base:22.1.2	dev
:sync:work	transitive	com.google.android.gms:play-services-measurement-base:22.1.2	prod
:sync:work	transitive	com.google.android.gms:play-services-measurement-impl:22.1.2	dev
:sync:work	transitive	com.google.android.gms:play-services-measurement-impl:22.1.2	prod
:sync:work	transitive	com.google.android.gms:play-services-measurement-sdk-api:22.1.2	dev
:sync:work	transitive	com.google.android.gms:play-services-measurement-sdk-api:22.1.2	prod
:sync:work	transitive	com.google.android.gms:play-services-measurement-sdk:22.1.2	dev
:sync:work	transitive	com.google.android.gms:play-services-measurement-sdk:22.1.2	prod
:sync:work	transitive	com.google.android.gms:play-services-measurement:22.1.2	dev
:sync:work	transitive	com.google.android.gms:play-services-measurement:22.1.2	prod
:sync:work	transitive	com.google.android.gms:play-services-stats:17.0.2	dev
:sync:work	transitive	com.google.android.gms:play-services-stats:17.0.2	prod
:sync:work	transitive	com.google.android.gms:play-services-tasks:18.0.1	dev
:sync:work	transitive	com.google.android.gms:play-services-tasks:18.0.1	prod
:sync:work	transitive	com.google.android.gms:play-services-tasks:18.2.0	dev
:sync:work	transitive	com.google.android.gms:play-services-tasks:18.2.0	prod
:sync:work	transitive	com.google.code.findbugs:jsr305:3.0.2	dev
:sync:work	transitive	com.google.code.findbugs:jsr305:3.0.2	prod
:sync:work	transitive	com.google.dagger:dagger-lint-aar:2.59	dev
:sync:work	transitive	com.google.dagger:dagger-lint-aar:2.59	prod
:sync:work	transitive	com.google.dagger:dagger:2.59	dev
:sync:work	transitive	com.google.dagger:dagger:2.59	prod
:sync:work	transitive	com.google.dagger:hilt-android:2.59	dev
:sync:work	transitive	com.google.dagger:hilt-core:2.59	dev
:sync:work	transitive	com.google.dagger:hilt-core:2.59	prod
:sync:work	transitive	com.google.errorprone:error_prone_annotations:2.26.0	dev
:sync:work	transitive	com.google.errorprone:error_prone_annotations:2.26.0	prod
:sync:work	transitive	com.google.errorprone:error_prone_annotations:2.7.1	dev
:sync:work	transitive	com.google.firebase:firebase-analytics:22.1.2	dev
:sync:work	transitive	com.google.firebase:firebase-analytics:22.1.2	prod
:sync:work	transitive	com.google.firebase:firebase-annotations:16.2.0	dev
:sync:work	transitive	com.google.firebase:firebase-annotations:16.2.0	prod
:sync:work	transitive	com.google.firebase:firebase-bom:33.7.0	dev
:sync:work	transitive	com.google.firebase:firebase-common-ktx:21.0.0	dev
:sync:work	transitive	com.google.firebase:firebase-common-ktx:21.0.0	prod
:sync:work	transitive	com.google.firebase:firebase-common:21.0.0	dev
:sync:work	transitive	com.google.firebase:firebase-common:21.0.0	prod
:sync:work	transitive	com.google.firebase:firebase-components:18.0.0	dev
:sync:work	transitive	com.google.firebase:firebase-components:18.0.0	prod
:sync:work	transitive	com.google.firebase:firebase-datatransport:18.2.0	dev
:sync:work	transitive	com.google.firebase:firebase-datatransport:18.2.0	prod
:sync:work	transitive	com.google.firebase:firebase-encoders-json:18.0.0	dev
:sync:work	transitive	com.google.firebase:firebase-encoders-json:18.0.0	prod
:sync:work	transitive	com.google.firebase:firebase-encoders-proto:16.0.0	dev
:sync:work	transitive	com.google.firebase:firebase-encoders-proto:16.0.0	prod
:sync:work	transitive	com.google.firebase:firebase-encoders:17.0.0	dev
:sync:work	transitive	com.google.firebase:firebase-encoders:17.0.0	prod
:sync:work	transitive	com.google.firebase:firebase-iid-interop:17.1.0	dev
:sync:work	transitive	com.google.firebase:firebase-iid-interop:17.1.0	prod
:sync:work	transitive	com.google.firebase:firebase-installations-interop:17.1.1	dev
:sync:work	transitive	com.google.firebase:firebase-installations-interop:17.1.1	prod
:sync:work	transitive	com.google.firebase:firebase-installations:18.0.0	dev
:sync:work	transitive	com.google.firebase:firebase-installations:18.0.0	prod
:sync:work	transitive	com.google.firebase:firebase-measurement-connector:19.0.0	dev
:sync:work	transitive	com.google.firebase:firebase-measurement-connector:19.0.0	prod
:sync:work	transitive	com.google.firebase:firebase-messaging:24.1.0	dev
:sync:work	transitive	com.google.guava:failureaccess:1.0.1	dev
:sync:work	transitive	com.google.guava:failureaccess:1.0.1	prod
:sync:work	transitive	com.google.guava:guava:31.0.1-jre	dev
:sync:work	transitive	com.google.guava:guava:31.1-android	dev
:sync:work	transitive	com.google.guava:guava:31.1-android	prod
:sync:work	transitive	com.google.guava:listenablefuture:1.0	dev
:sync:work	transitive	com.google.guava:listenablefuture:1.0	prod
:sync:work	transitive	com.google.guava:listenablefuture:9999.0-empty-to-avoid-conflict-with-guava	dev
:sync:work	transitive	com.google.guava:listenablefuture:9999.0-empty-to-avoid-conflict-with-guava	prod
:sync:work	transitive	com.google.j2objc:j2objc-annotations:1.3	dev
:sync:work	transitive	com.google.j2objc:j2objc-annotations:1.3	prod
:sync:work	transitive	com.google.protobuf:protobuf-javalite:4.29.2	dev
:sync:work	transitive	com.google.protobuf:protobuf-javalite:4.29.2	prod
:sync:work	transitive	com.google.protobuf:protobuf-kotlin-lite:4.29.2	dev
:sync:work	transitive	com.google.protobuf:protobuf-kotlin-lite:4.29.2	prod
:sync:work	transitive	com.squareup.okhttp3:logging-interceptor:4.12.0	dev
:sync:work	transitive	com.squareup.okhttp3:logging-interceptor:4.12.0	prod
:sync:work	transitive	com.squareup.okhttp3:okhttp:4.12.0	dev
:sync:work	transitive	com.squareup.okhttp3:okhttp:4.12.0	prod
:sync:work	transitive	com.squareup.okio:okio-jvm:3.9.1	dev
:sync:work	transitive	com.squareup.okio:okio-jvm:3.9.1	prod
:sync:work	transitive	com.squareup.okio:okio:3.9.1	dev
:sync:work	transitive	com.squareup.okio:okio:3.9.1	prod
:sync:work	transitive	com.squareup.retrofit2:converter-kotlinx-serialization:2.11.0	dev
:sync:work	transitive	com.squareup.retrofit2:converter-kotlinx-serialization:2.11.0	prod
:sync:work	transitive	com.squareup.retrofit2:retrofit:2.11.0	dev
:sync:work	transitive	com.squareup.retrofit2:retrofit:2.11.0	prod
:sync:work	transitive	io.coil-kt:coil-base:2.7.0	dev
:sync:work	transitive	io.coil-kt:coil-base:2.7.0	prod
:sync:work	transitive	io.coil-kt:coil-svg:2.7.0	dev
:sync:work	transitive	io.coil-kt:coil-svg:2.7.0	prod
:sync:work	transitive	io.coil-kt:coil:2.7.0	dev
:sync:work	transitive	io.coil-kt:coil:2.7.0	prod
:sync:work	transitive	jakarta.inject:jakarta.inject-api:2.0.1	dev
:sync:work	transitive	jakarta.inject:jakarta.inject-api:2.0.1	prod
:sync:work	transitive	javax.inject:javax.inject:1	dev
:sync:work	transitive	javax.inject:javax.inject:1	prod
:sync:work	transitive	junit:junit:4.13.2	dev
:sync:work	transitive	org.checkerframework:checker-qual:3.12.0	dev
:sync:work	transitive	org.checkerframework:checker-qual:3.12.0	prod
:sync:work	transitive	org.hamcrest:hamcrest-core:1.3	dev
:sync:work	transitive	org.jetbrains.kotlin:kotlin-stdlib-common:2.3.0	dev
:sync:work	transitive	org.jetbrains.kotlin:kotlin-stdlib-common:2.3.0	prod
:sync:work	transitive	org.jetbrains.kotlin:kotlin-stdlib-jdk7:1.8.21	dev
:sync:work	transitive	org.jetbrains.kotlin:kotlin-stdlib-jdk7:1.8.21	prod
:sync:work	transitive	org.jetbrains.kotlin:kotlin-stdlib-jdk7:1.8.22	dev
:sync:work	transitive	org.jetbrains.kotlin:kotlin-stdlib-jdk7:1.8.22	prod
:sync:work	transitive	org.jetbrains.kotlin:kotlin-stdlib-jdk8:1.8.21	dev
:sync:work	transitive	org.jetbrains.kotlin:kotlin-stdlib-jdk8:1.8.21	prod
:sync:work	transitive	org.jetbrains.kotlin:kotlin-stdlib-jdk8:1.8.22	dev
:sync:work	transitive	org.jetbrains.kotlin:kotlin-stdlib-jdk8:1.8.22	prod
:sync:work	transitive	org.jetbrains.kotlin:kotlin-stdlib:2.3.0	dev
:sync:work	transitive	org.jetbrains.kotlinx:kotlinx-coroutines-android:1.10.1	dev
:sync:work	transitive	org.jetbrains.kotlinx:kotlinx-coroutines-android:1.10.1	prod
:sync:work	transitive	org.jetbrains.kotlinx:kotlinx-coroutines-android:1.9.0	dev
:sync:work	transitive	org.jetbrains.kotlinx:kotlinx-coroutines-android:1.9.0	prod
:sync:work	transitive	org.jetbrains.kotlinx:kotlinx-coroutines-bom:1.10.1	dev
:sync:work	transitive	org.jetbrains.kotlinx:kotlinx-coroutines-bom:1.10.1	prod
:sync:work	transitive	org.jetbrains.kotlinx:kotlinx-coroutines-bom:1.9.0	dev
:sync:work	transitive	org.jetbrains.kotlinx:kotlinx-coroutines-bom:1.9.0	prod
:sync:work	transitive	org.jetbrains.kotlinx:kotlinx-coroutines-core-jvm:1.10.1	dev
:sync:work	transitive	org.jetbrains.kotlinx:kotlinx-coroutines-core-jvm:1.10.1	prod
:sync:work	transitive	org.jetbrains.kotlinx:kotlinx-coroutines-core-jvm:1.9.0	dev
:sync:work	transitive	org.jetbrains.kotlinx:kotlinx-coroutines-core-jvm:1.9.0	prod
:sync:work	transitive	org.jetbrains.kotlinx:kotlinx-coroutines-core:1.10.1	dev
:sync:work	transitive	org.jetbrains.kotlinx:kotlinx-coroutines-core:1.10.1	prod
:sync:work	transitive	org.jetbrains.kotlinx:kotlinx-coroutines-core:1.9.0	dev
:sync:work	transitive	org.jetbrains.kotlinx:kotlinx-coroutines-core:1.9.0	prod
:sync:work	transitive	org.jetbrains.kotlinx:kotlinx-coroutines-play-services:1.10.1	dev
:sync:work	transitive	org.jetbrains.kotlinx:kotlinx-coroutines-play-services:1.10.1	prod
:sync:work	transitive	org.jetbrains.kotlinx:kotlinx-coroutines-play-services:1.9.0	dev
:sync:work	transitive	org.jetbrains.kotlinx:kotlinx-coroutines-play-services:1.9.0	prod
:sync:work	transitive	org.jetbrains.kotlinx:kotlinx-coroutines-test-jvm:1.10.1	dev
:sync:work	transitive	org.jetbrains.kotlinx:kotlinx-coroutines-test:1.10.1	dev
:sync:work	transitive	org.jetbrains.kotlinx:kotlinx-datetime-jvm:0.6.1	dev
:sync:work	transitive	org.jetbrains.kotlinx:kotlinx-datetime-jvm:0.6.1	prod
:sync:work	transitive	org.jetbrains.kotlinx:kotlinx-datetime:0.6.1	dev
:sync:work	transitive	org.jetbrains.kotlinx:kotlinx-datetime:0.6.1	prod
:sync:work	transitive	org.jetbrains.kotlinx:kotlinx-serialization-bom:1.8.0	dev
:sync:work	transitive	org.jetbrains.kotlinx:kotlinx-serialization-bom:1.8.0	prod
:sync:work	transitive	org.jetbrains.kotlinx:kotlinx-serialization-core-jvm:1.8.0	dev
:sync:work	transitive	org.jetbrains.kotlinx:kotlinx-serialization-core-jvm:1.8.0	prod
:sync:work	transitive	org.jetbrains.kotlinx:kotlinx-serialization-core:1.8.0	dev
:sync:work	transitive	org.jetbrains.kotlinx:kotlinx-serialization-core:1.8.0	prod
:sync:work	transitive	org.jetbrains.kotlinx:kotlinx-serialization-json-jvm:1.8.0	dev
:sync:work	transitive	org.jetbrains.kotlinx:kotlinx-serialization-json-jvm:1.8.0	prod
:sync:work	transitive	org.jetbrains.kotlinx:kotlinx-serialization-json:1.8.0	dev
:sync:work	transitive	org.jetbrains.kotlinx:kotlinx-serialization-json:1.8.0	prod
:sync:work	transitive	org.jetbrains:annotations:23.0.0	dev
:sync:work	transitive	org.jetbrains:annotations:23.0.0	prod
:sync:work	transitive	org.jspecify:jspecify:1.0.0	dev
:sync:work	transitive	org.jspecify:jspecify:1.0.0	prod
:feature:foryou:api	direct	androidx.tracing:tracing-ktx:1.3.0-alpha02	dev
:feature:foryou:api	direct	androidx.tracing:tracing-ktx:1.3.0-alpha02	prod
:feature:foryou:api	direct	junit:junit:4.13.2	dev
:feature:foryou:api	direct	org.jetbrains.kotlin:kotlin-stdlib:2.3.0	dev
:feature:foryou:api	direct	org.jetbrains.kotlin:kotlin-stdlib:2.3.0	prod
:feature:foryou:api	direct	org.jetbrains.kotlin:kotlin-test:2.3.0	dev
:feature:foryou:api	transitive	androidx.activity:activity-compose:1.12.0	dev
:feature:foryou:api	transitive	androidx.activity:activity-compose:1.12.0	prod
:feature:foryou:api	transitive	androidx.activity:activity-ktx:1.12.0	dev
:feature:foryou:api	transitive	androidx.activity:activity-ktx:1.12.0	prod
:feature:foryou:api	transitive	androidx.activity:activity:1.12.0	dev
:feature:foryou:api	transitive	androidx.activity:activity:1.12.0	prod
:feature:foryou:api	transitive	androidx.annotation:annotation-experimental:1.4.1	dev
:feature:foryou:api	transitive	androidx.annotation:annotation-experimental:1.4.1	prod
:feature:foryou:api	transitive	androidx.annotation:annotation-jvm:1.9.1	dev
:feature:foryou:api	transitive	androidx.annotation:annotation-jvm:1.9.1	prod
:feature:foryou:api	transitive	androidx.annotation:annotation:1.9.1	dev
:feature:foryou:api	transitive	androidx.annotation:annotation:1.9.1	prod
:feature:foryou:api	transitive	androidx.arch.core:core-common:2.2.0	dev
:feature:foryou:api	transitive	androidx.arch.core:core-common:2.2.0	prod
:feature:foryou:api	transitive	androidx.arch.core:core-runtime:2.2.0	dev
:feature:foryou:api	transitive	androidx.arch.core:core-runtime:2.2.0	prod
:feature:foryou:api	transitive	androidx.autofill:autofill:1.0.0	dev
:feature:foryou:api	transitive	androidx.autofill:autofill:1.0.0	prod
:feature:foryou:api	transitive	androidx.collection:collection-jvm:1.5.0	dev
:feature:foryou:api	transitive	androidx.collection:collection-jvm:1.5.0	prod
:feature:foryou:api	transitive	androidx.collection:collection-ktx:1.5.0	dev
:feature:foryou:api	transitive	androidx.collection:collection-ktx:1.5.0	prod
:feature:foryou:api	transitive	androidx.collection:collection:1.5.0	dev
:feature:foryou:api	transitive	androidx.collection:collection:1.5.0	prod
:feature:foryou:api	transitive	androidx.compose.runtime:runtime-android:1.9.5	dev
:feature:foryou:api	transitive	androidx.compose.runtime:runtime-android:1.9.5	prod
:feature:foryou:api	transitive	androidx.compose.runtime:runtime-annotation-android:1.9.5	dev
:feature:foryou:api	transitive	androidx.compose.runtime:runtime-annotation-android:1.9.5	prod
:feature:foryou:api	transitive	androidx.compose.runtime:runtime-annotation:1.9.5	dev
:feature:foryou:api	transitive	androidx.compose.runtime:runtime-annotation:1.9.5	prod
:feature:foryou:api	transitive	androidx.compose.runtime:runtime-saveable-android:1.9.5	dev
:feature:foryou:api	transitive	androidx.compose.runtime:runtime-saveable-android:1.9.5	prod
:feature:foryou:api	transitive	androidx.compose.runtime:runtime-saveable:1.9.5	dev
:feature:foryou:api	transitive	androidx.compose.runtime:runtime-saveable:1.9.5	prod
:feature:foryou:api	transitive	androidx.compose.runtime:runtime:1.9.5	dev
:feature:foryou:api	transitive	androidx.compose.runtime:runtime:1.9.5	prod
:feature:foryou:api	transitive	androidx.compose.ui:ui-android:1.9.2	dev
:feature:foryou:api	transitive	androidx.compose.ui:ui-android:1.9.2	prod
:feature:foryou:api	transitive	androidx.compose.ui:ui-geometry-android:1.9.2	dev
:feature:foryou:api	transitive	androidx.compose.ui:ui-geometry-android:1.9.2	prod
:feature:foryou:api	transitive	androidx.compose.ui:ui-geometry:1.9.2	dev
:feature:foryou:api	transitive	androidx.compose.ui:ui-geometry:1.9.2	prod
:feature:foryou:api	transitive	androidx.compose.ui:ui-graphics-android:1.9.2	dev
:feature:foryou:api	transitive	androidx.compose.ui:ui-graphics-android:1.9.2	prod
:feature:foryou:api	transitive	androidx.compose.ui:ui-graphics:1.9.2	dev
:feature:foryou:api	transitive	androidx.compose.ui:ui-graphics:1.9.2	prod
:feature:foryou:api	transitive	androidx.compose.ui:ui-text-android:1.9.2	dev
:feature:foryou:api	transitive	androidx.compose.ui:ui-text-android:1.9.2	prod
:feature:foryou:api	transitive	androidx.compose.ui:ui-text:1.9.2	dev
:feature:foryou:api	transitive	androidx.compose.ui:ui-text:1.9.2	prod
:feature:foryou:api	transitive	androidx.compose.ui:ui-unit-android:1.9.2	dev
:feature:foryou:api	transitive	androidx.compose.ui:ui-unit-android:1.9.2	prod
:feature:foryou:api	transitive	androidx.compose.ui:ui-unit:1.9.2	dev
:feature:foryou:api	transitive	androidx.compose.ui:ui-unit:1.9.2	prod
:feature:foryou:api	transitive	androidx.compose.ui:ui-util-android:1.9.2	dev
:feature:foryou:api	transitive	androidx.compose.ui:ui-util-android:1.9.2	prod
:feature:foryou:api	transitive	androidx.compose.ui:ui-util:1.9.2	dev
:feature:foryou:api	transitive	androidx.compose.ui:ui-util:1.9.2	prod
:feature:foryou:api	transitive	androidx.compose.ui:ui:1.9.2	dev
:feature:foryou:api	transitive	androidx.compose.ui:ui:1.9.2	prod
:feature:foryou:api	transitive	androidx.concurrent:concurrent-futures:1.1.0	dev
:feature:foryou:api	transitive	androidx.concurrent:concurrent-futures:1.1.0	prod
:feature:foryou:api	transitive	androidx.core:core-ktx:1.16.0	dev
:feature:foryou:api	transitive	androidx.core:core-ktx:1.16.0	prod
:feature:foryou:api	transitive	androidx.core:core-viewtree:1.0.0	dev
:feature:foryou:api	transitive	androidx.core:core-viewtree:1.0.0	prod
:feature:foryou:api	transitive	androidx.core:core:1.16.0	dev
:feature:foryou:api	transitive	androidx.core:core:1.16.0	prod
:feature:foryou:api	transitive	androidx.customview:customview-poolingcontainer:1.0.0	dev
:feature:foryou:api	transitive	androidx.customview:customview-poolingcontainer:1.0.0	prod
:feature:foryou:api	transitive	androidx.customview:customview:1.0.0	dev
:feature:foryou:api	transitive	androidx.customview:customview:1.0.0	prod
:feature:foryou:api	transitive	androidx.emoji2:emoji2:1.4.0	dev
:feature:foryou:api	transitive	androidx.emoji2:emoji2:1.4.0	prod
:feature:foryou:api	transitive	androidx.fragment:fragment:1.5.1	dev
:feature:foryou:api	transitive	androidx.fragment:fragment:1.5.1	prod
:feature:foryou:api	transitive	androidx.graphics:graphics-path:1.0.1	dev
:feature:foryou:api	transitive	androidx.graphics:graphics-path:1.0.1	prod
:feature:foryou:api	transitive	androidx.interpolator:interpolator:1.0.0	dev
:feature:foryou:api	transitive	androidx.interpolator:interpolator:1.0.0	prod
:feature:foryou:api	transitive	androidx.lifecycle:lifecycle-common-jvm:2.10.0	dev
:feature:foryou:api	transitive	androidx.lifecycle:lifecycle-common-jvm:2.10.0	prod
:feature:foryou:api	transitive	androidx.lifecycle:lifecycle-common:2.10.0	dev
:feature:foryou:api	transitive	androidx.lifecycle:lifecycle-common:2.10.0	prod
:feature:foryou:api	transitive	androidx.lifecycle:lifecycle-livedata-core-ktx:2.10.0	dev
:feature:foryou:api	transitive	androidx.lifecycle:lifecycle-livedata-core-ktx:2.10.0	prod
:feature:foryou:api	transitive	androidx.lifecycle:lifecycle-livedata-core:2.10.0	dev
:feature:foryou:api	transitive	androidx.lifecycle:lifecycle-livedata-core:2.10.0	prod
:feature:foryou:api	transitive	androidx.lifecycle:lifecycle-livedata:2.10.0	dev
:feature:foryou:api	transitive	androidx.lifecycle:lifecycle-livedata:2.10.0	prod
:feature:foryou:api	transitive	androidx.lifecycle:lifecycle-process:2.10.0	dev
:feature:foryou:api	transitive	androidx.lifecycle:lifecycle-process:2.10.0	prod
:feature:foryou:api	transitive	androidx.lifecycle:lifecycle-runtime-android:2.10.0	dev
:feature:foryou:api	transitive	androidx.lifecycle:lifecycle-runtime-android:2.10.0	prod
:feature:foryou:api	transitive	androidx.lifecycle:lifecycle-runtime-compose-android:2.10.0	dev
:feature:foryou:api	transitive	androidx.lifecycle:lifecycle-runtime-compose-android:2.10.0	prod
:feature:foryou:api	transitive	androidx.lifecycle:lifecycle-runtime-compose:2.10.0	dev
:feature:foryou:api	transitive	androidx.lifecycle:lifecycle-runtime-compose:2.10.0	prod
:feature:foryou:api	transitive	androidx.lifecycle:lifecycle-runtime-ktx-android:2.10.0	dev
:feature:foryou:api	transitive	androidx.lifecycle:lifecycle-runtime-ktx-android:2.10.0	prod
:feature:foryou:api	transitive	androidx.lifecycle:lifecycle-runtime-ktx:2.10.0	dev
:feature:foryou:api	transitive	androidx.lifecycle:lifecycle-runtime-ktx:2.10.0	prod
:feature:foryou:api	transitive	androidx.lifecycle:lifecycle-runtime:2.10.0	dev
:feature:foryou:api	transitive	androidx.lifecycle:lifecycle-runtime:2.10.0	prod
:feature:foryou:api	transitive	androidx.lifecycle:lifecycle-viewmodel-android:2.10.0	dev
:feature:foryou:api	transitive	androidx.lifecycle:lifecycle-viewmodel-android:2.10.0	prod
:feature:foryou:api	transitive	androidx.lifecycle:lifecycle-viewmodel-compose-android:2.10.0	dev
:feature:foryou:api	transitive	androidx.lifecycle:lifecycle-viewmodel-compose-android:2.10.0	prod
:feature:foryou:api	transitive	androidx.lifecycle:lifecycle-viewmodel-compose:2.10.0	dev
:feature:foryou:api	transitive	androidx.lifecycle:lifecycle-viewmodel-compose:2.10.0	prod
:feature:foryou:api	transitive	androidx.lifecycle:lifecycle-viewmodel-ktx:2.10.0	dev
:feature:foryou:api	transitive	androidx.lifecycle:lifecycle-viewmodel-ktx:2.10.0	prod
:feature:foryou:api	transitive	androidx.lifecycle:lifecycle-viewmodel-navigation3-android:2.10.0	dev
:feature:foryou:api	transitive	androidx.lifecycle:lifecycle-viewmodel-navigation3-android:2.10.0	prod
:feature:foryou:api	transitive	androidx.lifecycle:lifecycle-viewmodel-navigation3:2.10.0	dev
:feature:foryou:api	transitive	androidx.lifecycle:lifecycle-viewmodel-navigation3:2.10.0	prod
:feature:foryou:api	transitive	androidx.lifecycle:lifecycle-viewmodel-savedstate-android:2.10.0	dev
:feature:foryou:api	transitive	androidx.lifecycle:lifecycle-viewmodel-savedstate-android:2.10.0	prod
:feature:foryou:api	transitive	androidx.lifecycle:lifecycle-viewmodel-savedstate:2.10.0	dev
:feature:foryou:api	transitive	androidx.lifecycle:lifecycle-viewmodel-savedstate:2.10.0	prod
:feature:foryou:api	transitive	androidx.lifecycle:lifecycle-viewmodel:2.10.0	dev
:feature:foryou:api	transitive	androidx.lifecycle:lifecycle-viewmodel:2.10.0	prod
:feature:foryou:api	transitive	androidx.loader:loader:1.0.0	dev
:feature:foryou:api	transitive	androidx.loader:loader:1.0.0	prod
:feature:foryou:api	transitive	androidx.navigation3:navigation3-runtime-android:1.0.0	dev
:feature:foryou:api	transitive	androidx.navigation3:navigation3-runtime-android:1.0.0	prod
:feature:foryou:api	transitive	androidx.navigation3:navigation3-runtime:1.0.0	dev
:feature:foryou:api	transitive	androidx.navigation3:navigation3-runtime:1.0.0	prod
:feature:foryou:api	transitive	androidx.navigationevent:navigationevent-android:1.0.0	dev
:feature:foryou:api	transitive	androidx.navigationevent:navigationevent-android:1.0.0	prod
:feature:foryou:api	transitive	androidx.navigationevent:navigationevent-compose-android:1.0.0	dev
:feature:foryou:api	transitive	androidx.navigationevent:navigationevent-compose-android:1.0.0	prod
:feature:foryou:api	transitive	androidx.navigationevent:navigationevent-compose:1.0.0	dev
:feature:foryou:api	transitive	androidx.navigationevent:navigationevent-compose:1.0.0	prod
:feature:foryou:api	transitive	androidx.navigationevent:navigationevent:1.0.0	dev
:feature:foryou:api	transitive	androidx.navigationevent:navigationevent:1.0.0	prod
:feature:foryou:api	transitive	androidx.profileinstaller:profileinstaller:1.4.0	dev
:feature:foryou:api	transitive	androidx.profileinstaller:profileinstaller:1.4.0	prod
:feature:foryou:api	transitive	androidx.savedstate:savedstate-android:1.4.0	dev
:feature:foryou:api	transitive	androidx.savedstate:savedstate-android:1.4.0	prod
:feature:foryou:api	transitive	androidx.savedstate:savedstate-compose-android:1.4.0	dev
:feature:foryou:api	transitive	androidx.savedstate:savedstate-compose-android:1.4.0	prod
:feature:foryou:api	transitive	androidx.savedstate:savedstate-compose:1.4.0	dev
:feature:foryou:api	transitive	androidx.savedstate:savedstate-compose:1.4.0	prod
:feature:foryou:api	transitive	androidx.savedstate:savedstate-ktx:1.4.0	dev
:feature:foryou:api	transitive	androidx.savedstate:savedstate-ktx:1.4.0	prod
:feature:foryou:api	transitive	androidx.savedstate:savedstate:1.4.0	dev
:feature:foryou:api	transitive	androidx.savedstate:savedstate:1.4.0	prod
:feature:foryou:api	transitive	androidx.startup:startup-runtime:1.1.1	dev
:feature:foryou:api	transitive	androidx.startup:startup-runtime:1.1.1	prod
:feature:foryou:api	transitive	androidx.tracing:tracing-ktx:1.3.0-alpha02	dev
:feature:foryou:api	transitive	androidx.tracing:tracing:1.3.0-alpha02	dev
:feature:foryou:api	transitive	androidx.tracing:tracing:1.3.0-alpha02	prod
:feature:foryou:api	transitive	androidx.versionedparcelable:versionedparcelable:1.1.1	dev
:feature:foryou:api	transitive	androidx.versionedparcelable:versionedparcelable:1.1.1	prod
:feature:foryou:api	transitive	androidx.viewpager:viewpager:1.0.0	dev
:feature:foryou:api	transitive	androidx.viewpager:viewpager:1.0.0	prod
:feature:foryou:api	transitive	com.google.code.findbugs:jsr305:3.0.2	dev
:feature:foryou:api	transitive	com.google.code.findbugs:jsr305:3.0.2	prod
:feature:foryou:api	transitive	com.google.dagger:dagger-lint-aar:2.59	dev
:feature:foryou:api	transitive	com.google.dagger:dagger-lint-aar:2.59	prod
:feature:foryou:api	transitive	com.google.dagger:dagger:2.59	dev
:feature:foryou:api	transitive	com.google.dagger:dagger:2.59	prod
:feature:foryou:api	transitive	com.google.dagger:hilt-android:2.59	dev
:feature:foryou:api	transitive	com.google.dagger:hilt-android:2.59	prod
:feature:foryou:api	transitive	com.google.dagger:hilt-core:2.59	dev
:feature:foryou:api	transitive	com.google.dagger:hilt-core:2.59	prod
:feature:foryou:api	transitive	com.google.guava:listenablefuture:1.0	dev
:feature:foryou:api	transitive	com.google.guava:listenablefuture:1.0	prod
:feature:foryou:api	transitive	jakarta.inject:jakarta.inject-api:2.0.1	dev
:feature:foryou:api	transitive	jakarta.inject:jakarta.inject-api:2.0.1	prod
:feature:foryou:api	transitive	javax.inject:javax.inject:1	dev
:feature:foryou:api	transitive	javax.inject:javax.inject:1	prod
:feature:foryou:api	transitive	org.hamcrest:hamcrest-core:1.3	dev
:feature:foryou:api	transitive	org.jetbrains.kotlin:kotlin-stdlib-common:2.3.0	dev
:feature:foryou:api	transitive	org.jetbrains.kotlin:kotlin-stdlib-common:2.3.0	prod
:feature:foryou:api	transitive	org.jetbrains.kotlin:kotlin-stdlib:2.3.0	dev
:feature:foryou:api	transitive	org.jetbrains.kotlinx:kotlinx-coroutines-android:1.9.0	dev
:feature:foryou:api	transitive	org.jetbrains.kotlinx:kotlinx-coroutines-android:1.9.0	prod
:feature:foryou:api	transitive	org.jetbrains.kotlinx:kotlinx-coroutines-bom:1.9.0	dev
:feature:foryou:api	transitive	org.jetbrains.kotlinx:kotlinx-coroutines-bom:1.9.0	prod
:feature:foryou:api	transitive	org.jetbrains.kotlinx:kotlinx-coroutines-core-jvm:1.9.0	dev
:feature:foryou:api	transitive	org.jetbrains.kotlinx:kotlinx-coroutines-core-jvm:1.9.0	prod
:feature:foryou:api	transitive	org.jetbrains.kotlinx:kotlinx-coroutines-core:1.9.0	dev
:feature:foryou:api	transitive	org.jetbrains.kotlinx:kotlinx-coroutines-core:1.9.0	prod
:feature:foryou:api	transitive	org.jetbrains.kotlinx:kotlinx-serialization-bom:1.7.3	dev
:feature:foryou:api	transitive	org.jetbrains.kotlinx:kotlinx-serialization-bom:1.7.3	prod
:feature:foryou:api	transitive	org.jetbrains.kotlinx:kotlinx-serialization-core-jvm:1.7.3	dev
:feature:foryou:api	transitive	org.jetbrains.kotlinx:kotlinx-serialization-core-jvm:1.7.3	prod
:feature:foryou:api	transitive	org.jetbrains.kotlinx:kotlinx-serialization-core:1.7.3	dev
:feature:foryou:api	transitive	org.jetbrains.kotlinx:kotlinx-serialization-core:1.7.3	prod
:feature:foryou:api	transitive	org.jetbrains:annotations:23.0.0	dev
:feature:foryou:api	transitive	org.jetbrains:annotations:23.0.0	prod
:feature:foryou:api	transitive	org.jspecify:jspecify:1.0.0	dev
:feature:foryou:api	transitive	org.jspecify:jspecify:1.0.0	prod
:feature:bookmarks:impl	direct	androidx.compose.ui:ui-test-junit4:1.10.0-alpha04	dev
:feature:bookmarks:impl	direct	androidx.compose.ui:ui-test-manifest:1.10.0-alpha04	dev
:feature:bookmarks:impl	direct	androidx.compose.ui:ui-tooling-preview:1.10.0-alpha04	dev
:feature:bookmarks:impl	direct	androidx.compose.ui:ui-tooling-preview:1.10.0-alpha04	prod
:feature:bookmarks:impl	direct	androidx.compose.ui:ui-tooling:1.10.0-alpha04	dev
:feature:bookmarks:impl	direct	androidx.compose.ui:ui-tooling:1.10.0-alpha04	prod
:feature:bookmarks:impl	direct	androidx.compose:compose-bom-alpha:2025.09.01	dev
:feature:bookmarks:impl	direct	androidx.compose:compose-bom-alpha:2025.09.01	prod
:feature:bookmarks:impl	direct	androidx.hilt:hilt-lifecycle-viewmodel-compose:1.3.0-alpha02	dev
:feature:bookmarks:impl	direct	androidx.hilt:hilt-lifecycle-viewmodel-compose:1.3.0-alpha02	prod
:feature:bookmarks:impl	direct	androidx.lifecycle:lifecycle-runtime-compose:2.10.0	dev
:feature:bookmarks:impl	direct	androidx.lifecycle:lifecycle-runtime-compose:2.10.0	prod
:feature:bookmarks:impl	direct	androidx.lifecycle:lifecycle-runtime-testing:2.10.0	dev
:feature:bookmarks:impl	direct	androidx.lifecycle:lifecycle-viewmodel-compose:2.10.0	dev
:feature:bookmarks:impl	direct	androidx.lifecycle:lifecycle-viewmodel-compose:2.10.0	prod
:feature:bookmarks:impl	direct	androidx.navigation3:navigation3-runtime:1.0.0	dev
:feature:bookmarks:impl	direct	androidx.navigation3:navigation3-runtime:1.0.0	prod
:feature:bookmarks:impl	direct	androidx.tracing:tracing-ktx:1.3.0-alpha02	dev
:feature:bookmarks:impl	direct	androidx.tracing:tracing-ktx:1.3.0-alpha02	prod
:feature:bookmarks:impl	direct	com.google.dagger:hilt-android:2.59	dev
:feature:bookmarks:impl	direct	com.google.dagger:hilt-android:2.59	prod
:feature:bookmarks:impl	direct	junit:junit:4.13.2	dev
:feature:bookmarks:impl	direct	org.jetbrains.kotlin:kotlin-stdlib:2.3.0	dev
:feature:bookmarks:impl	direct	org.jetbrains.kotlin:kotlin-stdlib:2.3.0	prod
:feature:bookmarks:impl	direct	org.jetbrains.kotlin:kotlin-test:2.3.0	dev
:feature:bookmarks:impl	transitive	androidx.activity:activity-compose:1.12.0	dev
:feature:bookmarks:impl	transitive	androidx.activity:activity-compose:1.12.0	prod
:feature:bookmarks:impl	transitive	androidx.activity:activity-ktx:1.12.0	dev
:feature:bookmarks:impl	transitive	androidx.activity:activity-ktx:1.12.0	prod
:feature:bookmarks:impl	transitive	androidx.activity:activity:1.12.0	dev
:feature:bookmarks:impl	transitive	androidx.activity:activity:1.12.0	prod
:feature:bookmarks:impl	transitive	androidx.activity:activity:1.5.1	dev
:feature:bookmarks:impl	transitive	androidx.activity:activity:1.5.1	prod
:feature:bookmarks:impl	transitive	androidx.annotation:annotation-experimental:1.5.1	dev
:feature:bookmarks:impl	transitive	androidx.annotation:annotation-experimental:1.5.1	prod
:feature:bookmarks:impl	transitive	androidx.annotation:annotation-jvm:1.9.1	dev
:feature:bookmarks:impl	transitive	androidx.annotation:annotation-jvm:1.9.1	prod
:feature:bookmarks:impl	transitive	androidx.annotation:annotation:1.9.1	dev
:feature:bookmarks:impl	transitive	androidx.annotation:annotation:1.9.1	prod
:feature:bookmarks:impl	transitive	androidx.appcompat:appcompat-resources:1.6.1	dev
:feature:bookmarks:impl	transitive	androidx.appcompat:appcompat-resources:1.6.1	prod
:feature:bookmarks:impl	transitive	androidx.arch.core:core-common:2.2.0	dev
:feature:bookmarks:impl	transitive	androidx.arch.core:core-common:2.2.0	prod
:feature:bookmarks:impl	transitive	androidx.arch.core:core-runtime:2.2.0	dev
:feature:bookmarks:impl	transitive	androidx.arch.core:core-runtime:2.2.0	prod
:feature:bookmarks:impl	transitive	androidx.autofill:autofill:1.0.0	dev
:feature:bookmarks:impl	transitive	androidx.autofill:autofill:1.0.0	prod
:feature:bookmarks:impl	transitive	androidx.browser:browser:1.8.0	dev
:feature:bookmarks:impl	transitive	androidx.browser:browser:1.8.0	prod
:feature:bookmarks:impl	transitive	androidx.collection:collection-jvm:1.5.0	dev
:feature:bookmarks:impl	transitive	androidx.collection:collection-jvm:1.5.0	prod
:feature:bookmarks:impl	transitive	androidx.collection:collection-ktx:1.5.0	dev
:feature:bookmarks:impl	transitive	androidx.collection:collection-ktx:1.5.0	prod
:feature:bookmarks:impl	transitive	androidx.collection:collection:1.5.0	dev
:feature:bookmarks:impl	transitive	androidx.collection:collection:1.5.0	prod
:feature:bookmarks:impl	transitive	androidx.compose.animation:animation-android:1.10.0-alpha04	dev
:feature:bookmarks:impl	transitive	androidx.compose.animation:animation-android:1.10.0-alpha04	prod
:feature:bookmarks:impl	transitive	androidx.compose.animation:animation-core-android:1.10.0-alpha04	dev
:feature:bookmarks:impl	transitive	androidx.compose.animation:animation-core-android:1.10.0-alpha04	prod
:feature:bookmarks:impl	transitive	androidx.compose.animation:animation-core:1.10.0-alpha04	dev
:feature:bookmarks:impl	transitive	androidx.compose.animation:animation-core:1.10.0-alpha04	prod
:feature:bookmarks:impl	transitive	androidx.compose.animation:animation:1.10.0-alpha04	dev
:feature:bookmarks:impl	transitive	androidx.compose.animation:animation:1.10.0-alpha04	prod
:feature:bookmarks:impl	transitive	androidx.compose.foundation:foundation-android:1.10.0-alpha04	dev
:feature:bookmarks:impl	transitive	androidx.compose.foundation:foundation-android:1.10.0-alpha04	prod
:feature:bookmarks:impl	transitive	androidx.compose.foundation:foundation-layout-android:1.10.0-alpha04	dev
:feature:bookmarks:impl	transitive	androidx.compose.foundation:foundation-layout-android:1.10.0-alpha04	prod
:feature:bookmarks:impl	transitive	androidx.compose.foundation:foundation-layout:1.10.0-alpha04	dev
:feature:bookmarks:impl	transitive	androidx.compose.foundation:foundation-layout:1.10.0-alpha04	prod
:feature:bookmarks:impl	transitive	androidx.compose.foundation:foundation:1.10.0-alpha04	dev
:feature:bookmarks:impl	transitive	androidx.compose.foundation:foundation:1.10.0-alpha04	prod
:feature:bookmarks:impl	transitive	androidx.compose.material3.adaptive:adaptive-android:1.2.0-beta03	dev
:feature:bookmarks:impl	transitive	androidx.compose.material3.adaptive:adaptive-android:1.2.0-beta03	prod
:feature:bookmarks:impl	transitive	androidx.compose.material3.adaptive:adaptive:1.2.0-beta03	dev
:feature:bookmarks:impl	transitive	androidx.compose.material3.adaptive:adaptive:1.2.0-beta03	prod
:feature:bookmarks:impl	transitive	androidx.compose.material3:material3-adaptive-navigation-suite-android:1.5.0-alpha04	dev
:feature:bookmarks:impl	transitive	androidx.compose.material3:material3-adaptive-navigation-suite-android:1.5.0-alpha04	prod
:feature:bookmarks:impl	transitive	androidx.compose.material3:material3-adaptive-navigation-suite:1.5.0-alpha04	dev
:feature:bookmarks:impl	transitive	androidx.compose.material3:material3-adaptive-navigation-suite:1.5.0-alpha04	prod
:feature:bookmarks:impl	transitive	androidx.compose.material3:material3-android:1.5.0-alpha04	dev
:feature:bookmarks:impl	transitive	androidx.compose.material3:material3-android:1.5.0-alpha04	prod
:feature:bookmarks:impl	transitive	androidx.compose.material3:material3:1.5.0-alpha04	dev
:feature:bookmarks:impl	transitive	androidx.compose.material3:material3:1.5.0-alpha04	prod
:feature:bookmarks:impl	transitive	androidx.compose.material:material-android:1.10.0-alpha04	dev
:feature:bookmarks:impl	transitive	androidx.compose.material:material-android:1.10.0-alpha04	prod
:feature:bookmarks:impl	transitive	androidx.compose.material:material-icons-core-android:1.7.8	dev
:feature:bookmarks:impl	transitive	androidx.compose.material:material-icons-core-android:1.7.8	prod
:feature:bookmarks:impl	transitive	androidx.compose.material:material-icons-core:1.7.8	dev
:feature:bookmarks:impl	transitive	androidx.compose.material:material-icons-core:1.7.8	prod
:feature:bookmarks:impl	transitive	androidx.compose.material:material-icons-extended-android:1.7.8	dev
:feature:bookmarks:impl	transitive	androidx.compose.material:material-icons-extended-android:1.7.8	prod
:feature:bookmarks:impl	transitive	androidx.compose.material:material-icons-extended:1.7.8	dev
:feature:bookmarks:impl	transitive	androidx.compose.material:material-icons-extended:1.7.8	prod
:feature:bookmarks:impl	transitive	androidx.compose.material:material-ripple-android:1.10.0-alpha04	dev
:feature:bookmarks:impl	transitive	androidx.compose.material:material-ripple-android:1.10.0-alpha04	prod
:feature:bookmarks:impl	transitive	androidx.compose.material:material-ripple:1.10.0-alpha04	dev
:feature:bookmarks:impl	transitive	androidx.compose.material:material-ripple:1.10.0-alpha04	prod
:feature:bookmarks:impl	transitive	androidx.compose.material:material:1.10.0-alpha04	dev
:feature:bookmarks:impl	transitive	androidx.compose.material:material:1.10.0-alpha04	prod
:feature:bookmarks:impl	transitive	androidx.compose.runtime:runtime-android:1.10.0-alpha04	dev
:feature:bookmarks:impl	transitive	androidx.compose.runtime:runtime-android:1.10.0-alpha04	prod
:feature:bookmarks:impl	transitive	androidx.compose.runtime:runtime-annotation-android:1.10.0-alpha04	dev
:feature:bookmarks:impl	transitive	androidx.compose.runtime:runtime-annotation-android:1.10.0-alpha04	prod
:feature:bookmarks:impl	transitive	androidx.compose.runtime:runtime-annotation:1.10.0-alpha04	dev
:feature:bookmarks:impl	transitive	androidx.compose.runtime:runtime-annotation:1.10.0-alpha04	prod
:feature:bookmarks:impl	transitive	androidx.compose.runtime:runtime-retain-android:1.10.0-alpha04	dev
:feature:bookmarks:impl	transitive	androidx.compose.runtime:runtime-retain-android:1.10.0-alpha04	prod
:feature:bookmarks:impl	transitive	androidx.compose.runtime:runtime-retain:1.10.0-alpha04	dev
:feature:bookmarks:impl	transitive	androidx.compose.runtime:runtime-retain:1.10.0-alpha04	prod
:feature:bookmarks:impl	transitive	androidx.compose.runtime:runtime-saveable-android:1.10.0-alpha04	dev
:feature:bookmarks:impl	transitive	androidx.compose.runtime:runtime-saveable-android:1.10.0-alpha04	prod
:feature:bookmarks:impl	transitive	androidx.compose.runtime:runtime-saveable:1.10.0-alpha04	dev
:feature:bookmarks:impl	transitive	androidx.compose.runtime:runtime-saveable:1.10.0-alpha04	prod
:feature:bookmarks:impl	transitive	androidx.compose.runtime:runtime:1.10.0-alpha04	dev
:feature:bookmarks:impl	transitive	androidx.compose.runtime:runtime:1.10.0-alpha04	prod
:feature:bookmarks:impl	transitive	androidx.compose.ui:ui-android:1.10.0-alpha04	dev
:feature:bookmarks:impl	transitive	androidx.compose.ui:ui-android:1.10.0-alpha04	prod
:feature:bookmarks:impl	transitive	androidx.compose.ui:ui-geometry-android:1.10.0-alpha04	dev
:feature:bookmarks:impl	transitive	androidx.compose.ui:ui-geometry-android:1.10.0-alpha04	prod
:feature:bookmarks:impl	transitive	androidx.compose.ui:ui-geometry:1.10.0-alpha04	dev
:feature:bookmarks:impl	transitive	androidx.compose.ui:ui-geometry:1.10.0-alpha04	prod
:feature:bookmarks:impl	transitive	androidx.compose.ui:ui-graphics-android:1.10.0-alpha04	dev
:feature:bookmarks:impl	transitive	androidx.compose.ui:ui-graphics-android:1.10.0-alpha04	prod
:feature:bookmarks:impl	transitive	androidx.compose.ui:ui-graphics:1.10.0-alpha04	dev
:feature:bookmarks:impl	transitive	androidx.compose.ui:ui-graphics:1.10.0-alpha04	prod
:feature:bookmarks:impl	transitive	androidx.compose.ui:ui-test-android:1.10.0-alpha04	dev
:feature:bookmarks:impl	transitive	androidx.compose.ui:ui-test-junit4-android:1.10.0-alpha04	dev
:feature:bookmarks:impl	transitive	androidx.compose.ui:ui-test:1.10.0-alpha04	dev
:feature:bookmarks:impl	transitive	androidx.compose.ui:ui-text-android:1.10.0-alpha04	dev
:feature:bookmarks:impl	transitive	androidx.compose.ui:ui-text-android:1.10.0-alpha04	prod
:feature:bookmarks:impl	transitive	androidx.compose.ui:ui-text:1.10.0-alpha04	dev
:feature:bookmarks:impl	transitive	androidx.compose.ui:ui-text:1.10.0-alpha04	prod
:feature:bookmarks:impl	transitive	androidx.compose.ui:ui-tooling-android:1.10.0-alpha04	dev
:feature:bookmarks:impl	transitive	androidx.compose.ui:ui-tooling-android:1.10.0-alpha04	prod
:feature:bookmarks:impl	transitive	androidx.compose.ui:ui-tooling-data-android:1.10.0-alpha04	dev
:feature:bookmarks:impl	transitive	androidx.compose.ui:ui-tooling-data-android:1.10.0-alpha04	prod
:feature:bookmarks:impl	transitive	androidx.compose.ui:ui-tooling-data:1.10.0-alpha04	dev
:feature:bookmarks:impl	transitive	androidx.compose.ui:ui-tooling-data:1.10.0-alpha04	prod
:feature:bookmarks:impl	transitive	androidx.compose.ui:ui-tooling-preview-android:1.10.0-alpha04	dev
:feature:bookmarks:impl	transitive	androidx.compose.ui:ui-tooling-preview-android:1.10.0-alpha04	prod
:feature:bookmarks:impl	transitive	androidx.compose.ui:ui-tooling-preview:1.10.0-alpha04	dev
:feature:bookmarks:impl	transitive	androidx.compose.ui:ui-tooling:1.10.0-alpha04	dev
:feature:bookmarks:impl	transitive	androidx.compose.ui:ui-unit-android:1.10.0-alpha04	dev
:feature:bookmarks:impl	transitive	androidx.compose.ui:ui-unit-android:1.10.0-alpha04	prod
:feature:bookmarks:impl	transitive	androidx.compose.ui:ui-unit:1.10.0-alpha04	dev
:feature:bookmarks:impl	transitive	androidx.compose.ui:ui-unit:1.10.0-alpha04	prod
:feature:bookmarks:impl	transitive	androidx.compose.ui:ui-util-android:1.10.0-alpha04	dev
:feature:bookmarks:impl	transitive	androidx.compose.ui:ui-util-android:1.10.0-alpha04	prod
:feature:bookmarks:impl	transitive	androidx.compose.ui:ui-util:1.10.0-alpha04	dev
:feature:bookmarks:impl	transitive	androidx.compose.ui:ui-util:1.10.0-alpha04	prod
:feature:bookmarks:impl	transitive	androidx.compose.ui:ui:1.10.0-alpha04	dev
:feature:bookmarks:impl	transitive	androidx.compose.ui:ui:1.10.0-alpha04	prod
:feature:bookmarks:impl	transitive	androidx.compose:compose-bom-alpha:2025.09.01	dev
:feature:bookmarks:impl	transitive	androidx.concurrent:concurrent-futures:1.1.0	dev
:feature:bookmarks:impl	transitive	androidx.concurrent:concurrent-futures:1.1.0	prod
:feature:bookmarks:impl	transitive	androidx.core:core-ktx:1.16.0	dev
:feature:bookmarks:impl	transitive	androidx.core:core-ktx:1.16.0	prod
:feature:bookmarks:impl	transitive	androidx.core:core-ktx:1.2.0	dev
:feature:bookmarks:impl	transitive	androidx.core:core-ktx:1.2.0	prod
:feature:bookmarks:impl	transitive	androidx.core:core-viewtree:1.0.0	dev
:feature:bookmarks:impl	transitive	androidx.core:core-viewtree:1.0.0	prod
:feature:bookmarks:impl	transitive	androidx.core:core:1.16.0	dev
:feature:bookmarks:impl	transitive	androidx.core:core:1.16.0	prod
:feature:bookmarks:impl	transitive	androidx.core:core:1.8.0	dev
:feature:bookmarks:impl	transitive	androidx.core:core:1.8.0	prod
:feature:bookmarks:impl	transitive	androidx.customview:customview-poolingcontainer:1.0.0	dev
:feature:bookmarks:impl	transitive	androidx.customview:customview-poolingcontainer:1.0.0	prod
:feature:bookmarks:impl	transitive	androidx.customview:customview:1.0.0	dev
:feature:bookmarks:impl	transitive	androidx.customview:customview:1.0.0	prod
:feature:bookmarks:impl	transitive	androidx.datastore:datastore-android:1.2.0	dev
:feature:bookmarks:impl	transitive	androidx.datastore:datastore-android:1.2.0	prod
:feature:bookmarks:impl	transitive	androidx.datastore:datastore-core-android:1.2.0	dev
:feature:bookmarks:impl	transitive	androidx.datastore:datastore-core-android:1.2.0	prod
:feature:bookmarks:impl	transitive	androidx.datastore:datastore-core-okio-jvm:1.2.0	dev
:feature:bookmarks:impl	transitive	androidx.datastore:datastore-core-okio-jvm:1.2.0	prod
:feature:bookmarks:impl	transitive	androidx.datastore:datastore-core-okio:1.2.0	dev
:feature:bookmarks:impl	transitive	androidx.datastore:datastore-core-okio:1.2.0	prod
:feature:bookmarks:impl	transitive	androidx.datastore:datastore-core:1.2.0	dev
:feature:bookmarks:impl	transitive	androidx.datastore:datastore-core:1.2.0	prod
:feature:bookmarks:impl	transitive	androidx.datastore:datastore:1.2.0	dev
:feature:bookmarks:impl	transitive	androidx.datastore:datastore:1.2.0	prod
:feature:bookmarks:impl	transitive	androidx.documentfile:documentfile:1.0.0	dev
:feature:bookmarks:impl	transitive	androidx.documentfile:documentfile:1.0.0	prod
:feature:bookmarks:impl	transitive	androidx.dynamicanimation:dynamicanimation:1.0.0	dev
:feature:bookmarks:impl	transitive	androidx.dynamicanimation:dynamicanimation:1.0.0	prod
:feature:bookmarks:impl	transitive	androidx.emoji2:emoji2:1.4.0	dev
:feature:bookmarks:impl	transitive	androidx.emoji2:emoji2:1.4.0	prod
:feature:bookmarks:impl	transitive	androidx.exifinterface:exifinterface:1.3.7	dev
:feature:bookmarks:impl	transitive	androidx.exifinterface:exifinterface:1.3.7	prod
:feature:bookmarks:impl	transitive	androidx.fragment:fragment:1.5.1	dev
:feature:bookmarks:impl	transitive	androidx.fragment:fragment:1.5.1	prod
:feature:bookmarks:impl	transitive	androidx.graphics:graphics-path:1.0.1	dev
:feature:bookmarks:impl	transitive	androidx.graphics:graphics-path:1.0.1	prod
:feature:bookmarks:impl	transitive	androidx.graphics:graphics-shapes-android:1.0.1	dev
:feature:bookmarks:impl	transitive	androidx.graphics:graphics-shapes-android:1.0.1	prod
:feature:bookmarks:impl	transitive	androidx.graphics:graphics-shapes:1.0.1	dev
:feature:bookmarks:impl	transitive	androidx.graphics:graphics-shapes:1.0.1	prod
:feature:bookmarks:impl	transitive	androidx.hilt:hilt-lifecycle-viewmodel-compose:1.3.0-alpha02	dev
:feature:bookmarks:impl	transitive	androidx.hilt:hilt-lifecycle-viewmodel:1.3.0-alpha02	dev
:feature:bookmarks:impl	transitive	androidx.hilt:hilt-lifecycle-viewmodel:1.3.0-alpha02	prod
:feature:bookmarks:impl	transitive	androidx.interpolator:interpolator:1.0.0	dev
:feature:bookmarks:impl	transitive	androidx.interpolator:interpolator:1.0.0	prod
:feature:bookmarks:impl	transitive	androidx.legacy:legacy-support-core-utils:1.0.0	dev
:feature:bookmarks:impl	transitive	androidx.legacy:legacy-support-core-utils:1.0.0	prod
:feature:bookmarks:impl	transitive	androidx.lifecycle:lifecycle-common-java8:2.10.0	dev
:feature:bookmarks:impl	transitive	androidx.lifecycle:lifecycle-common-java8:2.10.0	prod
:feature:bookmarks:impl	transitive	androidx.lifecycle:lifecycle-common-jvm:2.10.0	dev
:feature:bookmarks:impl	transitive	androidx.lifecycle:lifecycle-common-jvm:2.10.0	prod
:feature:bookmarks:impl	transitive	androidx.lifecycle:lifecycle-common:2.10.0	dev
:feature:bookmarks:impl	transitive	androidx.lifecycle:lifecycle-common:2.10.0	prod
:feature:bookmarks:impl	transitive	androidx.lifecycle:lifecycle-livedata-core-ktx:2.10.0	dev
:feature:bookmarks:impl	transitive	androidx.lifecycle:lifecycle-livedata-core-ktx:2.10.0	prod
:feature:bookmarks:impl	transitive	androidx.lifecycle:lifecycle-livedata-core:2.10.0	dev
:feature:bookmarks:impl	transitive	androidx.lifecycle:lifecycle-livedata-core:2.10.0	prod
:feature:bookmarks:impl	transitive	androidx.lifecycle:lifecycle-livedata:2.10.0	dev
:feature:bookmarks:impl	transitive	androidx.lifecycle:lifecycle-livedata:2.10.0	prod
:feature:bookmarks:impl	transitive	androidx.lifecycle:lifecycle-process:2.10.0	dev
:feature:bookmarks:impl	transitive	androidx.lifecycle:lifecycle-process:2.10.0	prod
:feature:bookmarks:impl	transitive	androidx.lifecycle:lifecycle-runtime-android:2.10.0	dev
:feature:bookmarks:impl	transitive	androidx.lifecycle:lifecycle-runtime-android:2.10.0	prod
:feature:bookmarks:impl	transitive	androidx.lifecycle:lifecycle-runtime-compose-android:2.10.0	dev
:feature:bookmarks:impl	transitive	androidx.lifecycle:lifecycle-runtime-compose-android:2.10.0	prod
:feature:bookmarks:impl	transitive	androidx.lifecycle:lifecycle-runtime-compose:2.10.0	dev
:feature:bookmarks:impl	transitive	androidx.lifecycle:lifecycle-runtime-ktx-android:2.10.0	dev
:feature:bookmarks:impl	transitive	androidx.lifecycle:lifecycle-runtime-ktx-android:2.10.0	prod
:feature:bookmarks:impl	transitive	androidx.lifecycle:lifecycle-runtime-ktx:2.10.0	dev
:feature:bookmarks:impl	transitive	androidx.lifecycle:lifecycle-runtime-ktx:2.10.0	prod
:feature:bookmarks:impl	transitive	androidx.lifecycle:lifecycle-runtime-testing-android:2.10.0	dev
:feature:bookmarks:impl	transitive	androidx.lifecycle:lifecycle-runtime:2.10.0	dev
:feature:bookmarks:impl	transitive	androidx.lifecycle:lifecycle-runtime:2.10.0	prod
:feature:bookmarks:impl	transitive	androidx.lifecycle:lifecycle-viewmodel-android:2.10.0	dev
:feature:bookmarks:impl	transitive	androidx.lifecycle:lifecycle-viewmodel-android:2.10.0	prod
:feature:bookmarks:impl	transitive	androidx.lifecycle:lifecycle-viewmodel-compose-android:2.10.0	dev
:feature:bookmarks:impl	transitive	androidx.lifecycle:lifecycle-viewmodel-compose-android:2.10.0	prod
:feature:bookmarks:impl	transitive	androidx.lifecycle:lifecycle-viewmodel-compose:2.10.0	dev
:feature:bookmarks:impl	transitive	androidx.lifecycle:lifecycle-viewmodel-ktx:2.10.0	dev
:feature:bookmarks:impl	transitive	androidx.lifecycle:lifecycle-viewmodel-ktx:2.10.0	prod
:feature:bookmarks:impl	transitive	androidx.lifecycle:lifecycle-viewmodel-navigation3-android:2.10.0	dev
:feature:bookmarks:impl	transitive	androidx.lifecycle:lifecycle-viewmodel-navigation3-android:2.10.0	prod
:feature:bookmarks:impl	transitive	androidx.lifecycle:lifecycle-viewmodel-navigation3:2.10.0	dev
:feature:bookmarks:impl	transitive	androidx.lifecycle:lifecycle-viewmodel-navigation3:2.10.0	prod
:feature:bookmarks:impl	transitive	androidx.lifecycle:lifecycle-viewmodel-savedstate-android:2.10.0	dev
:feature:bookmarks:impl	transitive	androidx.lifecycle:lifecycle-viewmodel-savedstate-android:2.10.0	prod
:feature:bookmarks:impl	transitive	androidx.lifecycle:lifecycle-viewmodel-savedstate:2.10.0	dev
:feature:bookmarks:impl	transitive	androidx.lifecycle:lifecycle-viewmodel-savedstate:2.10.0	prod
:feature:bookmarks:impl	transitive	androidx.lifecycle:lifecycle-viewmodel:2.10.0	dev
:feature:bookmarks:impl	transitive	androidx.lifecycle:lifecycle-viewmodel:2.10.0	prod
:feature:bookmarks:impl	transitive	androidx.loader:loader:1.0.0	dev
:feature:bookmarks:impl	transitive	androidx.loader:loader:1.0.0	prod
:feature:bookmarks:impl	transitive	androidx.localbroadcastmanager:localbroadcastmanager:1.0.0	dev
:feature:bookmarks:impl	transitive	androidx.localbroadcastmanager:localbroadcastmanager:1.0.0	prod
:feature:bookmarks:impl	transitive	androidx.metrics:metrics-performance:1.0.0-beta01	dev
:feature:bookmarks:impl	transitive	androidx.metrics:metrics-performance:1.0.0-beta01	prod
:feature:bookmarks:impl	transitive	androidx.multidex:multidex:2.0.1	dev
:feature:bookmarks:impl	transitive	androidx.navigation3:navigation3-runtime-android:1.0.0	dev
:feature:bookmarks:impl	transitive	androidx.navigation3:navigation3-runtime-android:1.0.0	prod
:feature:bookmarks:impl	transitive	androidx.navigation3:navigation3-runtime:1.0.0	dev
:feature:bookmarks:impl	transitive	androidx.navigationevent:navigationevent-android:1.0.0	dev
:feature:bookmarks:impl	transitive	androidx.navigationevent:navigationevent-android:1.0.0	prod
:feature:bookmarks:impl	transitive	androidx.navigationevent:navigationevent-compose-android:1.0.0	dev
:feature:bookmarks:impl	transitive	androidx.navigationevent:navigationevent-compose-android:1.0.0	prod
:feature:bookmarks:impl	transitive	androidx.navigationevent:navigationevent-compose:1.0.0	dev
:feature:bookmarks:impl	transitive	androidx.navigationevent:navigationevent-compose:1.0.0	prod
:feature:bookmarks:impl	transitive	androidx.navigationevent:navigationevent:1.0.0	dev
:feature:bookmarks:impl	transitive	androidx.navigationevent:navigationevent:1.0.0	prod
:feature:bookmarks:impl	transitive	androidx.print:print:1.0.0	dev
:feature:bookmarks:impl	transitive	androidx.print:print:1.0.0	prod
:feature:bookmarks:impl	transitive	androidx.privacysandbox.ads:ads-adservices-java:1.0.0-beta05	dev
:feature:bookmarks:impl	transitive	androidx.privacysandbox.ads:ads-adservices-java:1.0.0-beta05	prod
:feature:bookmarks:impl	transitive	androidx.privacysandbox.ads:ads-adservices:1.0.0-beta05	dev
:feature:bookmarks:impl	transitive	androidx.privacysandbox.ads:ads-adservices:1.0.0-beta05	prod
:feature:bookmarks:impl	transitive	androidx.profileinstaller:profileinstaller:1.4.0	dev
:feature:bookmarks:impl	transitive	androidx.profileinstaller:profileinstaller:1.4.0	prod
:feature:bookmarks:impl	transitive	androidx.room:room-common-jvm:2.8.3	dev
:feature:bookmarks:impl	transitive	androidx.room:room-common-jvm:2.8.3	prod
:feature:bookmarks:impl	transitive	androidx.room:room-common:2.8.3	dev
:feature:bookmarks:impl	transitive	androidx.room:room-common:2.8.3	prod
:feature:bookmarks:impl	transitive	androidx.room:room-ktx:2.8.3	dev
:feature:bookmarks:impl	transitive	androidx.room:room-ktx:2.8.3	prod
:feature:bookmarks:impl	transitive	androidx.room:room-runtime-android:2.8.3	dev
:feature:bookmarks:impl	transitive	androidx.room:room-runtime-android:2.8.3	prod
:feature:bookmarks:impl	transitive	androidx.room:room-runtime:2.8.3	dev
:feature:bookmarks:impl	transitive	androidx.room:room-runtime:2.8.3	prod
:feature:bookmarks:impl	transitive	androidx.savedstate:savedstate-android:1.4.0	dev
:feature:bookmarks:impl	transitive	androidx.savedstate:savedstate-android:1.4.0	prod
:feature:bookmarks:impl	transitive	androidx.savedstate:savedstate-compose-android:1.4.0	dev
:feature:bookmarks:impl	transitive	androidx.savedstate:savedstate-compose-android:1.4.0	prod
:feature:bookmarks:impl	transitive	androidx.savedstate:savedstate-compose:1.4.0	dev
:feature:bookmarks:impl	transitive	androidx.savedstate:savedstate-compose:1.4.0	prod
:feature:bookmarks:impl	transitive	androidx.savedstate:savedstate-ktx:1.4.0	dev
:feature:bookmarks:impl	transitive	androidx.savedstate:savedstate-ktx:1.4.0	prod
:feature:bookmarks:impl	transitive	androidx.savedstate:savedstate:1.4.0	dev
:feature:bookmarks:impl	transitive	androidx.savedstate:savedstate:1.4.0	prod
:feature:bookmarks:impl	transitive	androidx.sqlite:sqlite-android:2.6.1	dev
:feature:bookmarks:impl	transitive	androidx.sqlite:sqlite-android:2.6.1	prod
:feature:bookmarks:impl	transitive	androidx.sqlite:sqlite-framework-android:2.6.1	dev
:feature:bookmarks:impl	transitive	androidx.sqlite:sqlite-framework-android:2.6.1	prod
:feature:bookmarks:impl	transitive	androidx.sqlite:sqlite-framework:2.6.1	dev
:feature:bookmarks:impl	transitive	androidx.sqlite:sqlite-framework:2.6.1	prod
:feature:bookmarks:impl	transitive	androidx.sqlite:sqlite:2.6.1	dev
:feature:bookmarks:impl	transitive	androidx.sqlite:sqlite:2.6.1	prod
:feature:bookmarks:impl	transitive	androidx.startup:startup-runtime:1.1.1	dev
:feature:bookmarks:impl	transitive	androidx.startup:startup-runtime:1.1.1	prod
:feature:bookmarks:impl	transitive	androidx.test.espresso:espresso-core:3.5.0	dev
:feature:bookmarks:impl	transitive	androidx.test.espresso:espresso-idling-resource:3.5.0	dev
:feature:bookmarks:impl	transitive	androidx.test.ext:junit:1.1.5	dev
:feature:bookmarks:impl	transitive	androidx.test.services:storage:1.4.2	dev
:feature:bookmarks:impl	transitive	androidx.test.services:storage:1.6.0-rc01	dev
:feature:bookmarks:impl	transitive	androidx.test:annotation:1.0.1	dev
:feature:bookmarks:impl	transitive	androidx.test:core:1.4.0	dev
:feature:bookmarks:impl	transitive	androidx.test:core:1.5.0	dev
:feature:bookmarks:impl	transitive	androidx.test:monitor:1.6.1	dev
:feature:bookmarks:impl	transitive	androidx.test:monitor:1.8.0-rc01	dev
:feature:bookmarks:impl	transitive	androidx.test:rules:1.7.0-rc01	dev
:feature:bookmarks:impl	transitive	androidx.test:runner:1.7.0-rc01	dev
:feature:bookmarks:impl	transitive	androidx.tracing:tracing-ktx:1.3.0-alpha02	dev
:feature:bookmarks:impl	transitive	androidx.tracing:tracing:1.3.0-alpha02	dev
:feature:bookmarks:impl	transitive	androidx.tracing:tracing:1.3.0-alpha02	prod
:feature:bookmarks:impl	transitive	androidx.transition:transition:1.6.0	dev
:feature:bookmarks:impl	transitive	androidx.transition:transition:1.6.0	prod
:feature:bookmarks:impl	transitive	androidx.vectordrawable:vectordrawable-animated:1.1.0	dev
:feature:bookmarks:impl	transitive	androidx.vectordrawable:vectordrawable-animated:1.1.0	prod
:feature:bookmarks:impl	transitive	androidx.vectordrawable:vectordrawable:1.1.0	dev
:feature:bookmarks:impl	transitive	androidx.vectordrawable:vectordrawable:1.1.0	prod
:feature:bookmarks:impl	transitive	androidx.versionedparcelable:versionedparcelable:1.1.1	dev
:feature:bookmarks:impl	transitive	androidx.versionedparcelable:versionedparcelable:1.1.1	prod
:feature:bookmarks:impl	transitive	androidx.viewpager:viewpager:1.0.0	dev
:feature:bookmarks:impl	transitive	androidx.viewpager:viewpager:1.0.0	prod
:feature:bookmarks:impl	transitive	androidx.window:window-core-android:1.4.0	dev
:feature:bookmarks:impl	transitive	androidx.window:window-core-android:1.4.0	prod
:feature:bookmarks:impl	transitive	androidx.window:window-core:1.4.0	dev
:feature:bookmarks:impl	transitive	androidx.window:window-core:1.4.0	prod
:feature:bookmarks:impl	transitive	androidx.window:window:1.4.0	dev
:feature:bookmarks:impl	transitive	androidx.window:window:1.4.0	prod
:feature:bookmarks:impl	transitive	com.caverock:androidsvg-aar:1.4	dev
:feature:bookmarks:impl	transitive	com.caverock:androidsvg-aar:1.4	prod
:feature:bookmarks:impl	transitive	com.google.accompanist:accompanist-drawablepainter:0.32.0	dev
:feature:bookmarks:impl	transitive	com.google.accompanist:accompanist-drawablepainter:0.32.0	prod
:feature:bookmarks:impl	transitive	com.google.android.gms:play-services-ads-identifier:18.0.0	dev
:feature:bookmarks:impl	transitive	com.google.android.gms:play-services-ads-identifier:18.0.0	prod
:feature:bookmarks:impl	transitive	com.google.android.gms:play-services-base:18.5.0	dev
:feature:bookmarks:impl	transitive	com.google.android.gms:play-services-base:18.5.0	prod
:feature:bookmarks:impl	transitive	com.google.android.gms:play-services-basement:18.4.0	dev
:feature:bookmarks:impl	transitive	com.google.android.gms:play-services-basement:18.4.0	prod
:feature:bookmarks:impl	transitive	com.google.android.gms:play-services-measurement-api:22.1.2	dev
:feature:bookmarks:impl	transitive	com.google.android.gms:play-services-measurement-api:22.1.2	prod
:feature:bookmarks:impl	transitive	com.google.android.gms:play-services-measurement-base:22.1.2	dev
:feature:bookmarks:impl	transitive	com.google.android.gms:play-services-measurement-base:22.1.2	prod
:feature:bookmarks:impl	transitive	com.google.android.gms:play-services-measurement-impl:22.1.2	dev
:feature:bookmarks:impl	transitive	com.google.android.gms:play-services-measurement-impl:22.1.2	prod
:feature:bookmarks:impl	transitive	com.google.android.gms:play-services-measurement-sdk-api:22.1.2	dev
:feature:bookmarks:impl	transitive	com.google.android.gms:play-services-measurement-sdk-api:22.1.2	prod
:feature:bookmarks:impl	transitive	com.google.android.gms:play-services-measurement-sdk:22.1.2	dev
:feature:bookmarks:impl	transitive	com.google.android.gms:play-services-measurement-sdk:22.1.2	prod
:feature:bookmarks:impl	transitive	com.google.android.gms:play-services-measurement:22.1.2	dev
:feature:bookmarks:impl	transitive	com.google.android.gms:play-services-measurement:22.1.2	prod
:feature:bookmarks:impl	transitive	com.google.android.gms:play-services-stats:17.0.2	dev
:feature:bookmarks:impl	transitive	com.google.android.gms:play-services-stats:17.0.2	prod
:feature:bookmarks:impl	transitive	com.google.android.gms:play-services-tasks:18.2.0	dev
:feature:bookmarks:impl	transitive	com.google.android.gms:play-services-tasks:18.2.0	prod
:feature:bookmarks:impl	transitive	com.google.code.findbugs:jsr305:3.0.2	dev
:feature:bookmarks:impl	transitive	com.google.code.findbugs:jsr305:3.0.2	prod
:feature:bookmarks:impl	transitive	com.google.dagger:dagger-lint-aar:2.59	dev
:feature:bookmarks:impl	transitive	com.google.dagger:dagger-lint-aar:2.59	prod
:feature:bookmarks:impl	transitive	com.google.dagger:dagger:2.59	dev
:feature:bookmarks:impl	transitive	com.google.dagger:dagger:2.59	prod
:feature:bookmarks:impl	transitive	com.google.dagger:hilt-android-testing:2.59	dev
:feature:bookmarks:impl	transitive	com.google.dagger:hilt-android:2.59	dev
:feature:bookmarks:impl	transitive	com.google.dagger:hilt-core:2.59	dev
:feature:bookmarks:impl	transitive	com.google.dagger:hilt-core:2.59	prod
:feature:bookmarks:impl	transitive	com.google.errorprone:error_prone_annotations:2.26.0	dev
:feature:bookmarks:impl	transitive	com.google.errorprone:error_prone_annotations:2.26.0	prod
:feature:bookmarks:impl	transitive	com.google.firebase:firebase-analytics:22.1.2	dev
:feature:bookmarks:impl	transitive	com.google.firebase:firebase-analytics:22.1.2	prod
:feature:bookmarks:impl	transitive	com.google.firebase:firebase-annotations:16.2.0	dev
:feature:bookmarks:impl	transitive	com.google.firebase:firebase-annotations:16.2.0	prod
:feature:bookmarks:impl	transitive	com.google.firebase:firebase-bom:33.7.0	dev
:feature:bookmarks:impl	transitive	com.google.firebase:firebase-bom:33.7.0	prod
:feature:bookmarks:impl	transitive	com.google.firebase:firebase-common-ktx:21.0.0	dev
:feature:bookmarks:impl	transitive	com.google.firebase:firebase-common-ktx:21.0.0	prod
:feature:bookmarks:impl	transitive	com.google.firebase:firebase-common:21.0.0	dev
:feature:bookmarks:impl	transitive	com.google.firebase:firebase-common:21.0.0	prod
:feature:bookmarks:impl	transitive	com.google.firebase:firebase-components:18.0.0	dev
:feature:bookmarks:impl	transitive	com.google.firebase:firebase-components:18.0.0	prod
:feature:bookmarks:impl	transitive	com.google.firebase:firebase-installations-interop:17.1.1	dev
:feature:bookmarks:impl	transitive	com.google.firebase:firebase-installations-interop:17.1.1	prod
:feature:bookmarks:impl	transitive	com.google.firebase:firebase-installations:18.0.0	dev
:feature:bookmarks:impl	transitive	com.google.firebase:firebase-installations:18.0.0	prod
:feature:bookmarks:impl	transitive	com.google.firebase:firebase-measurement-connector:19.0.0	dev
:feature:bookmarks:impl	transitive	com.google.firebase:firebase-measurement-connector:19.0.0	prod
:feature:bookmarks:impl	transitive	com.google.guava:failureaccess:1.0.1	dev
:feature:bookmarks:impl	transitive	com.google.guava:failureaccess:1.0.1	prod
:feature:bookmarks:impl	transitive	com.google.guava:guava:31.1-android	dev
:feature:bookmarks:impl	transitive	com.google.guava:guava:31.1-android	prod
:feature:bookmarks:impl	transitive	com.google.guava:listenablefuture:1.0	dev
:feature:bookmarks:impl	transitive	com.google.guava:listenablefuture:1.0	prod
:feature:bookmarks:impl	transitive	com.google.guava:listenablefuture:9999.0-empty-to-avoid-conflict-with-guava	dev
:feature:bookmarks:impl	transitive	com.google.guava:listenablefuture:9999.0-empty-to-avoid-conflict-with-guava	prod
:feature:bookmarks:impl	transitive	com.google.j2objc:j2objc-annotations:1.3	dev
:feature:bookmarks:impl	transitive	com.google.j2objc:j2objc-annotations:1.3	prod
:feature:bookmarks:impl	transitive	com.google.protobuf:protobuf-javalite:4.29.2	dev
:feature:bookmarks:impl	transitive	com.google.protobuf:protobuf-javalite:4.29.2	prod
:feature:bookmarks:impl	transitive	com.google.protobuf:protobuf-kotlin-lite:4.29.2	dev
:feature:bookmarks:impl	transitive	com.google.protobuf:protobuf-kotlin-lite:4.29.2	prod
:feature:bookmarks:impl	transitive	com.squareup.okhttp3:logging-interceptor:4.12.0	dev
:feature:bookmarks:impl	transitive	com.squareup.okhttp3:logging-interceptor:4.12.0	prod
:feature:bookmarks:impl	transitive	com.squareup.okhttp3:okhttp:4.12.0	dev
:feature:bookmarks:impl	transitive	com.squareup.okhttp3:okhttp:4.12.0	prod
:feature:bookmarks:impl	transitive	com.squareup.okio:okio-jvm:3.9.1	dev
:feature:bookmarks:impl	transitive	com.squareup.okio:okio-jvm:3.9.1	prod
:feature:bookmarks:impl	transitive	com.squareup.okio:okio:3.9.1	dev
:feature:bookmarks:impl	transitive	com.squareup.okio:okio:3.9.1	prod
:feature:bookmarks:impl	transitive	com.squareup.retrofit2:converter-kotlinx-serialization:2.11.0	dev
:feature:bookmarks:impl	transitive	com.squareup.retrofit2:converter-kotlinx-serialization:2.11.0	prod
:feature:bookmarks:impl	transitive	com.squareup.retrofit2:retrofit:2.11.0	dev
:feature:bookmarks:impl	transitive	com.squareup.retrofit2:retrofit:2.11.0	prod
:feature:bookmarks:impl	transitive	com.squareup:javawriter:2.1.1	dev
:feature:bookmarks:impl	transitive	io.coil-kt:coil-base:2.7.0	dev
:feature:bookmarks:impl	transitive	io.coil-kt:coil-base:2.7.0	prod
:feature:bookmarks:impl	transitive	io.coil-kt:coil-compose-base:2.7.0	dev
:feature:bookmarks:impl	transitive	io.coil-kt:coil-compose-base:2.7.0	prod
:feature:bookmarks:impl	transitive	io.coil-kt:coil-compose:2.7.0	dev
:feature:bookmarks:impl	transitive	io.coil-kt:coil-compose:2.7.0	prod
:feature:bookmarks:impl	transitive	io.coil-kt:coil-svg:2.7.0	dev
:feature:bookmarks:impl	transitive	io.coil-kt:coil-svg:2.7.0	prod
:feature:bookmarks:impl	transitive	io.coil-kt:coil:2.7.0	dev
:feature:bookmarks:impl	transitive	io.coil-kt:coil:2.7.0	prod
:feature:bookmarks:impl	transitive	jakarta.inject:jakarta.inject-api:2.0.1	dev
:feature:bookmarks:impl	transitive	jakarta.inject:jakarta.inject-api:2.0.1	prod
:feature:bookmarks:impl	transitive	javax.inject:javax.inject:1	dev
:feature:bookmarks:impl	transitive	javax.inject:javax.inject:1	prod
:feature:bookmarks:impl	transitive	junit:junit:4.13.2	dev
:feature:bookmarks:impl	transitive	org.checkerframework:checker-qual:3.12.0	dev
:feature:bookmarks:impl	transitive	org.checkerframework:checker-qual:3.12.0	prod
:feature:bookmarks:impl	transitive	org.hamcrest:hamcrest-core:1.3	dev
:feature:bookmarks:impl	transitive	org.hamcrest:hamcrest-integration:1.3	dev
:feature:bookmarks:impl	transitive	org.hamcrest:hamcrest-library:1.3	dev
:feature:bookmarks:impl	transitive	org.jetbrains.kotlin:kotlin-stdlib-common:2.3.0	dev
:feature:bookmarks:impl	transitive	org.jetbrains.kotlin:kotlin-stdlib-common:2.3.0	prod
:feature:bookmarks:impl	transitive	org.jetbrains.kotlin:kotlin-stdlib-jdk7:1.9.0	dev
:feature:bookmarks:impl	transitive	org.jetbrains.kotlin:kotlin-stdlib-jdk7:1.9.0	prod
:feature:bookmarks:impl	transitive	org.jetbrains.kotlin:kotlin-stdlib-jdk8:1.9.0	dev
:feature:bookmarks:impl	transitive	org.jetbrains.kotlin:kotlin-stdlib-jdk8:1.9.0	prod
:feature:bookmarks:impl	transitive	org.jetbrains.kotlin:kotlin-stdlib:2.3.0	dev
:feature:bookmarks:impl	transitive	org.jetbrains.kotlinx:kotlinx-coroutines-android:1.10.1	dev
:feature:bookmarks:impl	transitive	org.jetbrains.kotlinx:kotlinx-coroutines-android:1.10.1	prod
:feature:bookmarks:impl	transitive	org.jetbrains.kotlinx:kotlinx-coroutines-android:1.9.0	prod
:feature:bookmarks:impl	transitive	org.jetbrains.kotlinx:kotlinx-coroutines-bom:1.10.1	dev
:feature:bookmarks:impl	transitive	org.jetbrains.kotlinx:kotlinx-coroutines-bom:1.10.1	prod
:feature:bookmarks:impl	transitive	org.jetbrains.kotlinx:kotlinx-coroutines-bom:1.9.0	prod
:feature:bookmarks:impl	transitive	org.jetbrains.kotlinx:kotlinx-coroutines-core-jvm:1.10.1	dev
:feature:bookmarks:impl	transitive	org.jetbrains.kotlinx:kotlinx-coroutines-core-jvm:1.10.1	prod
:feature:bookmarks:impl	transitive	org.jetbrains.kotlinx:kotlinx-coroutines-core-jvm:1.9.0	prod
:feature:bookmarks:impl	transitive	org.jetbrains.kotlinx:kotlinx-coroutines-core:1.10.1	dev
:feature:bookmarks:impl	transitive	org.jetbrains.kotlinx:kotlinx-coroutines-core:1.10.1	prod
:feature:bookmarks:impl	transitive	org.jetbrains.kotlinx:kotlinx-coroutines-core:1.9.0	prod
:feature:bookmarks:impl	transitive	org.jetbrains.kotlinx:kotlinx-coroutines-play-services:1.10.1	dev
:feature:bookmarks:impl	transitive	org.jetbrains.kotlinx:kotlinx-coroutines-play-services:1.10.1	prod
:feature:bookmarks:impl	transitive	org.jetbrains.kotlinx:kotlinx-coroutines-test-jvm:1.10.1	dev
:feature:bookmarks:impl	transitive	org.jetbrains.kotlinx:kotlinx-coroutines-test:1.10.1	dev
:feature:bookmarks:impl	transitive	org.jetbrains.kotlinx:kotlinx-datetime-jvm:0.6.1	dev
:feature:bookmarks:impl	transitive	org.jetbrains.kotlinx:kotlinx-datetime-jvm:0.6.1	prod
:feature:bookmarks:impl	transitive	org.jetbrains.kotlinx:kotlinx-datetime:0.6.1	dev
:feature:bookmarks:impl	transitive	org.jetbrains.kotlinx:kotlinx-datetime:0.6.1	prod
:feature:bookmarks:impl	transitive	org.jetbrains.kotlinx:kotlinx-serialization-bom:1.7.3	dev
:feature:bookmarks:impl	transitive	org.jetbrains.kotlinx:kotlinx-serialization-bom:1.7.3	prod
:feature:bookmarks:impl	transitive	org.jetbrains.kotlinx:kotlinx-serialization-bom:1.8.0	dev
:feature:bookmarks:impl	transitive	org.jetbrains.kotlinx:kotlinx-serialization-bom:1.8.0	prod
:feature:bookmarks:impl	transitive	org.jetbrains.kotlinx:kotlinx-serialization-core-jvm:1.7.3	dev
:feature:bookmarks:impl	transitive	org.jetbrains.kotlinx:kotlinx-serialization-core-jvm:1.7.3	prod
:feature:bookmarks:impl	transitive	org.jetbrains.kotlinx:kotlinx-serialization-core-jvm:1.8.0	dev
:feature:bookmarks:impl	transitive	org.jetbrains.kotlinx:kotlinx-serialization-core-jvm:1.8.0	prod
:feature:bookmarks:impl	transitive	org.jetbrains.kotlinx:kotlinx-serialization-core:1.7.3	dev
:feature:bookmarks:impl	transitive	org.jetbrains.kotlinx:kotlinx-serialization-core:1.7.3	prod
:feature:bookmarks:impl	transitive	org.jetbrains.kotlinx:kotlinx-serialization-core:1.8.0	dev
:feature:bookmarks:impl	transitive	org.jetbrains.kotlinx:kotlinx-serialization-core:1.8.0	prod
:feature:bookmarks:impl	transitive	org.jetbrains.kotlinx:kotlinx-serialization-json-jvm:1.8.0	dev
:feature:bookmarks:impl	transitive	org.jetbrains.kotlinx:kotlinx-serialization-json-jvm:1.8.0	prod
:feature:bookmarks:impl	transitive	org.jetbrains.kotlinx:kotlinx-serialization-json:1.8.0	dev
:feature:bookmarks:impl	transitive	org.jetbrains.kotlinx:kotlinx-serialization-json:1.8.0	prod
:feature:bookmarks:impl	transitive	org.jetbrains:annotations:23.0.0	dev
:feature:bookmarks:impl	transitive	org.jetbrains:annotations:23.0.0	prod
:feature:bookmarks:impl	transitive	org.jspecify:jspecify:1.0.0	dev
:feature:bookmarks:impl	transitive	org.jspecify:jspecify:1.0.0	prod
:feature:interests:api	direct	androidx.tracing:tracing-ktx:1.3.0-alpha02	dev
:feature:interests:api	direct	androidx.tracing:tracing-ktx:1.3.0-alpha02	prod
:feature:interests:api	direct	junit:junit:4.13.2	dev
:feature:interests:api	direct	org.jetbrains.kotlin:kotlin-stdlib:2.3.0	dev
:feature:interests:api	direct	org.jetbrains.kotlin:kotlin-stdlib:2.3.0	prod
:feature:interests:api	direct	org.jetbrains.kotlin:kotlin-test:2.3.0	dev
:feature:interests:api	transitive	androidx.activity:activity-compose:1.12.0	dev
:feature:interests:api	transitive	androidx.activity:activity-compose:1.12.0	prod
:feature:interests:api	transitive	androidx.activity:activity-ktx:1.12.0	dev
:feature:interests:api	transitive	androidx.activity:activity-ktx:1.12.0	prod
:feature:interests:api	transitive	androidx.activity:activity:1.12.0	dev
:feature:interests:api	transitive	androidx.activity:activity:1.12.0	prod
:feature:interests:api	transitive	androidx.annotation:annotation-experimental:1.4.1	dev
:feature:interests:api	transitive	androidx.annotation:annotation-experimental:1.4.1	prod
:feature:interests:api	transitive	androidx.annotation:annotation-jvm:1.9.1	dev
:feature:interests:api	transitive	androidx.annotation:annotation-jvm:1.9.1	prod
:feature:interests:api	transitive	androidx.annotation:annotation:1.9.1	dev
:feature:interests:api	transitive	androidx.annotation:annotation:1.9.1	prod
:feature:interests:api	transitive	androidx.arch.core:core-common:2.2.0	dev
:feature:interests:api	transitive	androidx.arch.core:core-common:2.2.0	prod
:feature:interests:api	transitive	androidx.arch.core:core-runtime:2.2.0	dev
:feature:interests:api	transitive	androidx.arch.core:core-runtime:2.2.0	prod
:feature:interests:api	transitive	androidx.autofill:autofill:1.0.0	dev
:feature:interests:api	transitive	androidx.autofill:autofill:1.0.0	prod
:feature:interests:api	transitive	androidx.collection:collection-jvm:1.5.0	dev
:feature:interests:api	transitive	androidx.collection:collection-jvm:1.5.0	prod
:feature:interests:api	transitive	androidx.collection:collection-ktx:1.5.0	dev
:feature:interests:api	transitive	androidx.collection:collection-ktx:1.5.0	prod
:feature:interests:api	transitive	androidx.collection:collection:1.5.0	dev
:feature:interests:api	transitive	androidx.collection:collection:1.5.0	prod
:feature:interests:api	transitive	androidx.compose.runtime:runtime-android:1.9.5	dev
:feature:interests:api	transitive	androidx.compose.runtime:runtime-android:1.9.5	prod
:feature:interests:api	transitive	androidx.compose.runtime:runtime-annotation-android:1.9.5	dev
:feature:interests:api	transitive	androidx.compose.runtime:runtime-annotation-android:1.9.5	prod
:feature:interests:api	transitive	androidx.compose.runtime:runtime-annotation:1.9.5	dev
:feature:interests:api	transitive	androidx.compose.runtime:runtime-annotation:1.9.5	prod
:feature:interests:api	transitive	androidx.compose.runtime:runtime-saveable-android:1.9.5	dev
:feature:interests:api	transitive	androidx.compose.runtime:runtime-saveable-android:1.9.5	prod
:feature:interests:api	transitive	androidx.compose.runtime:runtime-saveable:1.9.5	dev
:feature:interests:api	transitive	androidx.compose.runtime:runtime-saveable:1.9.5	prod
:feature:interests:api	transitive	androidx.compose.runtime:runtime:1.9.5	dev
:feature:interests:api	transitive	androidx.compose.runtime:runtime:1.9.5	prod
:feature:interests:api	transitive	androidx.compose.ui:ui-android:1.9.2	dev
:feature:interests:api	transitive	androidx.compose.ui:ui-android:1.9.2	prod
:feature:interests:api	transitive	androidx.compose.ui:ui-geometry-android:1.9.2	dev
:feature:interests:api	transitive	androidx.compose.ui:ui-geometry-android:1.9.2	prod
:feature:interests:api	transitive	androidx.compose.ui:ui-geometry:1.9.2	dev
:feature:interests:api	transitive	androidx.compose.ui:ui-geometry:1.9.2	prod
:feature:interests:api	transitive	androidx.compose.ui:ui-graphics-android:1.9.2	dev
:feature:interests:api	transitive	androidx.compose.ui:ui-graphics-android:1.9.2	prod
:feature:interests:api	transitive	androidx.compose.ui:ui-graphics:1.9.2	dev
:feature:interests:api	transitive	androidx.compose.ui:ui-graphics:1.9.2	prod
:feature:interests:api	transitive	androidx.compose.ui:ui-text-android:1.9.2	dev
:feature:interests:api	transitive	androidx.compose.ui:ui-text-android:1.9.2	prod
:feature:interests:api	transitive	androidx.compose.ui:ui-text:1.9.2	dev
:feature:interests:api	transitive	androidx.compose.ui:ui-text:1.9.2	prod
:feature:interests:api	transitive	androidx.compose.ui:ui-unit-android:1.9.2	dev
:feature:interests:api	transitive	androidx.compose.ui:ui-unit-android:1.9.2	prod
:feature:interests:api	transitive	androidx.compose.ui:ui-unit:1.9.2	dev
:feature:interests:api	transitive	androidx.compose.ui:ui-unit:1.9.2	prod
:feature:interests:api	transitive	androidx.compose.ui:ui-util-android:1.9.2	dev
:feature:interests:api	transitive	androidx.compose.ui:ui-util-android:1.9.2	prod
:feature:interests:api	transitive	androidx.compose.ui:ui-util:1.9.2	dev
:feature:interests:api	transitive	androidx.compose.ui:ui-util:1.9.2	prod
:feature:interests:api	transitive	androidx.compose.ui:ui:1.9.2	dev
:feature:interests:api	transitive	androidx.compose.ui:ui:1.9.2	prod
:feature:interests:api	transitive	androidx.concurrent:concurrent-futures:1.1.0	dev
:feature:interests:api	transitive	androidx.concurrent:concurrent-futures:1.1.0	prod
:feature:interests:api	transitive	androidx.core:core-ktx:1.16.0	dev
:feature:interests:api	transitive	androidx.core:core-ktx:1.16.0	prod
:feature:interests:api	transitive	androidx.core:core-viewtree:1.0.0	dev
:feature:interests:api	transitive	androidx.core:core-viewtree:1.0.0	prod
:feature:interests:api	transitive	androidx.core:core:1.16.0	dev
:feature:interests:api	transitive	androidx.core:core:1.16.0	prod
:feature:interests:api	transitive	androidx.customview:customview-poolingcontainer:1.0.0	dev
:feature:interests:api	transitive	androidx.customview:customview-poolingcontainer:1.0.0	prod
:feature:interests:api	transitive	androidx.customview:customview:1.0.0	dev
:feature:interests:api	transitive	androidx.customview:customview:1.0.0	prod
:feature:interests:api	transitive	androidx.emoji2:emoji2:1.4.0	dev
:feature:interests:api	transitive	androidx.emoji2:emoji2:1.4.0	prod
:feature:interests:api	transitive	androidx.fragment:fragment:1.5.1	dev
:feature:interests:api	transitive	androidx.fragment:fragment:1.5.1	prod
:feature:interests:api	transitive	androidx.graphics:graphics-path:1.0.1	dev
:feature:interests:api	transitive	androidx.graphics:graphics-path:1.0.1	prod
:feature:interests:api	transitive	androidx.interpolator:interpolator:1.0.0	dev
:feature:interests:api	transitive	androidx.interpolator:interpolator:1.0.0	prod
:feature:interests:api	transitive	androidx.lifecycle:lifecycle-common-jvm:2.10.0	dev
:feature:interests:api	transitive	androidx.lifecycle:lifecycle-common-jvm:2.10.0	prod
:feature:interests:api	transitive	androidx.lifecycle:lifecycle-common:2.10.0	dev
:feature:interests:api	transitive	androidx.lifecycle:lifecycle-common:2.10.0	prod
:feature:interests:api	transitive	androidx.lifecycle:lifecycle-livedata-core-ktx:2.10.0	dev
:feature:interests:api	transitive	androidx.lifecycle:lifecycle-livedata-core-ktx:2.10.0	prod
:feature:interests:api	transitive	androidx.lifecycle:lifecycle-livedata-core:2.10.0	dev
:feature:interests:api	transitive	androidx.lifecycle:lifecycle-livedata-core:2.10.0	prod
:feature:interests:api	transitive	androidx.lifecycle:lifecycle-livedata:2.10.0	dev
:feature:interests:api	transitive	androidx.lifecycle:lifecycle-livedata:2.10.0	prod
:feature:interests:api	transitive	androidx.lifecycle:lifecycle-process:2.10.0	dev
:feature:interests:api	transitive	androidx.lifecycle:lifecycle-process:2.10.0	prod
:feature:interests:api	transitive	androidx.lifecycle:lifecycle-runtime-android:2.10.0	dev
:feature:interests:api	transitive	androidx.lifecycle:lifecycle-runtime-android:2.10.0	prod
:feature:interests:api	transitive	androidx.lifecycle:lifecycle-runtime-compose-android:2.10.0	dev
:feature:interests:api	transitive	androidx.lifecycle:lifecycle-runtime-compose-android:2.10.0	prod
:feature:interests:api	transitive	androidx.lifecycle:lifecycle-runtime-compose:2.10.0	dev
:feature:interests:api	transitive	androidx.lifecycle:lifecycle-runtime-compose:2.10.0	prod
:feature:interests:api	transitive	androidx.lifecycle:lifecycle-runtime-ktx-android:2.10.0	dev
:feature:interests:api	transitive	androidx.lifecycle:lifecycle-runtime-ktx-android:2.10.0	prod
:feature:interests:api	transitive	androidx.lifecycle:lifecycle-runtime-ktx:2.10.0	dev
:feature:interests:api	transitive	androidx.lifecycle:lifecycle-runtime-ktx:2.10.0	prod
:feature:interests:api	transitive	androidx.lifecycle:lifecycle-runtime:2.10.0	dev
:feature:interests:api	transitive	androidx.lifecycle:lifecycle-runtime:2.10.0	prod
:feature:interests:api	transitive	androidx.lifecycle:lifecycle-viewmodel-android:2.10.0	dev
:feature:interests:api	transitive	androidx.lifecycle:lifecycle-viewmodel-android:2.10.0	prod
:feature:interests:api	transitive	androidx.lifecycle:lifecycle-viewmodel-compose-android:2.10.0	dev
:feature:interests:api	transitive	androidx.lifecycle:lifecycle-viewmodel-compose-android:2.10.0	prod
:feature:interests:api	transitive	androidx.lifecycle:lifecycle-viewmodel-compose:2.10.0	dev
:feature:interests:api	transitive	androidx.lifecycle:lifecycle-viewmodel-compose:2.10.0	prod
:feature:interests:api	transitive	androidx.lifecycle:lifecycle-viewmodel-ktx:2.10.0	dev
:feature:interests:api	transitive	androidx.lifecycle:lifecycle-viewmodel-ktx:2.10.0	prod
:feature:interests:api	transitive	androidx.lifecycle:lifecycle-viewmodel-navigation3-android:2.10.0	dev
:feature:interests:api	transitive	androidx.lifecycle:lifecycle-viewmodel-navigation3-android:2.10.0	prod
:feature:interests:api	transitive	androidx.lifecycle:lifecycle-viewmodel-navigation3:2.10.0	dev
:feature:interests:api	transitive	androidx.lifecycle:lifecycle-viewmodel-navigation3:2.10.0	prod
:feature:interests:api	transitive	androidx.lifecycle:lifecycle-viewmodel-savedstate-android:2.10.0	dev
:feature:interests:api	transitive	androidx.lifecycle:lifecycle-viewmodel-savedstate-android:2.10.0	prod
:feature:interests:api	transitive	androidx.lifecycle:lifecycle-viewmodel-savedstate:2.10.0	dev
:feature:interests:api	transitive	androidx.lifecycle:lifecycle-viewmodel-savedstate:2.10.0	prod
:feature:interests:api	transitive	androidx.lifecycle:lifecycle-viewmodel:2.10.0	dev
:feature:interests:api	transitive	androidx.lifecycle:lifecycle-viewmodel:2.10.0	prod
:feature:interests:api	transitive	androidx.loader:loader:1.0.0	dev
:feature:interests:api	transitive	androidx.loader:loader:1.0.0	prod
:feature:interests:api	transitive	androidx.navigation3:navigation3-runtime-android:1.0.0	dev
:feature:interests:api	transitive	androidx.navigation3:navigation3-runtime-android:1.0.0	prod
:feature:interests:api	transitive	androidx.navigation3:navigation3-runtime:1.0.0	dev
:feature:interests:api	transitive	androidx.navigation3:navigation3-runtime:1.0.0	prod
:feature:interests:api	transitive	androidx.navigationevent:navigationevent-android:1.0.0	dev
:feature:interests:api	transitive	androidx.navigationevent:navigationevent-android:1.0.0	prod
:feature:interests:api	transitive	androidx.navigationevent:navigationevent-compose-android:1.0.0	dev
:feature:interests:api	transitive	androidx.navigationevent:navigationevent-compose-android:1.0.0	prod
:feature:interests:api	transitive	androidx.navigationevent:navigationevent-compose:1.0.0	dev
:feature:interests:api	transitive	androidx.navigationevent:navigationevent-compose:1.0.0	prod
:feature:interests:api	transitive	androidx.navigationevent:navigationevent:1.0.0	dev
:feature:interests:api	transitive	androidx.navigationevent:navigationevent:1.0.0	prod
:feature:interests:api	transitive	androidx.profileinstaller:profileinstaller:1.4.0	dev
:feature:interests:api	transitive	androidx.profileinstaller:profileinstaller:1.4.0	prod
:feature:interests:api	transitive	androidx.savedstate:savedstate-android:1.4.0	dev
:feature:interests:api	transitive	androidx.savedstate:savedstate-android:1.4.0	prod
:feature:interests:api	transitive	androidx.savedstate:savedstate-compose-android:1.4.0	dev
:feature:interests:api	transitive	androidx.savedstate:savedstate-compose-android:1.4.0	prod
:feature:interests:api	transitive	androidx.savedstate:savedstate-compose:1.4.0	dev
:feature:interests:api	transitive	androidx.savedstate:savedstate-compose:1.4.0	prod
:feature:interests:api	transitive	androidx.savedstate:savedstate-ktx:1.4.0	dev
:feature:interests:api	transitive	androidx.savedstate:savedstate-ktx:1.4.0	prod
:feature:interests:api	transitive	androidx.savedstate:savedstate:1.4.0	dev
:feature:interests:api	transitive	androidx.savedstate:savedstate:1.4.0	prod
:feature:interests:api	transitive	androidx.startup:startup-runtime:1.1.1	dev
:feature:interests:api	transitive	androidx.startup:startup-runtime:1.1.1	prod
:feature:interests:api	transitive	androidx.tracing:tracing-ktx:1.3.0-alpha02	dev
:feature:interests:api	transitive	androidx.tracing:tracing:1.3.0-alpha02	dev
:feature:interests:api	transitive	androidx.tracing:tracing:1.3.0-alpha02	prod
:feature:interests:api	transitive	androidx.versionedparcelable:versionedparcelable:1.1.1	dev
:feature:interests:api	transitive	androidx.versionedparcelable:versionedparcelable:1.1.1	prod
:feature:interests:api	transitive	androidx.viewpager:viewpager:1.0.0	dev
:feature:interests:api	transitive	androidx.viewpager:viewpager:1.0.0	prod
:feature:interests:api	transitive	com.google.code.findbugs:jsr305:3.0.2	dev
:feature:interests:api	transitive	com.google.code.findbugs:jsr305:3.0.2	prod
:feature:interests:api	transitive	com.google.dagger:dagger-lint-aar:2.59	dev
:feature:interests:api	transitive	com.google.dagger:dagger-lint-aar:2.59	prod
:feature:interests:api	transitive	com.google.dagger:dagger:2.59	dev
:feature:interests:api	transitive	com.google.dagger:dagger:2.59	prod
:feature:interests:api	transitive	com.google.dagger:hilt-android:2.59	dev
:feature:interests:api	transitive	com.google.dagger:hilt-android:2.59	prod
:feature:interests:api	transitive	com.google.dagger:hilt-core:2.59	dev
:feature:interests:api	transitive	com.google.dagger:hilt-core:2.59	prod
:feature:interests:api	transitive	com.google.guava:listenablefuture:1.0	dev
:feature:interests:api	transitive	com.google.guava:listenablefuture:1.0	prod
:feature:interests:api	transitive	jakarta.inject:jakarta.inject-api:2.0.1	dev
:feature:interests:api	transitive	jakarta.inject:jakarta.inject-api:2.0.1	prod
:feature:interests:api	transitive	javax.inject:javax.inject:1	dev
:feature:interests:api	transitive	javax.inject:javax.inject:1	prod
:feature:interests:api	transitive	org.hamcrest:hamcrest-core:1.3	dev
:feature:interests:api	transitive	org.jetbrains.kotlin:kotlin-stdlib-common:2.3.0	dev
:feature:interests:api	transitive	org.jetbrains.kotlin:kotlin-stdlib-common:2.3.0	prod
:feature:interests:api	transitive	org.jetbrains.kotlin:kotlin-stdlib:2.3.0	dev
:feature:interests:api	transitive	org.jetbrains.kotlinx:kotlinx-coroutines-android:1.9.0	dev
:feature:interests:api	transitive	org.jetbrains.kotlinx:kotlinx-coroutines-android:1.9.0	prod
:feature:interests:api	transitive	org.jetbrains.kotlinx:kotlinx-coroutines-bom:1.9.0	dev
:feature:interests:api	transitive	org.jetbrains.kotlinx:kotlinx-coroutines-bom:1.9.0	prod
:feature:interests:api	transitive	org.jetbrains.kotlinx:kotlinx-coroutines-core-jvm:1.9.0	dev
:feature:interests:api	transitive	org.jetbrains.kotlinx:kotlinx-coroutines-core-jvm:1.9.0	prod
:feature:interests:api	transitive	org.jetbrains.kotlinx:kotlinx-coroutines-core:1.9.0	dev
:feature:interests:api	transitive	org.jetbrains.kotlinx:kotlinx-coroutines-core:1.9.0	prod
:feature:interests:api	transitive	org.jetbrains.kotlinx:kotlinx-serialization-bom:1.7.3	dev
:feature:interests:api	transitive	org.jetbrains.kotlinx:kotlinx-serialization-bom:1.7.3	prod
:feature:interests:api	transitive	org.jetbrains.kotlinx:kotlinx-serialization-core-jvm:1.7.3	dev
:feature:interests:api	transitive	org.jetbrains.kotlinx:kotlinx-serialization-core-jvm:1.7.3	prod
:feature:interests:api	transitive	org.jetbrains.kotlinx:kotlinx-serialization-core:1.7.3	dev
:feature:interests:api	transitive	org.jetbrains.kotlinx:kotlinx-serialization-core:1.7.3	prod
:feature:interests:api	transitive	org.jetbrains:annotations:23.0.0	dev
:feature:interests:api	transitive	org.jetbrains:annotations:23.0.0	prod
:feature:interests:api	transitive	org.jspecify:jspecify:1.0.0	dev
:feature:interests:api	transitive	org.jspecify:jspecify:1.0.0	prod
:feature:foryou:impl	direct	androidx.activity:activity-compose:1.12.0	prod
:feature:foryou:impl	direct	androidx.activity:activity-compose:1.9.3	dev
:feature:foryou:impl	direct	androidx.activity:activity-compose:1.9.3	prod
:feature:foryou:impl	direct	androidx.compose.ui:ui-test-junit4:1.10.0-alpha04	dev
:feature:foryou:impl	direct	androidx.compose.ui:ui-test-manifest:1.10.0-alpha04	dev
:feature:foryou:impl	direct	androidx.compose.ui:ui-tooling-preview:1.10.0-alpha04	dev
:feature:foryou:impl	direct	androidx.compose.ui:ui-tooling-preview:1.10.0-alpha04	prod
:feature:foryou:impl	direct	androidx.compose.ui:ui-tooling:1.10.0-alpha04	dev
:feature:foryou:impl	direct	androidx.compose.ui:ui-tooling:1.10.0-alpha04	prod
:feature:foryou:impl	direct	androidx.compose:compose-bom-alpha:2025.09.01	dev
:feature:foryou:impl	direct	androidx.compose:compose-bom-alpha:2025.09.01	prod
:feature:foryou:impl	direct	androidx.hilt:hilt-lifecycle-viewmodel-compose:1.3.0-alpha02	dev
:feature:foryou:impl	direct	androidx.hilt:hilt-lifecycle-viewmodel-compose:1.3.0-alpha02	prod
:feature:foryou:impl	direct	androidx.lifecycle:lifecycle-runtime-compose:2.10.0	dev
:feature:foryou:impl	direct	androidx.lifecycle:lifecycle-runtime-compose:2.10.0	prod
:feature:foryou:impl	direct	androidx.lifecycle:lifecycle-runtime-testing:2.10.0	dev
:feature:foryou:impl	direct	androidx.lifecycle:lifecycle-viewmodel-compose:2.10.0	dev
:feature:foryou:impl	direct	androidx.lifecycle:lifecycle-viewmodel-compose:2.10.0	prod
:feature:foryou:impl	direct	androidx.navigation3:navigation3-runtime:1.0.0	dev
:feature:foryou:impl	direct	androidx.navigation3:navigation3-runtime:1.0.0	prod
:feature:foryou:impl	direct	androidx.tracing:tracing-ktx:1.3.0-alpha02	dev
:feature:foryou:impl	direct	androidx.tracing:tracing-ktx:1.3.0-alpha02	prod
:feature:foryou:impl	direct	com.google.accompanist:accompanist-permissions:0.37.0	dev
:feature:foryou:impl	direct	com.google.accompanist:accompanist-permissions:0.37.0	prod
:feature:foryou:impl	direct	com.google.dagger:hilt-android-testing:2.59	dev
:feature:foryou:impl	direct	com.google.dagger:hilt-android:2.59	dev
:feature:foryou:impl	direct	com.google.dagger:hilt-android:2.59	prod
:feature:foryou:impl	direct	junit:junit:4.13.2	dev
:feature:foryou:impl	direct	org.jetbrains.kotlin:kotlin-stdlib:2.3.0	dev
:feature:foryou:impl	direct	org.jetbrains.kotlin:kotlin-stdlib:2.3.0	prod
:feature:foryou:impl	direct	org.jetbrains.kotlin:kotlin-test:2.3.0	dev
:feature:foryou:impl	direct	org.robolectric:robolectric:4.16	dev
:feature:foryou:impl	transitive	androidx.activity:activity-compose:1.12.0	dev
:feature:foryou:impl	transitive	androidx.activity:activity-ktx:1.12.0	dev
:feature:foryou:impl	transitive	androidx.activity:activity-ktx:1.12.0	prod
:feature:foryou:impl	transitive	androidx.activity:activity-ktx:1.9.3	dev
:feature:foryou:impl	transitive	androidx.activity:activity-ktx:1.9.3	prod
:feature:foryou:impl	transitive	androidx.activity:activity:1.12.0	dev
:feature:foryou:impl	transitive	androidx.activity:activity:1.12.0	prod
:feature:foryou:impl	transitive	androidx.activity:activity:1.9.3	dev
:feature:foryou:impl	transitive	androidx.activity:activity:1.9.3	prod
:feature:foryou:impl	transitive	androidx.annotation:annotation-experimental:1.5.1	dev
:feature:foryou:impl	transitive	androidx.annotation:annotation-experimental:1.5.1	prod
:feature:foryou:impl	transitive	androidx.annotation:annotation-jvm:1.9.1	dev
:feature:foryou:impl	transitive	androidx.annotation:annotation-jvm:1.9.1	prod
:feature:foryou:impl	transitive	androidx.annotation:annotation:1.9.1	dev
:feature:foryou:impl	transitive	androidx.annotation:annotation:1.9.1	prod
:feature:foryou:impl	transitive	androidx.appcompat:appcompat-resources:1.6.1	dev
:feature:foryou:impl	transitive	androidx.appcompat:appcompat-resources:1.6.1	prod
:feature:foryou:impl	transitive	androidx.appcompat:appcompat:1.6.1	dev
:feature:foryou:impl	transitive	androidx.arch.core:core-common:2.2.0	dev
:feature:foryou:impl	transitive	androidx.arch.core:core-common:2.2.0	prod
:feature:foryou:impl	transitive	androidx.arch.core:core-runtime:2.2.0	dev
:feature:foryou:impl	transitive	androidx.arch.core:core-runtime:2.2.0	prod
:feature:foryou:impl	transitive	androidx.autofill:autofill:1.0.0	dev
:feature:foryou:impl	transitive	androidx.autofill:autofill:1.0.0	prod
:feature:foryou:impl	transitive	androidx.browser:browser:1.8.0	dev
:feature:foryou:impl	transitive	androidx.browser:browser:1.8.0	prod
:feature:foryou:impl	transitive	androidx.cardview:cardview:1.0.0	dev
:feature:foryou:impl	transitive	androidx.collection:collection-jvm:1.5.0	dev
:feature:foryou:impl	transitive	androidx.collection:collection-jvm:1.5.0	prod
:feature:foryou:impl	transitive	androidx.collection:collection-ktx:1.5.0	dev
:feature:foryou:impl	transitive	androidx.collection:collection-ktx:1.5.0	prod
:feature:foryou:impl	transitive	androidx.collection:collection:1.5.0	dev
:feature:foryou:impl	transitive	androidx.collection:collection:1.5.0	prod
:feature:foryou:impl	transitive	androidx.compose.animation:animation-android:1.10.0-alpha04	dev
:feature:foryou:impl	transitive	androidx.compose.animation:animation-android:1.10.0-alpha04	prod
:feature:foryou:impl	transitive	androidx.compose.animation:animation-core-android:1.10.0-alpha04	dev
:feature:foryou:impl	transitive	androidx.compose.animation:animation-core-android:1.10.0-alpha04	prod
:feature:foryou:impl	transitive	androidx.compose.animation:animation-core:1.10.0-alpha04	dev
:feature:foryou:impl	transitive	androidx.compose.animation:animation-core:1.10.0-alpha04	prod
:feature:foryou:impl	transitive	androidx.compose.animation:animation:1.10.0-alpha04	dev
:feature:foryou:impl	transitive	androidx.compose.animation:animation:1.10.0-alpha04	prod
:feature:foryou:impl	transitive	androidx.compose.foundation:foundation-android:1.10.0-alpha04	dev
:feature:foryou:impl	transitive	androidx.compose.foundation:foundation-android:1.10.0-alpha04	prod
:feature:foryou:impl	transitive	androidx.compose.foundation:foundation-layout-android:1.10.0-alpha04	dev
:feature:foryou:impl	transitive	androidx.compose.foundation:foundation-layout-android:1.10.0-alpha04	prod
:feature:foryou:impl	transitive	androidx.compose.foundation:foundation-layout:1.10.0-alpha04	dev
:feature:foryou:impl	transitive	androidx.compose.foundation:foundation-layout:1.10.0-alpha04	prod
:feature:foryou:impl	transitive	androidx.compose.foundation:foundation:1.10.0-alpha04	dev
:feature:foryou:impl	transitive	androidx.compose.foundation:foundation:1.10.0-alpha04	prod
:feature:foryou:impl	transitive	androidx.compose.material3.adaptive:adaptive-android:1.2.0-beta03	dev
:feature:foryou:impl	transitive	androidx.compose.material3.adaptive:adaptive-android:1.2.0-beta03	prod
:feature:foryou:impl	transitive	androidx.compose.material3.adaptive:adaptive:1.2.0-beta03	dev
:feature:foryou:impl	transitive	androidx.compose.material3.adaptive:adaptive:1.2.0-beta03	prod
:feature:foryou:impl	transitive	androidx.compose.material3:material3-adaptive-navigation-suite-android:1.5.0-alpha04	dev
:feature:foryou:impl	transitive	androidx.compose.material3:material3-adaptive-navigation-suite-android:1.5.0-alpha04	prod
:feature:foryou:impl	transitive	androidx.compose.material3:material3-adaptive-navigation-suite:1.5.0-alpha04	dev
:feature:foryou:impl	transitive	androidx.compose.material3:material3-adaptive-navigation-suite:1.5.0-alpha04	prod
:feature:foryou:impl	transitive	androidx.compose.material3:material3-android:1.5.0-alpha04	dev
:feature:foryou:impl	transitive	androidx.compose.material3:material3-android:1.5.0-alpha04	prod
:feature:foryou:impl	transitive	androidx.compose.material3:material3:1.5.0-alpha04	dev
:feature:foryou:impl	transitive	androidx.compose.material3:material3:1.5.0-alpha04	prod
:feature:foryou:impl	transitive	androidx.compose.material:material-android:1.10.0-alpha04	dev
:feature:foryou:impl	transitive	androidx.compose.material:material-android:1.10.0-alpha04	prod
:feature:foryou:impl	transitive	androidx.compose.material:material-icons-core-android:1.7.8	dev
:feature:foryou:impl	transitive	androidx.compose.material:material-icons-core-android:1.7.8	prod
:feature:foryou:impl	transitive	androidx.compose.material:material-icons-core:1.7.8	dev
:feature:foryou:impl	transitive	androidx.compose.material:material-icons-core:1.7.8	prod
:feature:foryou:impl	transitive	androidx.compose.material:material-icons-extended-android:1.7.8	dev
:feature:foryou:impl	transitive	androidx.compose.material:material-icons-extended-android:1.7.8	prod
:feature:foryou:impl	transitive	androidx.compose.material:material-icons-extended:1.7.8	dev
:feature:foryou:impl	transitive	androidx.compose.material:material-icons-extended:1.7.8	prod
:feature:foryou:impl	transitive	androidx.compose.material:material-ripple-android:1.10.0-alpha04	dev
:feature:foryou:impl	transitive	androidx.compose.material:material-ripple-android:1.10.0-alpha04	prod
:feature:foryou:impl	transitive	androidx.compose.material:material-ripple:1.10.0-alpha04	dev
:feature:foryou:impl	transitive	androidx.compose.material:material-ripple:1.10.0-alpha04	prod
:feature:foryou:impl	transitive	androidx.compose.material:material:1.10.0-alpha04	dev
:feature:foryou:impl	transitive	androidx.compose.material:material:1.10.0-alpha04	prod
:feature:foryou:impl	transitive	androidx.compose.runtime:runtime-android:1.10.0-alpha04	dev
:feature:foryou:impl	transitive	androidx.compose.runtime:runtime-android:1.10.0-alpha04	prod
:feature:foryou:impl	transitive	androidx.compose.runtime:runtime-annotation-android:1.10.0-alpha04	dev
:feature:foryou:impl	transitive	androidx.compose.runtime:runtime-annotation-android:1.10.0-alpha04	prod
:feature:foryou:impl	transitive	androidx.compose.runtime:runtime-annotation:1.10.0-alpha04	dev
:feature:foryou:impl	transitive	androidx.compose.runtime:runtime-annotation:1.10.0-alpha04	prod
:feature:foryou:impl	transitive	androidx.compose.runtime:runtime-retain-android:1.10.0-alpha04	dev
:feature:foryou:impl	transitive	androidx.compose.runtime:runtime-retain-android:1.10.0-alpha04	prod
:feature:foryou:impl	transitive	androidx.compose.runtime:runtime-retain:1.10.0-alpha04	dev
:feature:foryou:impl	transitive	androidx.compose.runtime:runtime-retain:1.10.0-alpha04	prod
:feature:foryou:impl	transitive	androidx.compose.runtime:runtime-saveable-android:1.10.0-alpha04	dev
:feature:foryou:impl	transitive	androidx.compose.runtime:runtime-saveable-android:1.10.0-alpha04	prod
:feature:foryou:impl	transitive	androidx.compose.runtime:runtime-saveable:1.10.0-alpha04	dev
:feature:foryou:impl	transitive	androidx.compose.runtime:runtime-saveable:1.10.0-alpha04	prod
:feature:foryou:impl	transitive	androidx.compose.runtime:runtime:1.10.0-alpha04	dev
:feature:foryou:impl	transitive	androidx.compose.runtime:runtime:1.10.0-alpha04	prod
:feature:foryou:impl	transitive	androidx.compose.ui:ui-android:1.10.0-alpha04	dev
:feature:foryou:impl	transitive	androidx.compose.ui:ui-android:1.10.0-alpha04	prod
:feature:foryou:impl	transitive	androidx.compose.ui:ui-geometry-android:1.10.0-alpha04	dev
:feature:foryou:impl	transitive	androidx.compose.ui:ui-geometry-android:1.10.0-alpha04	prod
:feature:foryou:impl	transitive	androidx.compose.ui:ui-geometry:1.10.0-alpha04	dev
:feature:foryou:impl	transitive	androidx.compose.ui:ui-geometry:1.10.0-alpha04	prod
:feature:foryou:impl	transitive	androidx.compose.ui:ui-graphics-android:1.10.0-alpha04	dev
:feature:foryou:impl	transitive	androidx.compose.ui:ui-graphics-android:1.10.0-alpha04	prod
:feature:foryou:impl	transitive	androidx.compose.ui:ui-graphics:1.10.0-alpha04	dev
:feature:foryou:impl	transitive	androidx.compose.ui:ui-graphics:1.10.0-alpha04	prod
:feature:foryou:impl	transitive	androidx.compose.ui:ui-test-android:1.10.0-alpha04	dev
:feature:foryou:impl	transitive	androidx.compose.ui:ui-test-junit4-android:1.10.0-alpha04	dev
:feature:foryou:impl	transitive	androidx.compose.ui:ui-test-junit4:1.10.0-alpha04	dev
:feature:foryou:impl	transitive	androidx.compose.ui:ui-test-manifest:1.10.0-alpha04	dev
:feature:foryou:impl	transitive	androidx.compose.ui:ui-test:1.10.0-alpha04	dev
:feature:foryou:impl	transitive	androidx.compose.ui:ui-text-android:1.10.0-alpha04	dev
:feature:foryou:impl	transitive	androidx.compose.ui:ui-text-android:1.10.0-alpha04	prod
:feature:foryou:impl	transitive	androidx.compose.ui:ui-text:1.10.0-alpha04	dev
:feature:foryou:impl	transitive	androidx.compose.ui:ui-text:1.10.0-alpha04	prod
:feature:foryou:impl	transitive	androidx.compose.ui:ui-tooling-android:1.10.0-alpha04	dev
:feature:foryou:impl	transitive	androidx.compose.ui:ui-tooling-android:1.10.0-alpha04	prod
:feature:foryou:impl	transitive	androidx.compose.ui:ui-tooling-data-android:1.10.0-alpha04	dev
:feature:foryou:impl	transitive	androidx.compose.ui:ui-tooling-data-android:1.10.0-alpha04	prod
:feature:foryou:impl	transitive	androidx.compose.ui:ui-tooling-data:1.10.0-alpha04	dev
:feature:foryou:impl	transitive	androidx.compose.ui:ui-tooling-data:1.10.0-alpha04	prod
:feature:foryou:impl	transitive	androidx.compose.ui:ui-tooling-preview-android:1.10.0-alpha04	dev
:feature:foryou:impl	transitive	androidx.compose.ui:ui-tooling-preview-android:1.10.0-alpha04	prod
:feature:foryou:impl	transitive	androidx.compose.ui:ui-tooling-preview:1.10.0-alpha04	dev
:feature:foryou:impl	transitive	androidx.compose.ui:ui-tooling:1.10.0-alpha04	dev
:feature:foryou:impl	transitive	androidx.compose.ui:ui-unit-android:1.10.0-alpha04	dev
:feature:foryou:impl	transitive	androidx.compose.ui:ui-unit-android:1.10.0-alpha04	prod
:feature:foryou:impl	transitive	androidx.compose.ui:ui-unit:1.10.0-alpha04	dev
:feature:foryou:impl	transitive	androidx.compose.ui:ui-unit:1.10.0-alpha04	prod
:feature:foryou:impl	transitive	androidx.compose.ui:ui-util-android:1.10.0-alpha04	dev
:feature:foryou:impl	transitive	androidx.compose.ui:ui-util-android:1.10.0-alpha04	prod
:feature:foryou:impl	transitive	androidx.compose.ui:ui-util:1.10.0-alpha04	dev
:feature:foryou:impl	transitive	androidx.compose.ui:ui-util:1.10.0-alpha04	prod
:feature:foryou:impl	transitive	androidx.compose.ui:ui:1.10.0-alpha04	dev
:feature:foryou:impl	transitive	androidx.compose.ui:ui:1.10.0-alpha04	prod
:feature:foryou:impl	transitive	androidx.compose:compose-bom-alpha:2025.09.01	dev
:feature:foryou:impl	transitive	androidx.concurrent:concurrent-futures-ktx:1.1.0	dev
:feature:foryou:impl	transitive	androidx.concurrent:concurrent-futures:1.1.0	dev
:feature:foryou:impl	transitive	androidx.concurrent:concurrent-futures:1.1.0	prod
:feature:foryou:impl	transitive	androidx.coordinatorlayout:coordinatorlayout:1.1.0	dev
:feature:foryou:impl	transitive	androidx.core:core-ktx:1.13.0	dev
:feature:foryou:impl	transitive	androidx.core:core-ktx:1.13.0	prod
:feature:foryou:impl	transitive	androidx.core:core-ktx:1.16.0	dev
:feature:foryou:impl	transitive	androidx.core:core-ktx:1.16.0	prod
:feature:foryou:impl	transitive	androidx.core:core-viewtree:1.0.0	dev
:feature:foryou:impl	transitive	androidx.core:core-viewtree:1.0.0	prod
:feature:foryou:impl	transitive	androidx.core:core:1.13.0	dev
:feature:foryou:impl	transitive	androidx.core:core:1.13.0	prod
:feature:foryou:impl	transitive	androidx.core:core:1.16.0	dev
:feature:foryou:impl	transitive	androidx.core:core:1.16.0	prod
:feature:foryou:impl	transitive	androidx.cursoradapter:cursoradapter:1.0.0	dev
:feature:foryou:impl	transitive	androidx.customview:customview-poolingcontainer:1.0.0	dev
:feature:foryou:impl	transitive	androidx.customview:customview-poolingcontainer:1.0.0	prod
:feature:foryou:impl	transitive	androidx.customview:customview:1.0.0	dev
:feature:foryou:impl	transitive	androidx.customview:customview:1.0.0	prod
:feature:foryou:impl	transitive	androidx.datastore:datastore-android:1.2.0	dev
:feature:foryou:impl	transitive	androidx.datastore:datastore-android:1.2.0	prod
:feature:foryou:impl	transitive	androidx.datastore:datastore-core-android:1.2.0	dev
:feature:foryou:impl	transitive	androidx.datastore:datastore-core-android:1.2.0	prod
:feature:foryou:impl	transitive	androidx.datastore:datastore-core-okio-jvm:1.2.0	dev
:feature:foryou:impl	transitive	androidx.datastore:datastore-core-okio-jvm:1.2.0	prod
:feature:foryou:impl	transitive	androidx.datastore:datastore-core-okio:1.2.0	dev
:feature:foryou:impl	transitive	androidx.datastore:datastore-core-okio:1.2.0	prod
:feature:foryou:impl	transitive	androidx.datastore:datastore-core:1.2.0	dev
:feature:foryou:impl	transitive	androidx.datastore:datastore-core:1.2.0	prod
:feature:foryou:impl	transitive	androidx.datastore:datastore:1.2.0	dev
:feature:foryou:impl	transitive	androidx.datastore:datastore:1.2.0	prod
:feature:foryou:impl	transitive	androidx.documentfile:documentfile:1.0.0	dev
:feature:foryou:impl	transitive	androidx.documentfile:documentfile:1.0.0	prod
:feature:foryou:impl	transitive	androidx.drawerlayout:drawerlayout:1.0.0	dev
:feature:foryou:impl	transitive	androidx.dynamicanimation:dynamicanimation:1.0.0	dev
:feature:foryou:impl	transitive	androidx.dynamicanimation:dynamicanimation:1.0.0	prod
:feature:foryou:impl	transitive	androidx.emoji2:emoji2-views-helper:1.4.0	dev
:feature:foryou:impl	transitive	androidx.emoji2:emoji2:1.4.0	dev
:feature:foryou:impl	transitive	androidx.emoji2:emoji2:1.4.0	prod
:feature:foryou:impl	transitive	androidx.exifinterface:exifinterface:1.3.7	dev
:feature:foryou:impl	transitive	androidx.exifinterface:exifinterface:1.3.7	prod
:feature:foryou:impl	transitive	androidx.fragment:fragment:1.5.1	dev
:feature:foryou:impl	transitive	androidx.fragment:fragment:1.5.1	prod
:feature:foryou:impl	transitive	androidx.graphics:graphics-path:1.0.1	dev
:feature:foryou:impl	transitive	androidx.graphics:graphics-path:1.0.1	prod
:feature:foryou:impl	transitive	androidx.graphics:graphics-shapes-android:1.0.1	dev
:feature:foryou:impl	transitive	androidx.graphics:graphics-shapes-android:1.0.1	prod
:feature:foryou:impl	transitive	androidx.graphics:graphics-shapes:1.0.1	dev
:feature:foryou:impl	transitive	androidx.graphics:graphics-shapes:1.0.1	prod
:feature:foryou:impl	transitive	androidx.hilt:hilt-lifecycle-viewmodel-compose:1.3.0-alpha02	dev
:feature:foryou:impl	transitive	androidx.hilt:hilt-lifecycle-viewmodel:1.3.0-alpha02	dev
:feature:foryou:impl	transitive	androidx.hilt:hilt-lifecycle-viewmodel:1.3.0-alpha02	prod
:feature:foryou:impl	transitive	androidx.interpolator:interpolator:1.0.0	dev
:feature:foryou:impl	transitive	androidx.interpolator:interpolator:1.0.0	prod
:feature:foryou:impl	transitive	androidx.legacy:legacy-support-core-utils:1.0.0	dev
:feature:foryou:impl	transitive	androidx.legacy:legacy-support-core-utils:1.0.0	prod
:feature:foryou:impl	transitive	androidx.lifecycle:lifecycle-common-java8:2.10.0	dev
:feature:foryou:impl	transitive	androidx.lifecycle:lifecycle-common-java8:2.10.0	prod
:feature:foryou:impl	transitive	androidx.lifecycle:lifecycle-common-jvm:2.10.0	dev
:feature:foryou:impl	transitive	androidx.lifecycle:lifecycle-common-jvm:2.10.0	prod
:feature:foryou:impl	transitive	androidx.lifecycle:lifecycle-common:2.10.0	dev
:feature:foryou:impl	transitive	androidx.lifecycle:lifecycle-common:2.10.0	prod
:feature:foryou:impl	transitive	androidx.lifecycle:lifecycle-livedata-core-ktx:2.10.0	dev
:feature:foryou:impl	transitive	androidx.lifecycle:lifecycle-livedata-core-ktx:2.10.0	prod
:feature:foryou:impl	transitive	androidx.lifecycle:lifecycle-livedata-core:2.10.0	dev
:feature:foryou:impl	transitive	androidx.lifecycle:lifecycle-livedata-core:2.10.0	prod
:feature:foryou:impl	transitive	androidx.lifecycle:lifecycle-livedata:2.10.0	dev
:feature:foryou:impl	transitive	androidx.lifecycle:lifecycle-livedata:2.10.0	prod
:feature:foryou:impl	transitive	androidx.lifecycle:lifecycle-process:2.10.0	dev
:feature:foryou:impl	transitive	androidx.lifecycle:lifecycle-process:2.10.0	prod
:feature:foryou:impl	transitive	androidx.lifecycle:lifecycle-runtime-android:2.10.0	dev
:feature:foryou:impl	transitive	androidx.lifecycle:lifecycle-runtime-android:2.10.0	prod
:feature:foryou:impl	transitive	androidx.lifecycle:lifecycle-runtime-compose-android:2.10.0	dev
:feature:foryou:impl	transitive	androidx.lifecycle:lifecycle-runtime-compose-android:2.10.0	prod
:feature:foryou:impl	transitive	androidx.lifecycle:lifecycle-runtime-compose:2.10.0	dev
:feature:foryou:impl	transitive	androidx.lifecycle:lifecycle-runtime-ktx-android:2.10.0	dev
:feature:foryou:impl	transitive	androidx.lifecycle:lifecycle-runtime-ktx-android:2.10.0	prod
:feature:foryou:impl	transitive	androidx.lifecycle:lifecycle-runtime-ktx:2.10.0	dev
:feature:foryou:impl	transitive	androidx.lifecycle:lifecycle-runtime-ktx:2.10.0	prod
:feature:foryou:impl	transitive	androidx.lifecycle:lifecycle-runtime-testing-android:2.10.0	dev
:feature:foryou:impl	transitive	androidx.lifecycle:lifecycle-runtime:2.10.0	dev
:feature:foryou:impl	transitive	androidx.lifecycle:lifecycle-runtime:2.10.0	prod
:feature:foryou:impl	transitive	androidx.lifecycle:lifecycle-viewmodel-android:2.10.0	dev
:feature:foryou:impl	transitive	androidx.lifecycle:lifecycle-viewmodel-android:2.10.0	prod
:feature:foryou:impl	transitive	androidx.lifecycle:lifecycle-viewmodel-compose-android:2.10.0	dev
:feature:foryou:impl	transitive	androidx.lifecycle:lifecycle-viewmodel-compose-android:2.10.0	prod
:feature:foryou:impl	transitive	androidx.lifecycle:lifecycle-viewmodel-compose:2.10.0	dev
:feature:foryou:impl	transitive	androidx.lifecycle:lifecycle-viewmodel-ktx:2.10.0	dev
:feature:foryou:impl	transitive	androidx.lifecycle:lifecycle-viewmodel-ktx:2.10.0	prod
:feature:foryou:impl	transitive	androidx.lifecycle:lifecycle-viewmodel-navigation3-android:2.10.0	dev
:feature:foryou:impl	transitive	androidx.lifecycle:lifecycle-viewmodel-navigation3-android:2.10.0	prod
:feature:foryou:impl	transitive	androidx.lifecycle:lifecycle-viewmodel-navigation3:2.10.0	dev
:feature:foryou:impl	transitive	androidx.lifecycle:lifecycle-viewmodel-navigation3:2.10.0	prod
:feature:foryou:impl	transitive	androidx.lifecycle:lifecycle-viewmodel-savedstate-android:2.10.0	dev
:feature:foryou:impl	transitive	androidx.lifecycle:lifecycle-viewmodel-savedstate-android:2.10.0	prod
:feature:foryou:impl	transitive	androidx.lifecycle:lifecycle-viewmodel-savedstate:2.10.0	dev
:feature:foryou:impl	transitive	androidx.lifecycle:lifecycle-viewmodel-savedstate:2.10.0	prod
:feature:foryou:impl	transitive	androidx.lifecycle:lifecycle-viewmodel:2.10.0	dev
:feature:foryou:impl	transitive	androidx.lifecycle:lifecycle-viewmodel:2.10.0	prod
:feature:foryou:impl	transitive	androidx.loader:loader:1.0.0	dev
:feature:foryou:impl	transitive	androidx.loader:loader:1.0.0	prod
:feature:foryou:impl	transitive	androidx.localbroadcastmanager:localbroadcastmanager:1.0.0	dev
:feature:foryou:impl	transitive	androidx.localbroadcastmanager:localbroadcastmanager:1.0.0	prod
:feature:foryou:impl	transitive	androidx.metrics:metrics-performance:1.0.0-beta01	dev
:feature:foryou:impl	transitive	androidx.metrics:metrics-performance:1.0.0-beta01	prod
:feature:foryou:impl	transitive	androidx.multidex:multidex:2.0.1	dev
:feature:foryou:impl	transitive	androidx.navigation3:navigation3-runtime-android:1.0.0	dev
:feature:foryou:impl	transitive	androidx.navigation3:navigation3-runtime-android:1.0.0	prod
:feature:foryou:impl	transitive	androidx.navigation3:navigation3-runtime:1.0.0	dev
:feature:foryou:impl	transitive	androidx.navigationevent:navigationevent-android:1.0.0	dev
:feature:foryou:impl	transitive	androidx.navigationevent:navigationevent-android:1.0.0	prod
:feature:foryou:impl	transitive	androidx.navigationevent:navigationevent-compose-android:1.0.0	dev
:feature:foryou:impl	transitive	androidx.navigationevent:navigationevent-compose-android:1.0.0	prod
:feature:foryou:impl	transitive	androidx.navigationevent:navigationevent-compose:1.0.0	dev
:feature:foryou:impl	transitive	androidx.navigationevent:navigationevent-compose:1.0.0	prod
:feature:foryou:impl	transitive	androidx.navigationevent:navigationevent:1.0.0	dev
:feature:foryou:impl	transitive	androidx.navigationevent:navigationevent:1.0.0	prod
:feature:foryou:impl	transitive	androidx.print:print:1.0.0	dev
:feature:foryou:impl	transitive	androidx.print:print:1.0.0	prod
:feature:foryou:impl	transitive	androidx.privacysandbox.ads:ads-adservices-java:1.0.0-beta05	dev
:feature:foryou:impl	transitive	androidx.privacysandbox.ads:ads-adservices-java:1.0.0-beta05	prod
:feature:foryou:impl	transitive	androidx.privacysandbox.ads:ads-adservices:1.0.0-beta05	dev
:feature:foryou:impl	transitive	androidx.privacysandbox.ads:ads-adservices:1.0.0-beta05	prod
:feature:foryou:impl	transitive	androidx.profileinstaller:profileinstaller:1.4.0	dev
:feature:foryou:impl	transitive	androidx.profileinstaller:profileinstaller:1.4.0	prod
:feature:foryou:impl	transitive	androidx.recyclerview:recyclerview:1.1.0	dev
:feature:foryou:impl	transitive	androidx.resourceinspection:resourceinspection-annotation:1.0.1	dev
:feature:foryou:impl	transitive	androidx.room:room-common-jvm:2.8.3	dev
:feature:foryou:impl	transitive	androidx.room:room-common-jvm:2.8.3	prod
:feature:foryou:impl	transitive	androidx.room:room-common:2.8.3	dev
:feature:foryou:impl	transitive	androidx.room:room-common:2.8.3	prod
:feature:foryou:impl	transitive	androidx.room:room-ktx:2.8.3	dev
:feature:foryou:impl	transitive	androidx.room:room-ktx:2.8.3	prod
:feature:foryou:impl	transitive	androidx.room:room-runtime-android:2.8.3	dev
:feature:foryou:impl	transitive	androidx.room:room-runtime-android:2.8.3	prod
:feature:foryou:impl	transitive	androidx.room:room-runtime:2.8.3	dev
:feature:foryou:impl	transitive	androidx.room:room-runtime:2.8.3	prod
:feature:foryou:impl	transitive	androidx.savedstate:savedstate-android:1.4.0	dev
:feature:foryou:impl	transitive	androidx.savedstate:savedstate-android:1.4.0	prod
:feature:foryou:impl	transitive	androidx.savedstate:savedstate-compose-android:1.4.0	dev
:feature:foryou:impl	transitive	androidx.savedstate:savedstate-compose-android:1.4.0	prod
:feature:foryou:impl	transitive	androidx.savedstate:savedstate-compose:1.4.0	dev
:feature:foryou:impl	transitive	androidx.savedstate:savedstate-compose:1.4.0	prod
:feature:foryou:impl	transitive	androidx.savedstate:savedstate-ktx:1.4.0	dev
:feature:foryou:impl	transitive	androidx.savedstate:savedstate-ktx:1.4.0	prod
:feature:foryou:impl	transitive	androidx.savedstate:savedstate:1.4.0	dev
:feature:foryou:impl	transitive	androidx.savedstate:savedstate:1.4.0	prod
:feature:foryou:impl	transitive	androidx.sqlite:sqlite-android:2.6.1	dev
:feature:foryou:impl	transitive	androidx.sqlite:sqlite-android:2.6.1	prod
:feature:foryou:impl	transitive	androidx.sqlite:sqlite-framework-android:2.6.1	dev
:feature:foryou:impl	transitive	androidx.sqlite:sqlite-framework-android:2.6.1	prod
:feature:foryou:impl	transitive	androidx.sqlite:sqlite-framework:2.6.1	dev
:feature:foryou:impl	transitive	androidx.sqlite:sqlite-framework:2.6.1	prod
:feature:foryou:impl	transitive	androidx.sqlite:sqlite:2.6.1	dev
:feature:foryou:impl	transitive	androidx.sqlite:sqlite:2.6.1	prod
:feature:foryou:impl	transitive	androidx.startup:startup-runtime:1.1.1	dev
:feature:foryou:impl	transitive	androidx.startup:startup-runtime:1.1.1	prod
:feature:foryou:impl	transitive	androidx.test.espresso:espresso-core:3.5.0	dev
:feature:foryou:impl	transitive	androidx.test.espresso:espresso-core:3.5.1	dev
:feature:foryou:impl	transitive	androidx.test.espresso:espresso-idling-resource:3.5.0	dev
:feature:foryou:impl	transitive	androidx.test.espresso:espresso-idling-resource:3.5.1	dev
:feature:foryou:impl	transitive	androidx.test.espresso:espresso-idling-resource:3.7.0	dev
:feature:foryou:impl	transitive	androidx.test.ext:junit-ktx:1.2.1	dev
:feature:foryou:impl	transitive	androidx.test.ext:junit:1.1.5	dev
:feature:foryou:impl	transitive	androidx.test.ext:junit:1.2.1	dev
:feature:foryou:impl	transitive	androidx.test.services:storage:1.4.2	dev
:feature:foryou:impl	transitive	androidx.test.services:storage:1.6.0-rc01	dev
:feature:foryou:impl	transitive	androidx.test:annotation:1.0.1	dev
:feature:foryou:impl	transitive	androidx.test:core:1.4.0	dev
:feature:foryou:impl	transitive	androidx.test:core:1.5.0	dev
:feature:foryou:impl	transitive	androidx.test:core:1.6.1	dev
:feature:foryou:impl	transitive	androidx.test:monitor:1.6.1	dev
:feature:foryou:impl	transitive	androidx.test:monitor:1.8.0	dev
:feature:foryou:impl	transitive	androidx.test:monitor:1.8.0-rc01	dev
:feature:foryou:impl	transitive	androidx.test:rules:1.7.0-rc01	dev
:feature:foryou:impl	transitive	androidx.test:runner:1.5.2	dev
:feature:foryou:impl	transitive	androidx.test:runner:1.7.0-rc01	dev
:feature:foryou:impl	transitive	androidx.tracing:tracing-ktx:1.3.0-alpha02	dev
:feature:foryou:impl	transitive	androidx.tracing:tracing:1.3.0-alpha02	dev
:feature:foryou:impl	transitive	androidx.tracing:tracing:1.3.0-alpha02	prod
:feature:foryou:impl	transitive	androidx.transition:transition:1.6.0	dev
:feature:foryou:impl	transitive	androidx.transition:transition:1.6.0	prod
:feature:foryou:impl	transitive	androidx.vectordrawable:vectordrawable-animated:1.1.0	dev
:feature:foryou:impl	transitive	androidx.vectordrawable:vectordrawable-animated:1.1.0	prod
:feature:foryou:impl	transitive	androidx.vectordrawable:vectordrawable:1.1.0	dev
:feature:foryou:impl	transitive	androidx.vectordrawable:vectordrawable:1.1.0	prod
:feature:foryou:impl	transitive	androidx.versionedparcelable:versionedparcelable:1.1.1	dev
:feature:foryou:impl	transitive	androidx.versionedparcelable:versionedparcelable:1.1.1	prod
:feature:foryou:impl	transitive	androidx.viewpager2:viewpager2:1.0.0	dev
:feature:foryou:impl	transitive	androidx.viewpager:viewpager:1.0.0	dev
:feature:foryou:impl	transitive	androidx.viewpager:viewpager:1.0.0	prod
:feature:foryou:impl	transitive	androidx.window:window-core-android:1.4.0	dev
:feature:foryou:impl	transitive	androidx.window:window-core-android:1.4.0	prod
:feature:foryou:impl	transitive	androidx.window:window-core:1.4.0	dev
:feature:foryou:impl	transitive	androidx.window:window-core:1.4.0	prod
:feature:foryou:impl	transitive	androidx.window:window:1.4.0	dev
:feature:foryou:impl	transitive	androidx.window:window:1.4.0	prod
:feature:foryou:impl	transitive	com.almworks.sqlite4java:sqlite4java:1.0.392	dev
:feature:foryou:impl	transitive	com.caverock:androidsvg-aar:1.4	dev
:feature:foryou:impl	transitive	com.caverock:androidsvg-aar:1.4	prod
:feature:foryou:impl	transitive	com.dropbox.differ:differ-jvm:0.3.0	dev
:feature:foryou:impl	transitive	com.dropbox.differ:differ:0.3.0	dev
:feature:foryou:impl	transitive	com.google.accompanist:accompanist-drawablepainter:0.32.0	dev
:feature:foryou:impl	transitive	com.google.accompanist:accompanist-drawablepainter:0.32.0	prod
:feature:foryou:impl	transitive	com.google.accompanist:accompanist-permissions:0.37.0	dev
:feature:foryou:impl	transitive	com.google.android.apps.common.testing.accessibility.framework:accessibility-test-framework:4.1.1	dev
:feature:foryou:impl	transitive	com.google.android.gms:play-services-ads-identifier:18.0.0	dev
:feature:foryou:impl	transitive	com.google.android.gms:play-services-ads-identifier:18.0.0	prod
:feature:foryou:impl	transitive	com.google.android.gms:play-services-base:18.5.0	dev
:feature:foryou:impl	transitive	com.google.android.gms:play-services-base:18.5.0	prod
:feature:foryou:impl	transitive	com.google.android.gms:play-services-basement:18.4.0	dev
:feature:foryou:impl	transitive	com.google.android.gms:play-services-basement:18.4.0	prod
:feature:foryou:impl	transitive	com.google.android.gms:play-services-measurement-api:22.1.2	dev
:feature:foryou:impl	transitive	com.google.android.gms:play-services-measurement-api:22.1.2	prod
:feature:foryou:impl	transitive	com.google.android.gms:play-services-measurement-base:22.1.2	dev
:feature:foryou:impl	transitive	com.google.android.gms:play-services-measurement-base:22.1.2	prod
:feature:foryou:impl	transitive	com.google.android.gms:play-services-measurement-impl:22.1.2	dev
:feature:foryou:impl	transitive	com.google.android.gms:play-services-measurement-impl:22.1.2	prod
:feature:foryou:impl	transitive	com.google.android.gms:play-services-measurement-sdk-api:22.1.2	dev
:feature:foryou:impl	transitive	com.google.android.gms:play-services-measurement-sdk-api:22.1.2	prod
:feature:foryou:impl	transitive	com.google.android.gms:play-services-measurement-sdk:22.1.2	dev
:feature:foryou:impl	transitive	com.google.android.gms:play-services-measurement-sdk:22.1.2	prod
:feature:foryou:impl	transitive	com.google.android.gms:play-services-measurement:22.1.2	dev
:feature:foryou:impl	transitive	com.google.android.gms:play-services-measurement:22.1.2	prod
:feature:foryou:impl	transitive	com.google.android.gms:play-services-stats:17.0.2	dev
:feature:foryou:impl	transitive	com.google.android.gms:play-services-stats:17.0.2	prod
:feature:foryou:impl	transitive	com.google.android.gms:play-services-tasks:18.2.0	dev
:feature:foryou:impl	transitive	com.google.android.gms:play-services-tasks:18.2.0	prod
:feature:foryou:impl	transitive	com.google.android.material:material:1.2.0-rc01	dev
:feature:foryou:impl	transitive	com.google.auto.value:auto-value-annotations:1.11.0	dev
:feature:foryou:impl	transitive	com.google.code.findbugs:jsr305:3.0.2	dev
:feature:foryou:impl	transitive	com.google.code.findbugs:jsr305:3.0.2	prod
:feature:foryou:impl	transitive	com.google.dagger:dagger-lint-aar:2.59	dev
:feature:foryou:impl	transitive	com.google.dagger:dagger-lint-aar:2.59	prod
:feature:foryou:impl	transitive	com.google.dagger:dagger:2.59	dev
:feature:foryou:impl	transitive	com.google.dagger:dagger:2.59	prod
:feature:foryou:impl	transitive	com.google.dagger:hilt-android-testing:2.59	dev
:feature:foryou:impl	transitive	com.google.dagger:hilt-android:2.59	dev
:feature:foryou:impl	transitive	com.google.dagger:hilt-core:2.59	dev
:feature:foryou:impl	transitive	com.google.dagger:hilt-core:2.59	prod
:feature:foryou:impl	transitive	com.google.errorprone:error_prone_annotation:2.41.0	dev
:feature:foryou:impl	transitive	com.google.errorprone:error_prone_annotations:2.26.0	dev
:feature:foryou:impl	transitive	com.google.errorprone:error_prone_annotations:2.26.0	prod
:feature:foryou:impl	transitive	com.google.errorprone:error_prone_annotations:2.36.0	dev
:feature:foryou:impl	transitive	com.google.firebase:firebase-analytics:22.1.2	dev
:feature:foryou:impl	transitive	com.google.firebase:firebase-analytics:22.1.2	prod
:feature:foryou:impl	transitive	com.google.firebase:firebase-annotations:16.2.0	dev
:feature:foryou:impl	transitive	com.google.firebase:firebase-annotations:16.2.0	prod
:feature:foryou:impl	transitive	com.google.firebase:firebase-bom:33.7.0	dev
:feature:foryou:impl	transitive	com.google.firebase:firebase-bom:33.7.0	prod
:feature:foryou:impl	transitive	com.google.firebase:firebase-common-ktx:21.0.0	dev
:feature:foryou:impl	transitive	com.google.firebase:firebase-common-ktx:21.0.0	prod
:feature:foryou:impl	transitive	com.google.firebase:firebase-common:21.0.0	dev
:feature:foryou:impl	transitive	com.google.firebase:firebase-common:21.0.0	prod
:feature:foryou:impl	transitive	com.google.firebase:firebase-components:18.0.0	dev
:feature:foryou:impl	transitive	com.google.firebase:firebase-components:18.0.0	prod
:feature:foryou:impl	transitive	com.google.firebase:firebase-installations-interop:17.1.1	dev
:feature:foryou:impl	transitive	com.google.firebase:firebase-installations-interop:17.1.1	prod
:feature:foryou:impl	transitive	com.google.firebase:firebase-installations:18.0.0	dev
:feature:foryou:impl	transitive	com.google.firebase:firebase-installations:18.0.0	prod
:feature:foryou:impl	transitive	com.google.firebase:firebase-measurement-connector:19.0.0	dev
:feature:foryou:impl	transitive	com.google.firebase:firebase-measurement-connector:19.0.0	prod
:feature:foryou:impl	transitive	com.google.guava:failureaccess:1.0.1	dev
:feature:foryou:impl	transitive	com.google.guava:failureaccess:1.0.1	prod
:feature:foryou:impl	transitive	com.google.guava:failureaccess:1.0.3	dev
:feature:foryou:impl	transitive	com.google.guava:guava:31.1-android	dev
:feature:foryou:impl	transitive	com.google.guava:guava:31.1-android	prod
:feature:foryou:impl	transitive	com.google.guava:guava:33.4.8-jre	dev
:feature:foryou:impl	transitive	com.google.guava:listenablefuture:1.0	dev
:feature:foryou:impl	transitive	com.google.guava:listenablefuture:1.0	prod
:feature:foryou:impl	transitive	com.google.guava:listenablefuture:9999.0-empty-to-avoid-conflict-with-guava	dev
:feature:foryou:impl	transitive	com.google.guava:listenablefuture:9999.0-empty-to-avoid-conflict-with-guava	prod
:feature:foryou:impl	transitive	com.google.j2objc:j2objc-annotations:1.3	dev
:feature:foryou:impl	transitive	com.google.j2objc:j2objc-annotations:1.3	prod
:feature:foryou:impl	transitive	com.google.j2objc:j2objc-annotations:3.0.0	dev
:feature:foryou:impl	transitive	com.google.protobuf:protobuf-javalite:4.29.2	dev
:feature:foryou:impl	transitive	com.google.protobuf:protobuf-javalite:4.29.2	prod
:feature:foryou:impl	transitive	com.google.protobuf:protobuf-kotlin-lite:4.29.2	dev
:feature:foryou:impl	transitive	com.google.protobuf:protobuf-kotlin-lite:4.29.2	prod
:feature:foryou:impl	transitive	com.google.testparameterinjector:test-parameter-injector:1.18	dev
:feature:foryou:impl	transitive	com.ibm.icu:icu4j:77.1	dev
:feature:foryou:impl	transitive	com.squareup.okhttp3:logging-interceptor:4.12.0	dev
:feature:foryou:impl	transitive	com.squareup.okhttp3:logging-interceptor:4.12.0	prod
:feature:foryou:impl	transitive	com.squareup.okhttp3:okhttp:4.12.0	dev
:feature:foryou:impl	transitive	com.squareup.okhttp3:okhttp:4.12.0	prod
:feature:foryou:impl	transitive	com.squareup.okio:okio-jvm:3.9.1	dev
:feature:foryou:impl	transitive	com.squareup.okio:okio-jvm:3.9.1	prod
:feature:foryou:impl	transitive	com.squareup.okio:okio:3.9.1	dev
:feature:foryou:impl	transitive	com.squareup.okio:okio:3.9.1	prod
:feature:foryou:impl	transitive	com.squareup.retrofit2:converter-kotlinx-serialization:2.11.0	dev
:feature:foryou:impl	transitive	com.squareup.retrofit2:converter-kotlinx-serialization:2.11.0	prod
:feature:foryou:impl	transitive	com.squareup.retrofit2:retrofit:2.11.0	dev
:feature:foryou:impl	transitive	com.squareup.retrofit2:retrofit:2.11.0	prod
:feature:foryou:impl	transitive	com.squareup:javawriter:2.1.1	dev
:feature:foryou:impl	transitive	io.coil-kt:coil-base:2.7.0	dev
:feature:foryou:impl	transitive	io.coil-kt:coil-base:2.7.0	prod
:feature:foryou:impl	transitive	io.coil-kt:coil-compose-base:2.7.0	dev
:feature:foryou:impl	transitive	io.coil-kt:coil-compose-base:2.7.0	prod
:feature:foryou:impl	transitive	io.coil-kt:coil-compose:2.7.0	dev
:feature:foryou:impl	transitive	io.coil-kt:coil-compose:2.7.0	prod
:feature:foryou:impl	transitive	io.coil-kt:coil-svg:2.7.0	dev
:feature:foryou:impl	transitive	io.coil-kt:coil-svg:2.7.0	prod
:feature:foryou:impl	transitive	io.coil-kt:coil:2.7.0	dev
:feature:foryou:impl	transitive	io.coil-kt:coil:2.7.0	prod
:feature:foryou:impl	transitive	io.github.takahirom.roborazzi:roborazzi-accessibility-check:1.56.0	dev
:feature:foryou:impl	transitive	io.github.takahirom.roborazzi:roborazzi-core-android:1.56.0	dev
:feature:foryou:impl	transitive	io.github.takahirom.roborazzi:roborazzi-core:1.56.0	dev
:feature:foryou:impl	transitive	io.github.takahirom.roborazzi:roborazzi-junit-rule:1.56.0	dev
:feature:foryou:impl	transitive	io.github.takahirom.roborazzi:roborazzi-painter-jvm:1.56.0	dev
:feature:foryou:impl	transitive	io.github.takahirom.roborazzi:roborazzi-painter:1.56.0	dev
:feature:foryou:impl	transitive	io.github.takahirom.roborazzi:roborazzi:1.56.0	dev
:feature:foryou:impl	transitive	jakarta.inject:jakarta.inject-api:2.0.1	dev
:feature:foryou:impl	transitive	jakarta.inject:jakarta.inject-api:2.0.1	prod
:feature:foryou:impl	transitive	javax.annotation:javax.annotation-api:1.3.2	dev
:feature:foryou:impl	transitive	javax.inject:javax.inject:1	dev
:feature:foryou:impl	transitive	javax.inject:javax.inject:1	prod
:feature:foryou:impl	transitive	junit:junit:4.13.2	dev
:feature:foryou:impl	transitive	org.bouncycastle:bcprov-jdk18on:1.81	dev
:feature:foryou:impl	transitive	org.checkerframework:checker-qual:3.12.0	dev
:feature:foryou:impl	transitive	org.checkerframework:checker-qual:3.12.0	prod
:feature:foryou:impl	transitive	org.checkerframework:checker-qual:3.22.1	dev
:feature:foryou:impl	transitive	org.conscrypt:conscrypt-openjdk-uber:2.5.2	dev
:feature:foryou:impl	transitive	org.hamcrest:hamcrest-core:1.3	dev
:feature:foryou:impl	transitive	org.hamcrest:hamcrest-integration:1.3	dev
:feature:foryou:impl	transitive	org.hamcrest:hamcrest-library:1.3	dev
:feature:foryou:impl	transitive	org.jetbrains.kotlin:kotlin-stdlib-common:2.3.0	dev
:feature:foryou:impl	transitive	org.jetbrains.kotlin:kotlin-stdlib-common:2.3.0	prod
:feature:foryou:impl	transitive	org.jetbrains.kotlin:kotlin-stdlib-jdk7:1.9.0	dev
:feature:foryou:impl	transitive	org.jetbrains.kotlin:kotlin-stdlib-jdk7:1.9.0	prod
:feature:foryou:impl	transitive	org.jetbrains.kotlin:kotlin-stdlib-jdk8:1.9.0	dev
:feature:foryou:impl	transitive	org.jetbrains.kotlin:kotlin-stdlib-jdk8:1.9.0	prod
:feature:foryou:impl	transitive	org.jetbrains.kotlin:kotlin-stdlib:2.3.0	dev
:feature:foryou:impl	transitive	org.jetbrains.kotlinx:kotlinx-coroutines-android:1.10.1	dev
:feature:foryou:impl	transitive	org.jetbrains.kotlinx:kotlinx-coroutines-android:1.10.1	prod
:feature:foryou:impl	transitive	org.jetbrains.kotlinx:kotlinx-coroutines-android:1.9.0	prod
:feature:foryou:impl	transitive	org.jetbrains.kotlinx:kotlinx-coroutines-bom:1.10.1	dev
:feature:foryou:impl	transitive	org.jetbrains.kotlinx:kotlinx-coroutines-bom:1.10.1	prod
:feature:foryou:impl	transitive	org.jetbrains.kotlinx:kotlinx-coroutines-bom:1.9.0	prod
:feature:foryou:impl	transitive	org.jetbrains.kotlinx:kotlinx-coroutines-core-jvm:1.10.1	dev
:feature:foryou:impl	transitive	org.jetbrains.kotlinx:kotlinx-coroutines-core-jvm:1.10.1	prod
:feature:foryou:impl	transitive	org.jetbrains.kotlinx:kotlinx-coroutines-core-jvm:1.9.0	prod
:feature:foryou:impl	transitive	org.jetbrains.kotlinx:kotlinx-coroutines-core:1.10.1	dev
:feature:foryou:impl	transitive	org.jetbrains.kotlinx:kotlinx-coroutines-core:1.10.1	prod
:feature:foryou:impl	transitive	org.jetbrains.kotlinx:kotlinx-coroutines-core:1.9.0	prod
:feature:foryou:impl	transitive	org.jetbrains.kotlinx:kotlinx-coroutines-play-services:1.10.1	dev
:feature:foryou:impl	transitive	org.jetbrains.kotlinx:kotlinx-coroutines-play-services:1.10.1	prod
:feature:foryou:impl	transitive	org.jetbrains.kotlinx:kotlinx-coroutines-test-jvm:1.10.1	dev
:feature:foryou:impl	transitive	org.jetbrains.kotlinx:kotlinx-coroutines-test:1.10.1	dev
:feature:foryou:impl	transitive	org.jetbrains.kotlinx:kotlinx-datetime-jvm:0.6.1	dev
:feature:foryou:impl	transitive	org.jetbrains.kotlinx:kotlinx-datetime-jvm:0.6.1	prod
:feature:foryou:impl	transitive	org.jetbrains.kotlinx:kotlinx-datetime:0.6.1	dev
:feature:foryou:impl	transitive	org.jetbrains.kotlinx:kotlinx-datetime:0.6.1	prod
:feature:foryou:impl	transitive	org.jetbrains.kotlinx:kotlinx-io-bytestring-jvm:0.3.3	dev
:feature:foryou:impl	transitive	org.jetbrains.kotlinx:kotlinx-io-bytestring:0.3.3	dev
:feature:foryou:impl	transitive	org.jetbrains.kotlinx:kotlinx-io-core-jvm:0.3.3	dev
:feature:foryou:impl	transitive	org.jetbrains.kotlinx:kotlinx-io-core:0.3.3	dev
:feature:foryou:impl	transitive	org.jetbrains.kotlinx:kotlinx-serialization-bom:1.7.3	dev
:feature:foryou:impl	transitive	org.jetbrains.kotlinx:kotlinx-serialization-bom:1.7.3	prod
:feature:foryou:impl	transitive	org.jetbrains.kotlinx:kotlinx-serialization-bom:1.8.0	dev
:feature:foryou:impl	transitive	org.jetbrains.kotlinx:kotlinx-serialization-bom:1.8.0	prod
:feature:foryou:impl	transitive	org.jetbrains.kotlinx:kotlinx-serialization-core-jvm:1.7.3	dev
:feature:foryou:impl	transitive	org.jetbrains.kotlinx:kotlinx-serialization-core-jvm:1.7.3	prod
:feature:foryou:impl	transitive	org.jetbrains.kotlinx:kotlinx-serialization-core-jvm:1.8.0	dev
:feature:foryou:impl	transitive	org.jetbrains.kotlinx:kotlinx-serialization-core-jvm:1.8.0	prod
:feature:foryou:impl	transitive	org.jetbrains.kotlinx:kotlinx-serialization-core:1.7.3	dev
:feature:foryou:impl	transitive	org.jetbrains.kotlinx:kotlinx-serialization-core:1.7.3	prod
:feature:foryou:impl	transitive	org.jetbrains.kotlinx:kotlinx-serialization-core:1.8.0	dev
:feature:foryou:impl	transitive	org.jetbrains.kotlinx:kotlinx-serialization-core:1.8.0	prod
:feature:foryou:impl	transitive	org.jetbrains.kotlinx:kotlinx-serialization-json-jvm:1.8.0	dev
:feature:foryou:impl	transitive	org.jetbrains.kotlinx:kotlinx-serialization-json-jvm:1.8.0	prod
:feature:foryou:impl	transitive	org.jetbrains.kotlinx:kotlinx-serialization-json:1.8.0	dev
:feature:foryou:impl	transitive	org.jetbrains.kotlinx:kotlinx-serialization-json:1.8.0	prod
:feature:foryou:impl	transitive	org.jetbrains:annotations:23.0.0	dev
:feature:foryou:impl	transitive	org.jetbrains:annotations:23.0.0	prod
:feature:foryou:impl	transitive	org.jsoup:jsoup:1.15.1	dev
:feature:foryou:impl	transitive	org.jspecify:jspecify:1.0.0	dev
:feature:foryou:impl	transitive	org.jspecify:jspecify:1.0.0	prod
:feature:foryou:impl	transitive	org.ow2.asm:asm-commons:9.8	dev
:feature:foryou:impl	transitive	org.ow2.asm:asm-tree:9.8	dev
:feature:foryou:impl	transitive	org.ow2.asm:asm:9.8	dev
:feature:foryou:impl	transitive	org.robolectric:annotations:4.16	dev
:feature:foryou:impl	transitive	org.robolectric:junit:4.16	dev
:feature:foryou:impl	transitive	org.robolectric:nativeruntime-dist-compat:1.0.18	dev
:feature:foryou:impl	transitive	org.robolectric:nativeruntime:4.16	dev
:feature:foryou:impl	transitive	org.robolectric:pluginapi:4.16	dev
:feature:foryou:impl	transitive	org.robolectric:plugins-maven-dependency-resolver:4.16	dev
:feature:foryou:impl	transitive	org.robolectric:resources:4.16	dev
:feature:foryou:impl	transitive	org.robolectric:sandbox:4.16	dev
:feature:foryou:impl	transitive	org.robolectric:shadowapi:4.16	dev
:feature:foryou:impl	transitive	org.robolectric:shadows-framework:4.16	dev
:feature:foryou:impl	transitive	org.robolectric:utils-reflector:4.16	dev
:feature:foryou:impl	transitive	org.robolectric:utils:4.16	dev
:feature:foryou:impl	transitive	org.yaml:snakeyaml:2.4	dev
:feature:search:api	direct	androidx.tracing:tracing-ktx:1.3.0-alpha02	dev
:feature:search:api	direct	androidx.tracing:tracing-ktx:1.3.0-alpha02	prod
:feature:search:api	direct	junit:junit:4.13.2	dev
:feature:search:api	direct	org.jetbrains.kotlin:kotlin-stdlib:2.3.0	dev
:feature:search:api	direct	org.jetbrains.kotlin:kotlin-stdlib:2.3.0	prod
:feature:search:api	direct	org.jetbrains.kotlin:kotlin-test:2.3.0	dev
:feature:search:api	transitive	androidx.activity:activity-compose:1.12.0	dev
:feature:search:api	transitive	androidx.activity:activity-compose:1.12.0	prod
:feature:search:api	transitive	androidx.activity:activity-ktx:1.12.0	dev
:feature:search:api	transitive	androidx.activity:activity-ktx:1.12.0	prod
:feature:search:api	transitive	androidx.activity:activity:1.12.0	dev
:feature:search:api	transitive	androidx.activity:activity:1.12.0	prod
:feature:search:api	transitive	androidx.annotation:annotation-experimental:1.4.1	dev
:feature:search:api	transitive	androidx.annotation:annotation-experimental:1.4.1	prod
:feature:search:api	transitive	androidx.annotation:annotation-experimental:1.5.0	dev
:feature:search:api	transitive	androidx.annotation:annotation-experimental:1.5.0	prod
:feature:search:api	transitive	androidx.annotation:annotation-jvm:1.9.1	dev
:feature:search:api	transitive	androidx.annotation:annotation-jvm:1.9.1	prod
:feature:search:api	transitive	androidx.annotation:annotation:1.9.1	dev
:feature:search:api	transitive	androidx.annotation:annotation:1.9.1	prod
:feature:search:api	transitive	androidx.appcompat:appcompat-resources:1.6.1	dev
:feature:search:api	transitive	androidx.appcompat:appcompat-resources:1.6.1	prod
:feature:search:api	transitive	androidx.arch.core:core-common:2.2.0	dev
:feature:search:api	transitive	androidx.arch.core:core-common:2.2.0	prod
:feature:search:api	transitive	androidx.arch.core:core-runtime:2.2.0	dev
:feature:search:api	transitive	androidx.arch.core:core-runtime:2.2.0	prod
:feature:search:api	transitive	androidx.autofill:autofill:1.0.0	dev
:feature:search:api	transitive	androidx.autofill:autofill:1.0.0	prod
:feature:search:api	transitive	androidx.collection:collection-jvm:1.5.0	dev
:feature:search:api	transitive	androidx.collection:collection-jvm:1.5.0	prod
:feature:search:api	transitive	androidx.collection:collection-ktx:1.5.0	dev
:feature:search:api	transitive	androidx.collection:collection-ktx:1.5.0	prod
:feature:search:api	transitive	androidx.collection:collection:1.5.0	dev
:feature:search:api	transitive	androidx.collection:collection:1.5.0	prod
:feature:search:api	transitive	androidx.compose.animation:animation-android:1.10.0-alpha04	dev
:feature:search:api	transitive	androidx.compose.animation:animation-android:1.10.0-alpha04	prod
:feature:search:api	transitive	androidx.compose.animation:animation-core-android:1.10.0-alpha04	dev
:feature:search:api	transitive	androidx.compose.animation:animation-core-android:1.10.0-alpha04	prod
:feature:search:api	transitive	androidx.compose.animation:animation-core:1.10.0-alpha04	dev
:feature:search:api	transitive	androidx.compose.animation:animation-core:1.10.0-alpha04	prod
:feature:search:api	transitive	androidx.compose.animation:animation:1.10.0-alpha04	dev
:feature:search:api	transitive	androidx.compose.animation:animation:1.10.0-alpha04	prod
:feature:search:api	transitive	androidx.compose.foundation:foundation-android:1.10.0-alpha04	dev
:feature:search:api	transitive	androidx.compose.foundation:foundation-android:1.10.0-alpha04	prod
:feature:search:api	transitive	androidx.compose.foundation:foundation-layout-android:1.10.0-alpha04	dev
:feature:search:api	transitive	androidx.compose.foundation:foundation-layout-android:1.10.0-alpha04	prod
:feature:search:api	transitive	androidx.compose.foundation:foundation-layout:1.10.0-alpha04	dev
:feature:search:api	transitive	androidx.compose.foundation:foundation-layout:1.10.0-alpha04	prod
:feature:search:api	transitive	androidx.compose.foundation:foundation:1.10.0-alpha04	dev
:feature:search:api	transitive	androidx.compose.foundation:foundation:1.10.0-alpha04	prod
:feature:search:api	transitive	androidx.compose.material:material-android:1.10.0-alpha04	dev
:feature:search:api	transitive	androidx.compose.material:material-android:1.10.0-alpha04	prod
:feature:search:api	transitive	androidx.compose.material:material-ripple-android:1.10.0-alpha04	dev
:feature:search:api	transitive	androidx.compose.material:material-ripple-android:1.10.0-alpha04	prod
:feature:search:api	transitive	androidx.compose.material:material-ripple:1.10.0-alpha04	dev
:feature:search:api	transitive	androidx.compose.material:material-ripple:1.10.0-alpha04	prod
:feature:search:api	transitive	androidx.compose.material:material:1.10.0-alpha04	dev
:feature:search:api	transitive	androidx.compose.material:material:1.10.0-alpha04	prod
:feature:search:api	transitive	androidx.compose.runtime:runtime-android:1.10.0-alpha04	dev
:feature:search:api	transitive	androidx.compose.runtime:runtime-android:1.10.0-alpha04	prod
:feature:search:api	transitive	androidx.compose.runtime:runtime-android:1.9.5	dev
:feature:search:api	transitive	androidx.compose.runtime:runtime-android:1.9.5	prod
:feature:search:api	transitive	androidx.compose.runtime:runtime-annotation-android:1.10.0-alpha04	dev
:feature:search:api	transitive	androidx.compose.runtime:runtime-annotation-android:1.10.0-alpha04	prod
:feature:search:api	transitive	androidx.compose.runtime:runtime-annotation-android:1.9.5	dev
:feature:search:api	transitive	androidx.compose.runtime:runtime-annotation-android:1.9.5	prod
:feature:search:api	transitive	androidx.compose.runtime:runtime-annotation:1.10.0-alpha04	dev
:feature:search:api	transitive	androidx.compose.runtime:runtime-annotation:1.10.0-alpha04	prod
:feature:search:api	transitive	androidx.compose.runtime:runtime-annotation:1.9.5	dev
:feature:search:api	transitive	androidx.compose.runtime:runtime-annotation:1.9.5	prod
:feature:search:api	transitive	androidx.compose.runtime:runtime-retain-android:1.10.0-alpha04	dev
:feature:search:api	transitive	androidx.compose.runtime:runtime-retain-android:1.10.0-alpha04	prod
:feature:search:api	transitive	androidx.compose.runtime:runtime-retain:1.10.0-alpha04	dev
:feature:search:api	transitive	androidx.compose.runtime:runtime-retain:1.10.0-alpha04	prod
:feature:search:api	transitive	androidx.compose.runtime:runtime-saveable-android:1.10.0-alpha04	dev
:feature:search:api	transitive	androidx.compose.runtime:runtime-saveable-android:1.10.0-alpha04	prod
:feature:search:api	transitive	androidx.compose.runtime:runtime-saveable-android:1.9.5	dev
:feature:search:api	transitive	androidx.compose.runtime:runtime-saveable-android:1.9.5	prod
:feature:search:api	transitive	androidx.compose.runtime:runtime-saveable:1.10.0-alpha04	dev
:feature:search:api	transitive	androidx.compose.runtime:runtime-saveable:1.10.0-alpha04	prod
:feature:search:api	transitive	androidx.compose.runtime:runtime-saveable:1.9.5	dev
:feature:search:api	transitive	androidx.compose.runtime:runtime-saveable:1.9.5	prod
:feature:search:api	transitive	androidx.compose.runtime:runtime:1.10.0-alpha04	dev
:feature:search:api	transitive	androidx.compose.runtime:runtime:1.10.0-alpha04	prod
:feature:search:api	transitive	androidx.compose.runtime:runtime:1.9.5	dev
:feature:search:api	transitive	androidx.compose.runtime:runtime:1.9.5	prod
:feature:search:api	transitive	androidx.compose.ui:ui-android:1.10.0-alpha04	dev
:feature:search:api	transitive	androidx.compose.ui:ui-android:1.10.0-alpha04	prod
:feature:search:api	transitive	androidx.compose.ui:ui-geometry-android:1.10.0-alpha04	dev
:feature:search:api	transitive	androidx.compose.ui:ui-geometry-android:1.10.0-alpha04	prod
:feature:search:api	transitive	androidx.compose.ui:ui-geometry:1.10.0-alpha04	dev
:feature:search:api	transitive	androidx.compose.ui:ui-geometry:1.10.0-alpha04	prod
:feature:search:api	transitive	androidx.compose.ui:ui-graphics-android:1.10.0-alpha04	dev
:feature:search:api	transitive	androidx.compose.ui:ui-graphics-android:1.10.0-alpha04	prod
:feature:search:api	transitive	androidx.compose.ui:ui-graphics:1.10.0-alpha04	dev
:feature:search:api	transitive	androidx.compose.ui:ui-graphics:1.10.0-alpha04	prod
:feature:search:api	transitive	androidx.compose.ui:ui-text-android:1.10.0-alpha04	dev
:feature:search:api	transitive	androidx.compose.ui:ui-text-android:1.10.0-alpha04	prod
:feature:search:api	transitive	androidx.compose.ui:ui-text:1.10.0-alpha04	dev
:feature:search:api	transitive	androidx.compose.ui:ui-text:1.10.0-alpha04	prod
:feature:search:api	transitive	androidx.compose.ui:ui-tooling-android:1.10.0-alpha04	dev
:feature:search:api	transitive	androidx.compose.ui:ui-tooling-android:1.10.0-alpha04	prod
:feature:search:api	transitive	androidx.compose.ui:ui-tooling-data-android:1.10.0-alpha04	dev
:feature:search:api	transitive	androidx.compose.ui:ui-tooling-data-android:1.10.0-alpha04	prod
:feature:search:api	transitive	androidx.compose.ui:ui-tooling-data:1.10.0-alpha04	dev
:feature:search:api	transitive	androidx.compose.ui:ui-tooling-data:1.10.0-alpha04	prod
:feature:search:api	transitive	androidx.compose.ui:ui-tooling-preview-android:1.10.0-alpha04	dev
:feature:search:api	transitive	androidx.compose.ui:ui-tooling-preview-android:1.10.0-alpha04	prod
:feature:search:api	transitive	androidx.compose.ui:ui-tooling-preview:1.10.0-alpha04	dev
:feature:search:api	transitive	androidx.compose.ui:ui-tooling-preview:1.10.0-alpha04	prod
:feature:search:api	transitive	androidx.compose.ui:ui-tooling:1.10.0-alpha04	dev
:feature:search:api	transitive	androidx.compose.ui:ui-tooling:1.10.0-alpha04	prod
:feature:search:api	transitive	androidx.compose.ui:ui-unit-android:1.10.0-alpha04	dev
:feature:search:api	transitive	androidx.compose.ui:ui-unit-android:1.10.0-alpha04	prod
:feature:search:api	transitive	androidx.compose.ui:ui-unit:1.10.0-alpha04	dev
:feature:search:api	transitive	androidx.compose.ui:ui-unit:1.10.0-alpha04	prod
:feature:search:api	transitive	androidx.compose.ui:ui-util-android:1.10.0-alpha04	dev
:feature:search:api	transitive	androidx.compose.ui:ui-util-android:1.10.0-alpha04	prod
:feature:search:api	transitive	androidx.compose.ui:ui-util:1.10.0-alpha04	dev
:feature:search:api	transitive	androidx.compose.ui:ui-util:1.10.0-alpha04	prod
:feature:search:api	transitive	androidx.compose.ui:ui:1.10.0-alpha04	dev
:feature:search:api	transitive	androidx.compose.ui:ui:1.10.0-alpha04	prod
:feature:search:api	transitive	androidx.compose:compose-bom-alpha:2025.09.01	dev
:feature:search:api	transitive	androidx.compose:compose-bom-alpha:2025.09.01	prod
:feature:search:api	transitive	androidx.concurrent:concurrent-futures:1.1.0	dev
:feature:search:api	transitive	androidx.concurrent:concurrent-futures:1.1.0	prod
:feature:search:api	transitive	androidx.core:core-ktx:1.16.0	dev
:feature:search:api	transitive	androidx.core:core-ktx:1.16.0	prod
:feature:search:api	transitive	androidx.core:core-viewtree:1.0.0	dev
:feature:search:api	transitive	androidx.core:core-viewtree:1.0.0	prod
:feature:search:api	transitive	androidx.core:core:1.16.0	dev
:feature:search:api	transitive	androidx.core:core:1.16.0	prod
:feature:search:api	transitive	androidx.customview:customview-poolingcontainer:1.0.0	dev
:feature:search:api	transitive	androidx.customview:customview-poolingcontainer:1.0.0	prod
:feature:search:api	transitive	androidx.customview:customview:1.0.0	dev
:feature:search:api	transitive	androidx.customview:customview:1.0.0	prod
:feature:search:api	transitive	androidx.datastore:datastore-android:1.2.0	dev
:feature:search:api	transitive	androidx.datastore:datastore-android:1.2.0	prod
:feature:search:api	transitive	androidx.datastore:datastore-core-android:1.2.0	dev
:feature:search:api	transitive	androidx.datastore:datastore-core-android:1.2.0	prod
:feature:search:api	transitive	androidx.datastore:datastore-core-okio-jvm:1.2.0	dev
:feature:search:api	transitive	androidx.datastore:datastore-core-okio-jvm:1.2.0	prod
:feature:search:api	transitive	androidx.datastore:datastore-core-okio:1.2.0	dev
:feature:search:api	transitive	androidx.datastore:datastore-core-okio:1.2.0	prod
:feature:search:api	transitive	androidx.datastore:datastore-core:1.2.0	dev
:feature:search:api	transitive	androidx.datastore:datastore-core:1.2.0	prod
:feature:search:api	transitive	androidx.datastore:datastore:1.2.0	dev
:feature:search:api	transitive	androidx.datastore:datastore:1.2.0	prod
:feature:search:api	transitive	androidx.documentfile:documentfile:1.0.0	dev
:feature:search:api	transitive	androidx.documentfile:documentfile:1.0.0	prod
:feature:search:api	transitive	androidx.dynamicanimation:dynamicanimation:1.0.0	dev
:feature:search:api	transitive	androidx.dynamicanimation:dynamicanimation:1.0.0	prod
:feature:search:api	transitive	androidx.emoji2:emoji2:1.4.0	dev
:feature:search:api	transitive	androidx.emoji2:emoji2:1.4.0	prod
:feature:search:api	transitive	androidx.exifinterface:exifinterface:1.3.7	dev
:feature:search:api	transitive	androidx.exifinterface:exifinterface:1.3.7	prod
:feature:search:api	transitive	androidx.fragment:fragment:1.5.1	dev
:feature:search:api	transitive	androidx.fragment:fragment:1.5.1	prod
:feature:search:api	transitive	androidx.graphics:graphics-path:1.0.1	dev
:feature:search:api	transitive	androidx.graphics:graphics-path:1.0.1	prod
:feature:search:api	transitive	androidx.interpolator:interpolator:1.0.0	dev
:feature:search:api	transitive	androidx.interpolator:interpolator:1.0.0	prod
:feature:search:api	transitive	androidx.legacy:legacy-support-core-utils:1.0.0	dev
:feature:search:api	transitive	androidx.legacy:legacy-support-core-utils:1.0.0	prod
:feature:search:api	transitive	androidx.lifecycle:lifecycle-common-jvm:2.10.0	dev
:feature:search:api	transitive	androidx.lifecycle:lifecycle-common-jvm:2.10.0	prod
:feature:search:api	transitive	androidx.lifecycle:lifecycle-common:2.10.0	dev
:feature:search:api	transitive	androidx.lifecycle:lifecycle-common:2.10.0	prod
:feature:search:api	transitive	androidx.lifecycle:lifecycle-livedata-core-ktx:2.10.0	dev
:feature:search:api	transitive	androidx.lifecycle:lifecycle-livedata-core-ktx:2.10.0	prod
:feature:search:api	transitive	androidx.lifecycle:lifecycle-livedata-core:2.10.0	dev
:feature:search:api	transitive	androidx.lifecycle:lifecycle-livedata-core:2.10.0	prod
:feature:search:api	transitive	androidx.lifecycle:lifecycle-livedata:2.10.0	dev
:feature:search:api	transitive	androidx.lifecycle:lifecycle-livedata:2.10.0	prod
:feature:search:api	transitive	androidx.lifecycle:lifecycle-process:2.10.0	dev
:feature:search:api	transitive	androidx.lifecycle:lifecycle-process:2.10.0	prod
:feature:search:api	transitive	androidx.lifecycle:lifecycle-runtime-android:2.10.0	dev
:feature:search:api	transitive	androidx.lifecycle:lifecycle-runtime-android:2.10.0	prod
:feature:search:api	transitive	androidx.lifecycle:lifecycle-runtime-compose-android:2.10.0	dev
:feature:search:api	transitive	androidx.lifecycle:lifecycle-runtime-compose-android:2.10.0	prod
:feature:search:api	transitive	androidx.lifecycle:lifecycle-runtime-compose:2.10.0	dev
:feature:search:api	transitive	androidx.lifecycle:lifecycle-runtime-compose:2.10.0	prod
:feature:search:api	transitive	androidx.lifecycle:lifecycle-runtime-ktx-android:2.10.0	dev
:feature:search:api	transitive	androidx.lifecycle:lifecycle-runtime-ktx-android:2.10.0	prod
:feature:search:api	transitive	androidx.lifecycle:lifecycle-runtime-ktx:2.10.0	dev
:feature:search:api	transitive	androidx.lifecycle:lifecycle-runtime-ktx:2.10.0	prod
:feature:search:api	transitive	androidx.lifecycle:lifecycle-runtime:2.10.0	dev
:feature:search:api	transitive	androidx.lifecycle:lifecycle-runtime:2.10.0	prod
:feature:search:api	transitive	androidx.lifecycle:lifecycle-viewmodel-android:2.10.0	dev
:feature:search:api	transitive	androidx.lifecycle:lifecycle-viewmodel-android:2.10.0	prod
:feature:search:api	transitive	androidx.lifecycle:lifecycle-viewmodel-compose-android:2.10.0	dev
:feature:search:api	transitive	androidx.lifecycle:lifecycle-viewmodel-compose-android:2.10.0	prod
:feature:search:api	transitive	androidx.lifecycle:lifecycle-viewmodel-compose:2.10.0	dev
:feature:search:api	transitive	androidx.lifecycle:lifecycle-viewmodel-compose:2.10.0	prod
:feature:search:api	transitive	androidx.lifecycle:lifecycle-viewmodel-ktx:2.10.0	dev
:feature:search:api	transitive	androidx.lifecycle:lifecycle-viewmodel-ktx:2.10.0	prod
:feature:search:api	transitive	androidx.lifecycle:lifecycle-viewmodel-navigation3-android:2.10.0	dev
:feature:search:api	transitive	androidx.lifecycle:lifecycle-viewmodel-navigation3-android:2.10.0	prod
:feature:search:api	transitive	androidx.lifecycle:lifecycle-viewmodel-navigation3:2.10.0	dev
:feature:search:api	transitive	androidx.lifecycle:lifecycle-viewmodel-navigation3:2.10.0	prod
:feature:search:api	transitive	androidx.lifecycle:lifecycle-viewmodel-savedstate-android:2.10.0	dev
:feature:search:api	transitive	androidx.lifecycle:lifecycle-viewmodel-savedstate-android:2.10.0	prod
:feature:search:api	transitive	androidx.lifecycle:lifecycle-viewmodel-savedstate:2.10.0	dev
:feature:search:api	transitive	androidx.lifecycle:lifecycle-viewmodel-savedstate:2.10.0	prod
:feature:search:api	transitive	androidx.lifecycle:lifecycle-viewmodel:2.10.0	dev
:feature:search:api	transitive	androidx.lifecycle:lifecycle-viewmodel:2.10.0	prod
:feature:search:api	transitive	androidx.loader:loader:1.0.0	dev
:feature:search:api	transitive	androidx.loader:loader:1.0.0	prod
:feature:search:api	transitive	androidx.localbroadcastmanager:localbroadcastmanager:1.0.0	dev
:feature:search:api	transitive	androidx.localbroadcastmanager:localbroadcastmanager:1.0.0	prod
:feature:search:api	transitive	androidx.navigation3:navigation3-runtime-android:1.0.0	dev
:feature:search:api	transitive	androidx.navigation3:navigation3-runtime-android:1.0.0	prod
:feature:search:api	transitive	androidx.navigation3:navigation3-runtime:1.0.0	dev
:feature:search:api	transitive	androidx.navigation3:navigation3-runtime:1.0.0	prod
:feature:search:api	transitive	androidx.navigationevent:navigationevent-android:1.0.0	dev
:feature:search:api	transitive	androidx.navigationevent:navigationevent-android:1.0.0	prod
:feature:search:api	transitive	androidx.navigationevent:navigationevent-compose-android:1.0.0	dev
:feature:search:api	transitive	androidx.navigationevent:navigationevent-compose-android:1.0.0	prod
:feature:search:api	transitive	androidx.navigationevent:navigationevent-compose:1.0.0	dev
:feature:search:api	transitive	androidx.navigationevent:navigationevent-compose:1.0.0	prod
:feature:search:api	transitive	androidx.navigationevent:navigationevent:1.0.0	dev
:feature:search:api	transitive	androidx.navigationevent:navigationevent:1.0.0	prod
:feature:search:api	transitive	androidx.print:print:1.0.0	dev
:feature:search:api	transitive	androidx.print:print:1.0.0	prod
:feature:search:api	transitive	androidx.privacysandbox.ads:ads-adservices-java:1.0.0-beta05	dev
:feature:search:api	transitive	androidx.privacysandbox.ads:ads-adservices-java:1.0.0-beta05	prod
:feature:search:api	transitive	androidx.privacysandbox.ads:ads-adservices:1.0.0-beta05	dev
:feature:search:api	transitive	androidx.privacysandbox.ads:ads-adservices:1.0.0-beta05	prod
:feature:search:api	transitive	androidx.profileinstaller:profileinstaller:1.4.0	dev
:feature:search:api	transitive	androidx.profileinstaller:profileinstaller:1.4.0	prod
:feature:search:api	transitive	androidx.room:room-common-jvm:2.8.3	dev
:feature:search:api	transitive	androidx.room:room-common-jvm:2.8.3	prod
:feature:search:api	transitive	androidx.room:room-common:2.8.3	dev
:feature:search:api	transitive	androidx.room:room-common:2.8.3	prod
:feature:search:api	transitive	androidx.room:room-ktx:2.8.3	dev
:feature:search:api	transitive	androidx.room:room-ktx:2.8.3	prod
:feature:search:api	transitive	androidx.room:room-runtime-android:2.8.3	dev
:feature:search:api	transitive	androidx.room:room-runtime-android:2.8.3	prod
:feature:search:api	transitive	androidx.room:room-runtime:2.8.3	dev
:feature:search:api	transitive	androidx.room:room-runtime:2.8.3	prod
:feature:search:api	transitive	androidx.savedstate:savedstate-android:1.4.0	dev
:feature:search:api	transitive	androidx.savedstate:savedstate-android:1.4.0	prod
:feature:search:api	transitive	androidx.savedstate:savedstate-compose-android:1.4.0	dev
:feature:search:api	transitive	androidx.savedstate:savedstate-compose-android:1.4.0	prod
:feature:search:api	transitive	androidx.savedstate:savedstate-compose:1.4.0	dev
:feature:search:api	transitive	androidx.savedstate:savedstate-compose:1.4.0	prod
:feature:search:api	transitive	androidx.savedstate:savedstate-ktx:1.4.0	dev
:feature:search:api	transitive	androidx.savedstate:savedstate-ktx:1.4.0	prod
:feature:search:api	transitive	androidx.savedstate:savedstate:1.4.0	dev
:feature:search:api	transitive	androidx.savedstate:savedstate:1.4.0	prod
:feature:search:api	transitive	androidx.sqlite:sqlite-android:2.6.1	dev
:feature:search:api	transitive	androidx.sqlite:sqlite-android:2.6.1	prod
:feature:search:api	transitive	androidx.sqlite:sqlite-framework-android:2.6.1	dev
:feature:search:api	transitive	androidx.sqlite:sqlite-framework-android:2.6.1	prod
:feature:search:api	transitive	androidx.sqlite:sqlite-framework:2.6.1	dev
:feature:search:api	transitive	androidx.sqlite:sqlite-framework:2.6.1	prod
:feature:search:api	transitive	androidx.sqlite:sqlite:2.6.1	dev
:feature:search:api	transitive	androidx.sqlite:sqlite:2.6.1	prod
:feature:search:api	transitive	androidx.startup:startup-runtime:1.1.1	dev
:feature:search:api	transitive	androidx.startup:startup-runtime:1.1.1	prod
:feature:search:api	transitive	androidx.tracing:tracing-ktx:1.3.0-alpha02	dev
:feature:search:api	transitive	androidx.tracing:tracing:1.3.0-alpha02	dev
:feature:search:api	transitive	androidx.tracing:tracing:1.3.0-alpha02	prod
:feature:search:api	transitive	androidx.transition:transition:1.6.0	dev
:feature:search:api	transitive	androidx.transition:transition:1.6.0	prod
:feature:search:api	transitive	androidx.vectordrawable:vectordrawable-animated:1.1.0	dev
:feature:search:api	transitive	androidx.vectordrawable:vectordrawable-animated:1.1.0	prod
:feature:search:api	transitive	androidx.vectordrawable:vectordrawable:1.1.0	dev
:feature:search:api	transitive	androidx.vectordrawable:vectordrawable:1.1.0	prod
:feature:search:api	transitive	androidx.versionedparcelable:versionedparcelable:1.1.1	dev
:feature:search:api	transitive	androidx.versionedparcelable:versionedparcelable:1.1.1	prod
:feature:search:api	transitive	androidx.viewpager:viewpager:1.0.0	dev
:feature:search:api	transitive	androidx.viewpager:viewpager:1.0.0	prod
:feature:search:api	transitive	com.caverock:androidsvg-aar:1.4	dev
:feature:search:api	transitive	com.caverock:androidsvg-aar:1.4	prod
:feature:search:api	transitive	com.google.android.gms:play-services-ads-identifier:18.0.0	dev
:feature:search:api	transitive	com.google.android.gms:play-services-ads-identifier:18.0.0	prod
:feature:search:api	transitive	com.google.android.gms:play-services-base:18.5.0	dev
:feature:search:api	transitive	com.google.android.gms:play-services-base:18.5.0	prod
:feature:search:api	transitive	com.google.android.gms:play-services-basement:18.4.0	dev
:feature:search:api	transitive	com.google.android.gms:play-services-basement:18.4.0	prod
:feature:search:api	transitive	com.google.android.gms:play-services-measurement-api:22.1.2	dev
:feature:search:api	transitive	com.google.android.gms:play-services-measurement-api:22.1.2	prod
:feature:search:api	transitive	com.google.android.gms:play-services-measurement-base:22.1.2	dev
:feature:search:api	transitive	com.google.android.gms:play-services-measurement-base:22.1.2	prod
:feature:search:api	transitive	com.google.android.gms:play-services-measurement-impl:22.1.2	dev
:feature:search:api	transitive	com.google.android.gms:play-services-measurement-impl:22.1.2	prod
:feature:search:api	transitive	com.google.android.gms:play-services-measurement-sdk-api:22.1.2	dev
:feature:search:api	transitive	com.google.android.gms:play-services-measurement-sdk-api:22.1.2	prod
:feature:search:api	transitive	com.google.android.gms:play-services-measurement-sdk:22.1.2	dev
:feature:search:api	transitive	com.google.android.gms:play-services-measurement-sdk:22.1.2	prod
:feature:search:api	transitive	com.google.android.gms:play-services-measurement:22.1.2	dev
:feature:search:api	transitive	com.google.android.gms:play-services-measurement:22.1.2	prod
:feature:search:api	transitive	com.google.android.gms:play-services-stats:17.0.2	dev
:feature:search:api	transitive	com.google.android.gms:play-services-stats:17.0.2	prod
:feature:search:api	transitive	com.google.android.gms:play-services-tasks:18.2.0	dev
:feature:search:api	transitive	com.google.android.gms:play-services-tasks:18.2.0	prod
:feature:search:api	transitive	com.google.code.findbugs:jsr305:3.0.2	dev
:feature:search:api	transitive	com.google.code.findbugs:jsr305:3.0.2	prod
:feature:search:api	transitive	com.google.dagger:dagger-lint-aar:2.59	dev
:feature:search:api	transitive	com.google.dagger:dagger-lint-aar:2.59	prod
:feature:search:api	transitive	com.google.dagger:dagger:2.59	dev
:feature:search:api	transitive	com.google.dagger:dagger:2.59	prod
:feature:search:api	transitive	com.google.dagger:hilt-android:2.59	dev
:feature:search:api	transitive	com.google.dagger:hilt-android:2.59	prod
:feature:search:api	transitive	com.google.dagger:hilt-core:2.59	dev
:feature:search:api	transitive	com.google.dagger:hilt-core:2.59	prod
:feature:search:api	transitive	com.google.errorprone:error_prone_annotations:2.26.0	dev
:feature:search:api	transitive	com.google.errorprone:error_prone_annotations:2.26.0	prod
:feature:search:api	transitive	com.google.firebase:firebase-analytics:22.1.2	dev
:feature:search:api	transitive	com.google.firebase:firebase-analytics:22.1.2	prod
:feature:search:api	transitive	com.google.firebase:firebase-annotations:16.2.0	dev
:feature:search:api	transitive	com.google.firebase:firebase-annotations:16.2.0	prod
:feature:search:api	transitive	com.google.firebase:firebase-bom:33.7.0	dev
:feature:search:api	transitive	com.google.firebase:firebase-bom:33.7.0	prod
:feature:search:api	transitive	com.google.firebase:firebase-common-ktx:21.0.0	dev
:feature:search:api	transitive	com.google.firebase:firebase-common-ktx:21.0.0	prod
:feature:search:api	transitive	com.google.firebase:firebase-common:21.0.0	dev
:feature:search:api	transitive	com.google.firebase:firebase-common:21.0.0	prod
:feature:search:api	transitive	com.google.firebase:firebase-components:18.0.0	dev
:feature:search:api	transitive	com.google.firebase:firebase-components:18.0.0	prod
:feature:search:api	transitive	com.google.firebase:firebase-installations-interop:17.1.1	dev
:feature:search:api	transitive	com.google.firebase:firebase-installations-interop:17.1.1	prod
:feature:search:api	transitive	com.google.firebase:firebase-installations:18.0.0	dev
:feature:search:api	transitive	com.google.firebase:firebase-installations:18.0.0	prod
:feature:search:api	transitive	com.google.firebase:firebase-measurement-connector:19.0.0	dev
:feature:search:api	transitive	com.google.firebase:firebase-measurement-connector:19.0.0	prod
:feature:search:api	transitive	com.google.guava:failureaccess:1.0.1	dev
:feature:search:api	transitive	com.google.guava:failureaccess:1.0.1	prod
:feature:search:api	transitive	com.google.guava:guava:31.1-android	dev
:feature:search:api	transitive	com.google.guava:guava:31.1-android	prod
:feature:search:api	transitive	com.google.guava:listenablefuture:1.0	dev
:feature:search:api	transitive	com.google.guava:listenablefuture:1.0	prod
:feature:search:api	transitive	com.google.guava:listenablefuture:9999.0-empty-to-avoid-conflict-with-guava	dev
:feature:search:api	transitive	com.google.guava:listenablefuture:9999.0-empty-to-avoid-conflict-with-guava	prod
:feature:search:api	transitive	com.google.j2objc:j2objc-annotations:1.3	dev
:feature:search:api	transitive	com.google.j2objc:j2objc-annotations:1.3	prod
:feature:search:api	transitive	com.google.protobuf:protobuf-javalite:4.29.2	dev
:feature:search:api	transitive	com.google.protobuf:protobuf-javalite:4.29.2	prod
:feature:search:api	transitive	com.google.protobuf:protobuf-kotlin-lite:4.29.2	dev
:feature:search:api	transitive	com.google.protobuf:protobuf-kotlin-lite:4.29.2	prod
:feature:search:api	transitive	com.squareup.okhttp3:logging-interceptor:4.12.0	dev
:feature:search:api	transitive	com.squareup.okhttp3:logging-interceptor:4.12.0	prod
:feature:search:api	transitive	com.squareup.okhttp3:okhttp:4.12.0	dev
:feature:search:api	transitive	com.squareup.okhttp3:okhttp:4.12.0	prod
:feature:search:api	transitive	com.squareup.okio:okio-jvm:3.9.1	dev
:feature:search:api	transitive	com.squareup.okio:okio-jvm:3.9.1	prod
:feature:search:api	transitive	com.squareup.okio:okio:3.9.1	dev
:feature:search:api	transitive	com.squareup.okio:okio:3.9.1	prod
:feature:search:api	transitive	com.squareup.retrofit2:converter-kotlinx-serialization:2.11.0	dev
:feature:search:api	transitive	com.squareup.retrofit2:converter-kotlinx-serialization:2.11.0	prod
:feature:search:api	transitive	com.squareup.retrofit2:retrofit:2.11.0	dev
:feature:search:api	transitive	com.squareup.retrofit2:retrofit:2.11.0	prod
:feature:search:api	transitive	io.coil-kt:coil-base:2.7.0	dev
:feature:search:api	transitive	io.coil-kt:coil-base:2.7.0	prod
:feature:search:api	transitive	io.coil-kt:coil-svg:2.7.0	dev
:feature:search:api	transitive	io.coil-kt:coil-svg:2.7.0	prod
:feature:search:api	transitive	io.coil-kt:coil:2.7.0	dev
:feature:search:api	transitive	io.coil-kt:coil:2.7.0	prod
:feature:search:api	transitive	jakarta.inject:jakarta.inject-api:2.0.1	dev
:feature:search:api	transitive	jakarta.inject:jakarta.inject-api:2.0.1	prod
:feature:search:api	transitive	javax.inject:javax.inject:1	dev
:feature:search:api	transitive	javax.inject:javax.inject:1	prod
:feature:search:api	transitive	org.checkerframework:checker-qual:3.12.0	dev
:feature:search:api	transitive	org.checkerframework:checker-qual:3.12.0	prod
:feature:search:api	transitive	org.hamcrest:hamcrest-core:1.3	dev
:feature:search:api	transitive	org.jetbrains.kotlin:kotlin-stdlib-common:2.3.0	dev
:feature:search:api	transitive	org.jetbrains.kotlin:kotlin-stdlib-common:2.3.0	prod
:feature:search:api	transitive	org.jetbrains.kotlin:kotlin-stdlib-jdk7:1.8.21	dev
:feature:search:api	transitive	org.jetbrains.kotlin:kotlin-stdlib-jdk7:1.8.21	prod
:feature:search:api	transitive	org.jetbrains.kotlin:kotlin-stdlib-jdk7:1.8.22	dev
:feature:search:api	transitive	org.jetbrains.kotlin:kotlin-stdlib-jdk7:1.8.22	prod
:feature:search:api	transitive	org.jetbrains.kotlin:kotlin-stdlib-jdk8:1.8.21	dev
:feature:search:api	transitive	org.jetbrains.kotlin:kotlin-stdlib-jdk8:1.8.21	prod
:feature:search:api	transitive	org.jetbrains.kotlin:kotlin-stdlib-jdk8:1.8.22	dev
:feature:search:api	transitive	org.jetbrains.kotlin:kotlin-stdlib-jdk8:1.8.22	prod
:feature:search:api	transitive	org.jetbrains.kotlin:kotlin-stdlib:2.3.0	dev
:feature:search:api	transitive	org.jetbrains.kotlinx:kotlinx-coroutines-android:1.10.1	dev
:feature:search:api	transitive	org.jetbrains.kotlinx:kotlinx-coroutines-android:1.10.1	prod
:feature:search:api	transitive	org.jetbrains.kotlinx:kotlinx-coroutines-android:1.9.0	dev
:feature:search:api	transitive	org.jetbrains.kotlinx:kotlinx-coroutines-android:1.9.0	prod
:feature:search:api	transitive	org.jetbrains.kotlinx:kotlinx-coroutines-bom:1.10.1	dev
:feature:search:api	transitive	org.jetbrains.kotlinx:kotlinx-coroutines-bom:1.10.1	prod
:feature:search:api	transitive	org.jetbrains.kotlinx:kotlinx-coroutines-bom:1.9.0	dev
:feature:search:api	transitive	org.jetbrains.kotlinx:kotlinx-coroutines-bom:1.9.0	prod
:feature:search:api	transitive	org.jetbrains.kotlinx:kotlinx-coroutines-core-jvm:1.10.1	dev
:feature:search:api	transitive	org.jetbrains.kotlinx:kotlinx-coroutines-core-jvm:1.10.1	prod
:feature:search:api	transitive	org.jetbrains.kotlinx:kotlinx-coroutines-core-jvm:1.9.0	dev
:feature:search:api	transitive	org.jetbrains.kotlinx:kotlinx-coroutines-core-jvm:1.9.0	prod
:feature:search:api	transitive	org.jetbrains.kotlinx:kotlinx-coroutines-core:1.10.1	dev
:feature:search:api	transitive	org.jetbrains.kotlinx:kotlinx-coroutines-core:1.10.1	prod
:feature:search:api	transitive	org.jetbrains.kotlinx:kotlinx-coroutines-core:1.9.0	dev
:feature:search:api	transitive	org.jetbrains.kotlinx:kotlinx-coroutines-core:1.9.0	prod
:feature:search:api	transitive	org.jetbrains.kotlinx:kotlinx-coroutines-play-services:1.10.1	dev
:feature:search:api	transitive	org.jetbrains.kotlinx:kotlinx-coroutines-play-services:1.10.1	prod
:feature:search:api	transitive	org.jetbrains.kotlinx:kotlinx-datetime-jvm:0.6.1	dev
:feature:search:api	transitive	org.jetbrains.kotlinx:kotlinx-datetime-jvm:0.6.1	prod
:feature:search:api	transitive	org.jetbrains.kotlinx:kotlinx-datetime:0.6.1	dev
:feature:search:api	transitive	org.jetbrains.kotlinx:kotlinx-datetime:0.6.1	prod
:feature:search:api	transitive	org.jetbrains.kotlinx:kotlinx-serialization-bom:1.7.3	dev
:feature:search:api	transitive	org.jetbrains.kotlinx:kotlinx-serialization-bom:1.7.3	prod
:feature:search:api	transitive	org.jetbrains.kotlinx:kotlinx-serialization-bom:1.8.0	dev
:feature:search:api	transitive	org.jetbrains.kotlinx:kotlinx-serialization-bom:1.8.0	prod
:feature:search:api	transitive	org.jetbrains.kotlinx:kotlinx-serialization-core-jvm:1.7.3	dev
:feature:search:api	transitive	org.jetbrains.kotlinx:kotlinx-serialization-core-jvm:1.7.3	prod
:feature:search:api	transitive	org.jetbrains.kotlinx:kotlinx-serialization-core-jvm:1.8.0	dev
:feature:search:api	transitive	org.jetbrains.kotlinx:kotlinx-serialization-core-jvm:1.8.0	prod
:feature:search:api	transitive	org.jetbrains.kotlinx:kotlinx-serialization-core:1.7.3	dev
:feature:search:api	transitive	org.jetbrains.kotlinx:kotlinx-serialization-core:1.7.3	prod
:feature:search:api	transitive	org.jetbrains.kotlinx:kotlinx-serialization-core:1.8.0	dev
:feature:search:api	transitive	org.jetbrains.kotlinx:kotlinx-serialization-core:1.8.0	prod
:feature:search:api	transitive	org.jetbrains.kotlinx:kotlinx-serialization-json-jvm:1.8.0	dev
:feature:search:api	transitive	org.jetbrains.kotlinx:kotlinx-serialization-json-jvm:1.8.0	prod
:feature:search:api	transitive	org.jetbrains.kotlinx:kotlinx-serialization-json:1.8.0	dev
:feature:search:api	transitive	org.jetbrains.kotlinx:kotlinx-serialization-json:1.8.0	prod
:feature:search:api	transitive	org.jetbrains:annotations:23.0.0	dev
:feature:search:api	transitive	org.jetbrains:annotations:23.0.0	prod
:feature:search:api	transitive	org.jspecify:jspecify:1.0.0	dev
:feature:search:api	transitive	org.jspecify:jspecify:1.0.0	prod
:feature:search:impl	direct	androidx.compose.ui:ui-test-junit4:1.10.0-alpha04	dev
:feature:search:impl	direct	androidx.compose.ui:ui-test-manifest:1.10.0-alpha04	dev
:feature:search:impl	direct	androidx.compose.ui:ui-tooling-preview:1.10.0-alpha04	dev
:feature:search:impl	direct	androidx.compose.ui:ui-tooling-preview:1.10.0-alpha04	prod
:feature:search:impl	direct	androidx.compose.ui:ui-tooling:1.10.0-alpha04	dev
:feature:search:impl	direct	androidx.compose.ui:ui-tooling:1.10.0-alpha04	prod
:feature:search:impl	direct	androidx.compose:compose-bom-alpha:2025.09.01	dev
:feature:search:impl	direct	androidx.compose:compose-bom-alpha:2025.09.01	prod
:feature:search:impl	direct	androidx.hilt:hilt-lifecycle-viewmodel-compose:1.3.0-alpha02	dev
:feature:search:impl	direct	androidx.hilt:hilt-lifecycle-viewmodel-compose:1.3.0-alpha02	prod
:feature:search:impl	direct	androidx.lifecycle:lifecycle-runtime-compose:2.10.0	dev
:feature:search:impl	direct	androidx.lifecycle:lifecycle-runtime-compose:2.10.0	prod
:feature:search:impl	direct	androidx.lifecycle:lifecycle-runtime-testing:2.10.0	dev
:feature:search:impl	direct	androidx.lifecycle:lifecycle-viewmodel-compose:2.10.0	dev
:feature:search:impl	direct	androidx.lifecycle:lifecycle-viewmodel-compose:2.10.0	prod
:feature:search:impl	direct	androidx.navigation3:navigation3-runtime:1.0.0	dev
:feature:search:impl	direct	androidx.navigation3:navigation3-runtime:1.0.0	prod
:feature:search:impl	direct	androidx.tracing:tracing-ktx:1.3.0-alpha02	dev
:feature:search:impl	direct	androidx.tracing:tracing-ktx:1.3.0-alpha02	prod
:feature:search:impl	direct	com.google.dagger:hilt-android:2.59	dev
:feature:search:impl	direct	com.google.dagger:hilt-android:2.59	prod
:feature:search:impl	direct	junit:junit:4.13.2	dev
:feature:search:impl	direct	org.jacoco:org.jacoco.agent:0.8.13	dev
:feature:search:impl	direct	org.jetbrains.kotlin:kotlin-stdlib:2.3.0	dev
:feature:search:impl	direct	org.jetbrains.kotlin:kotlin-stdlib:2.3.0	prod
:feature:search:impl	direct	org.jetbrains.kotlin:kotlin-test:2.3.0	dev
:feature:search:impl	transitive	androidx.activity:activity-compose:1.12.0	dev
:feature:search:impl	transitive	androidx.activity:activity-compose:1.12.0	prod
:feature:search:impl	transitive	androidx.activity:activity-ktx:1.12.0	dev
:feature:search:impl	transitive	androidx.activity:activity-ktx:1.12.0	prod
:feature:search:impl	transitive	androidx.activity:activity:1.12.0	dev
:feature:search:impl	transitive	androidx.activity:activity:1.12.0	prod
:feature:search:impl	transitive	androidx.activity:activity:1.5.1	dev
:feature:search:impl	transitive	androidx.activity:activity:1.5.1	prod
:feature:search:impl	transitive	androidx.annotation:annotation-experimental:1.5.1	dev
:feature:search:impl	transitive	androidx.annotation:annotation-experimental:1.5.1	prod
:feature:search:impl	transitive	androidx.annotation:annotation-jvm:1.9.1	dev
:feature:search:impl	transitive	androidx.annotation:annotation-jvm:1.9.1	prod
:feature:search:impl	transitive	androidx.annotation:annotation:1.9.1	dev
:feature:search:impl	transitive	androidx.annotation:annotation:1.9.1	prod
:feature:search:impl	transitive	androidx.appcompat:appcompat-resources:1.6.1	dev
:feature:search:impl	transitive	androidx.appcompat:appcompat-resources:1.6.1	prod
:feature:search:impl	transitive	androidx.arch.core:core-common:2.2.0	dev
:feature:search:impl	transitive	androidx.arch.core:core-common:2.2.0	prod
:feature:search:impl	transitive	androidx.arch.core:core-runtime:2.2.0	dev
:feature:search:impl	transitive	androidx.arch.core:core-runtime:2.2.0	prod
:feature:search:impl	transitive	androidx.autofill:autofill:1.0.0	dev
:feature:search:impl	transitive	androidx.autofill:autofill:1.0.0	prod
:feature:search:impl	transitive	androidx.browser:browser:1.8.0	dev
:feature:search:impl	transitive	androidx.browser:browser:1.8.0	prod
:feature:search:impl	transitive	androidx.collection:collection-jvm:1.5.0	dev
:feature:search:impl	transitive	androidx.collection:collection-jvm:1.5.0	prod
:feature:search:impl	transitive	androidx.collection:collection-ktx:1.5.0	dev
:feature:search:impl	transitive	androidx.collection:collection-ktx:1.5.0	prod
:feature:search:impl	transitive	androidx.collection:collection:1.5.0	dev
:feature:search:impl	transitive	androidx.collection:collection:1.5.0	prod
:feature:search:impl	transitive	androidx.compose.animation:animation-android:1.10.0-alpha04	dev
:feature:search:impl	transitive	androidx.compose.animation:animation-android:1.10.0-alpha04	prod
:feature:search:impl	transitive	androidx.compose.animation:animation-core-android:1.10.0-alpha04	dev
:feature:search:impl	transitive	androidx.compose.animation:animation-core-android:1.10.0-alpha04	prod
:feature:search:impl	transitive	androidx.compose.animation:animation-core:1.10.0-alpha04	dev
:feature:search:impl	transitive	androidx.compose.animation:animation-core:1.10.0-alpha04	prod
:feature:search:impl	transitive	androidx.compose.animation:animation:1.10.0-alpha04	dev
:feature:search:impl	transitive	androidx.compose.animation:animation:1.10.0-alpha04	prod
:feature:search:impl	transitive	androidx.compose.foundation:foundation-android:1.10.0-alpha04	dev
:feature:search:impl	transitive	androidx.compose.foundation:foundation-android:1.10.0-alpha04	prod
:feature:search:impl	transitive	androidx.compose.foundation:foundation-layout-android:1.10.0-alpha04	dev
:feature:search:impl	transitive	androidx.compose.foundation:foundation-layout-android:1.10.0-alpha04	prod
:feature:search:impl	transitive	androidx.compose.foundation:foundation-layout:1.10.0-alpha04	dev
:feature:search:impl	transitive	androidx.compose.foundation:foundation-layout:1.10.0-alpha04	prod
:feature:search:impl	transitive	androidx.compose.foundation:foundation:1.10.0-alpha04	dev
:feature:search:impl	transitive	androidx.compose.foundation:foundation:1.10.0-alpha04	prod
:feature:search:impl	transitive	androidx.compose.material3.adaptive:adaptive-android:1.2.0-beta03	dev
:feature:search:impl	transitive	androidx.compose.material3.adaptive:adaptive-android:1.2.0-beta03	prod
:feature:search:impl	transitive	androidx.compose.material3.adaptive:adaptive:1.2.0-beta03	dev
:feature:search:impl	transitive	androidx.compose.material3.adaptive:adaptive:1.2.0-beta03	prod
:feature:search:impl	transitive	androidx.compose.material3:material3-adaptive-navigation-suite-android:1.5.0-alpha04	dev
:feature:search:impl	transitive	androidx.compose.material3:material3-adaptive-navigation-suite-android:1.5.0-alpha04	prod
:feature:search:impl	transitive	androidx.compose.material3:material3-adaptive-navigation-suite:1.5.0-alpha04	dev
:feature:search:impl	transitive	androidx.compose.material3:material3-adaptive-navigation-suite:1.5.0-alpha04	prod
:feature:search:impl	transitive	androidx.compose.material3:material3-android:1.5.0-alpha04	dev
:feature:search:impl	transitive	androidx.compose.material3:material3-android:1.5.0-alpha04	prod
:feature:search:impl	transitive	androidx.compose.material3:material3:1.5.0-alpha04	dev
:feature:search:impl	transitive	androidx.compose.material3:material3:1.5.0-alpha04	prod
:feature:search:impl	transitive	androidx.compose.material:material-android:1.10.0-alpha04	dev
:feature:search:impl	transitive	androidx.compose.material:material-android:1.10.0-alpha04	prod
:feature:search:impl	transitive	androidx.compose.material:material-icons-core-android:1.7.8	dev
:feature:search:impl	transitive	androidx.compose.material:material-icons-core-android:1.7.8	prod
:feature:search:impl	transitive	androidx.compose.material:material-icons-core:1.7.8	dev
:feature:search:impl	transitive	androidx.compose.material:material-icons-core:1.7.8	prod
:feature:search:impl	transitive	androidx.compose.material:material-icons-extended-android:1.7.8	dev
:feature:search:impl	transitive	androidx.compose.material:material-icons-extended-android:1.7.8	prod
:feature:search:impl	transitive	androidx.compose.material:material-icons-extended:1.7.8	dev
:feature:search:impl	transitive	androidx.compose.material:material-icons-extended:1.7.8	prod
:feature:search:impl	transitive	androidx.compose.material:material-ripple-android:1.10.0-alpha04	dev
:feature:search:impl	transitive	androidx.compose.material:material-ripple-android:1.10.0-alpha04	prod
:feature:search:impl	transitive	androidx.compose.material:material-ripple:1.10.0-alpha04	dev
:feature:search:impl	transitive	androidx.compose.material:material-ripple:1.10.0-alpha04	prod
:feature:search:impl	transitive	androidx.compose.material:material:1.10.0-alpha04	dev
:feature:search:impl	transitive	androidx.compose.material:material:1.10.0-alpha04	prod
:feature:search:impl	transitive	androidx.compose.runtime:runtime-android:1.10.0-alpha04	dev
:feature:search:impl	transitive	androidx.compose.runtime:runtime-android:1.10.0-alpha04	prod
:feature:search:impl	transitive	androidx.compose.runtime:runtime-annotation-android:1.10.0-alpha04	dev
:feature:search:impl	transitive	androidx.compose.runtime:runtime-annotation-android:1.10.0-alpha04	prod
:feature:search:impl	transitive	androidx.compose.runtime:runtime-annotation:1.10.0-alpha04	dev
:feature:search:impl	transitive	androidx.compose.runtime:runtime-annotation:1.10.0-alpha04	prod
:feature:search:impl	transitive	androidx.compose.runtime:runtime-retain-android:1.10.0-alpha04	dev
:feature:search:impl	transitive	androidx.compose.runtime:runtime-retain-android:1.10.0-alpha04	prod
:feature:search:impl	transitive	androidx.compose.runtime:runtime-retain:1.10.0-alpha04	dev
:feature:search:impl	transitive	androidx.compose.runtime:runtime-retain:1.10.0-alpha04	prod
:feature:search:impl	transitive	androidx.compose.runtime:runtime-saveable-android:1.10.0-alpha04	dev
:feature:search:impl	transitive	androidx.compose.runtime:runtime-saveable-android:1.10.0-alpha04	prod
:feature:search:impl	transitive	androidx.compose.runtime:runtime-saveable:1.10.0-alpha04	dev
:feature:search:impl	transitive	androidx.compose.runtime:runtime-saveable:1.10.0-alpha04	prod
:feature:search:impl	transitive	androidx.compose.runtime:runtime:1.10.0-alpha04	dev
:feature:search:impl	transitive	androidx.compose.runtime:runtime:1.10.0-alpha04	prod
:feature:search:impl	transitive	androidx.compose.ui:ui-android:1.10.0-alpha04	dev
:feature:search:impl	transitive	androidx.compose.ui:ui-android:1.10.0-alpha04	prod
:feature:search:impl	transitive	androidx.compose.ui:ui-geometry-android:1.10.0-alpha04	dev
:feature:search:impl	transitive	androidx.compose.ui:ui-geometry-android:1.10.0-alpha04	prod
:feature:search:impl	transitive	androidx.compose.ui:ui-geometry:1.10.0-alpha04	dev
:feature:search:impl	transitive	androidx.compose.ui:ui-geometry:1.10.0-alpha04	prod
:feature:search:impl	transitive	androidx.compose.ui:ui-graphics-android:1.10.0-alpha04	dev
:feature:search:impl	transitive	androidx.compose.ui:ui-graphics-android:1.10.0-alpha04	prod
:feature:search:impl	transitive	androidx.compose.ui:ui-graphics:1.10.0-alpha04	dev
:feature:search:impl	transitive	androidx.compose.ui:ui-graphics:1.10.0-alpha04	prod
:feature:search:impl	transitive	androidx.compose.ui:ui-test-android:1.10.0-alpha04	dev
:feature:search:impl	transitive	androidx.compose.ui:ui-test-junit4-android:1.10.0-alpha04	dev
:feature:search:impl	transitive	androidx.compose.ui:ui-test:1.10.0-alpha04	dev
:feature:search:impl	transitive	androidx.compose.ui:ui-text-android:1.10.0-alpha04	dev
:feature:search:impl	transitive	androidx.compose.ui:ui-text-android:1.10.0-alpha04	prod
:feature:search:impl	transitive	androidx.compose.ui:ui-text:1.10.0-alpha04	dev
:feature:search:impl	transitive	androidx.compose.ui:ui-text:1.10.0-alpha04	prod
:feature:search:impl	transitive	androidx.compose.ui:ui-tooling-android:1.10.0-alpha04	dev
:feature:search:impl	transitive	androidx.compose.ui:ui-tooling-android:1.10.0-alpha04	prod
:feature:search:impl	transitive	androidx.compose.ui:ui-tooling-data-android:1.10.0-alpha04	dev
:feature:search:impl	transitive	androidx.compose.ui:ui-tooling-data-android:1.10.0-alpha04	prod
:feature:search:impl	transitive	androidx.compose.ui:ui-tooling-data:1.10.0-alpha04	dev
:feature:search:impl	transitive	androidx.compose.ui:ui-tooling-data:1.10.0-alpha04	prod
:feature:search:impl	transitive	androidx.compose.ui:ui-tooling-preview-android:1.10.0-alpha04	dev
:feature:search:impl	transitive	androidx.compose.ui:ui-tooling-preview-android:1.10.0-alpha04	prod
:feature:search:impl	transitive	androidx.compose.ui:ui-tooling-preview:1.10.0-alpha04	dev
:feature:search:impl	transitive	androidx.compose.ui:ui-tooling:1.10.0-alpha04	dev
:feature:search:impl	transitive	androidx.compose.ui:ui-unit-android:1.10.0-alpha04	dev
:feature:search:impl	transitive	androidx.compose.ui:ui-unit-android:1.10.0-alpha04	prod
:feature:search:impl	transitive	androidx.compose.ui:ui-unit:1.10.0-alpha04	dev
:feature:search:impl	transitive	androidx.compose.ui:ui-unit:1.10.0-alpha04	prod
:feature:search:impl	transitive	androidx.compose.ui:ui-util-android:1.10.0-alpha04	dev
:feature:search:impl	transitive	androidx.compose.ui:ui-util-android:1.10.0-alpha04	prod
:feature:search:impl	transitive	androidx.compose.ui:ui-util:1.10.0-alpha04	dev
:feature:search:impl	transitive	androidx.compose.ui:ui-util:1.10.0-alpha04	prod
:feature:search:impl	transitive	androidx.compose.ui:ui:1.10.0-alpha04	dev
:feature:search:impl	transitive	androidx.compose.ui:ui:1.10.0-alpha04	prod
:feature:search:impl	transitive	androidx.compose:compose-bom-alpha:2025.09.01	dev
:feature:search:impl	transitive	androidx.concurrent:concurrent-futures:1.1.0	dev
:feature:search:impl	transitive	androidx.concurrent:concurrent-futures:1.1.0	prod
:feature:search:impl	transitive	androidx.core:core-ktx:1.16.0	dev
:feature:search:impl	transitive	androidx.core:core-ktx:1.16.0	prod
:feature:search:impl	transitive	androidx.core:core-ktx:1.2.0	dev
:feature:search:impl	transitive	androidx.core:core-ktx:1.2.0	prod
:feature:search:impl	transitive	androidx.core:core-viewtree:1.0.0	dev
:feature:search:impl	transitive	androidx.core:core-viewtree:1.0.0	prod
:feature:search:impl	transitive	androidx.core:core:1.16.0	dev
:feature:search:impl	transitive	androidx.core:core:1.16.0	prod
:feature:search:impl	transitive	androidx.core:core:1.8.0	dev
:feature:search:impl	transitive	androidx.core:core:1.8.0	prod
:feature:search:impl	transitive	androidx.customview:customview-poolingcontainer:1.0.0	dev
:feature:search:impl	transitive	androidx.customview:customview-poolingcontainer:1.0.0	prod
:feature:search:impl	transitive	androidx.customview:customview:1.0.0	dev
:feature:search:impl	transitive	androidx.customview:customview:1.0.0	prod
:feature:search:impl	transitive	androidx.datastore:datastore-android:1.2.0	dev
:feature:search:impl	transitive	androidx.datastore:datastore-android:1.2.0	prod
:feature:search:impl	transitive	androidx.datastore:datastore-core-android:1.2.0	dev
:feature:search:impl	transitive	androidx.datastore:datastore-core-android:1.2.0	prod
:feature:search:impl	transitive	androidx.datastore:datastore-core-okio-jvm:1.2.0	dev
:feature:search:impl	transitive	androidx.datastore:datastore-core-okio-jvm:1.2.0	prod
:feature:search:impl	transitive	androidx.datastore:datastore-core-okio:1.2.0	dev
:feature:search:impl	transitive	androidx.datastore:datastore-core-okio:1.2.0	prod
:feature:search:impl	transitive	androidx.datastore:datastore-core:1.2.0	dev
:feature:search:impl	transitive	androidx.datastore:datastore-core:1.2.0	prod
:feature:search:impl	transitive	androidx.datastore:datastore:1.2.0	dev
:feature:search:impl	transitive	androidx.datastore:datastore:1.2.0	prod
:feature:search:impl	transitive	androidx.documentfile:documentfile:1.0.0	dev
:feature:search:impl	transitive	androidx.documentfile:documentfile:1.0.0	prod
:feature:search:impl	transitive	androidx.dynamicanimation:dynamicanimation:1.0.0	dev
:feature:search:impl	transitive	androidx.dynamicanimation:dynamicanimation:1.0.0	prod
:feature:search:impl	transitive	androidx.emoji2:emoji2:1.4.0	dev
:feature:search:impl	transitive	androidx.emoji2:emoji2:1.4.0	prod
:feature:search:impl	transitive	androidx.exifinterface:exifinterface:1.3.7	dev
:feature:search:impl	transitive	androidx.exifinterface:exifinterface:1.3.7	prod
:feature:search:impl	transitive	androidx.fragment:fragment:1.5.1	dev
:feature:search:impl	transitive	androidx.fragment:fragment:1.5.1	prod
:feature:search:impl	transitive	androidx.graphics:graphics-path:1.0.1	dev
:feature:search:impl	transitive	androidx.graphics:graphics-path:1.0.1	prod
:feature:search:impl	transitive	androidx.graphics:graphics-shapes-android:1.0.1	dev
:feature:search:impl	transitive	androidx.graphics:graphics-shapes-android:1.0.1	prod
:feature:search:impl	transitive	androidx.graphics:graphics-shapes:1.0.1	dev
:feature:search:impl	transitive	androidx.graphics:graphics-shapes:1.0.1	prod
:feature:search:impl	transitive	androidx.hilt:hilt-lifecycle-viewmodel-compose:1.3.0-alpha02	dev
:feature:search:impl	transitive	androidx.hilt:hilt-lifecycle-viewmodel:1.3.0-alpha02	dev
:feature:search:impl	transitive	androidx.hilt:hilt-lifecycle-viewmodel:1.3.0-alpha02	prod
:feature:search:impl	transitive	androidx.interpolator:interpolator:1.0.0	dev
:feature:search:impl	transitive	androidx.interpolator:interpolator:1.0.0	prod
:feature:search:impl	transitive	androidx.legacy:legacy-support-core-utils:1.0.0	dev
:feature:search:impl	transitive	androidx.legacy:legacy-support-core-utils:1.0.0	prod
:feature:search:impl	transitive	androidx.lifecycle:lifecycle-common-java8:2.10.0	dev
:feature:search:impl	transitive	androidx.lifecycle:lifecycle-common-java8:2.10.0	prod
:feature:search:impl	transitive	androidx.lifecycle:lifecycle-common-jvm:2.10.0	dev
:feature:search:impl	transitive	androidx.lifecycle:lifecycle-common-jvm:2.10.0	prod
:feature:search:impl	transitive	androidx.lifecycle:lifecycle-common:2.10.0	dev
:feature:search:impl	transitive	androidx.lifecycle:lifecycle-common:2.10.0	prod
:feature:search:impl	transitive	androidx.lifecycle:lifecycle-livedata-core-ktx:2.10.0	dev
:feature:search:impl	transitive	androidx.lifecycle:lifecycle-livedata-core-ktx:2.10.0	prod
:feature:search:impl	transitive	androidx.lifecycle:lifecycle-livedata-core:2.10.0	dev
:feature:search:impl	transitive	androidx.lifecycle:lifecycle-livedata-core:2.10.0	prod
:feature:search:impl	transitive	androidx.lifecycle:lifecycle-livedata:2.10.0	dev
:feature:search:impl	transitive	androidx.lifecycle:lifecycle-livedata:2.10.0	prod
:feature:search:impl	transitive	androidx.lifecycle:lifecycle-process:2.10.0	dev
:feature:search:impl	transitive	androidx.lifecycle:lifecycle-process:2.10.0	prod
:feature:search:impl	transitive	androidx.lifecycle:lifecycle-runtime-android:2.10.0	dev
:feature:search:impl	transitive	androidx.lifecycle:lifecycle-runtime-android:2.10.0	prod
:feature:search:impl	transitive	androidx.lifecycle:lifecycle-runtime-compose-android:2.10.0	dev
:feature:search:impl	transitive	androidx.lifecycle:lifecycle-runtime-compose-android:2.10.0	prod
:feature:search:impl	transitive	androidx.lifecycle:lifecycle-runtime-compose:2.10.0	dev
:feature:search:impl	transitive	androidx.lifecycle:lifecycle-runtime-ktx-android:2.10.0	dev
:feature:search:impl	transitive	androidx.lifecycle:lifecycle-runtime-ktx-android:2.10.0	prod
:feature:search:impl	transitive	androidx.lifecycle:lifecycle-runtime-ktx:2.10.0	dev
:feature:search:impl	transitive	androidx.lifecycle:lifecycle-runtime-ktx:2.10.0	prod
:feature:search:impl	transitive	androidx.lifecycle:lifecycle-runtime-testing-android:2.10.0	dev
:feature:search:impl	transitive	androidx.lifecycle:lifecycle-runtime:2.10.0	dev
:feature:search:impl	transitive	androidx.lifecycle:lifecycle-runtime:2.10.0	prod
:feature:search:impl	transitive	androidx.lifecycle:lifecycle-viewmodel-android:2.10.0	dev
:feature:search:impl	transitive	androidx.lifecycle:lifecycle-viewmodel-android:2.10.0	prod
:feature:search:impl	transitive	androidx.lifecycle:lifecycle-viewmodel-compose-android:2.10.0	dev
:feature:search:impl	transitive	androidx.lifecycle:lifecycle-viewmodel-compose-android:2.10.0	prod
:feature:search:impl	transitive	androidx.lifecycle:lifecycle-viewmodel-compose:2.10.0	dev
:feature:search:impl	transitive	androidx.lifecycle:lifecycle-viewmodel-ktx:2.10.0	dev
:feature:search:impl	transitive	androidx.lifecycle:lifecycle-viewmodel-ktx:2.10.0	prod
:feature:search:impl	transitive	androidx.lifecycle:lifecycle-viewmodel-navigation3-android:2.10.0	dev
:feature:search:impl	transitive	androidx.lifecycle:lifecycle-viewmodel-navigation3-android:2.10.0	prod
:feature:search:impl	transitive	androidx.lifecycle:lifecycle-viewmodel-navigation3:2.10.0	dev
:feature:search:impl	transitive	androidx.lifecycle:lifecycle-viewmodel-navigation3:2.10.0	prod
:feature:search:impl	transitive	androidx.lifecycle:lifecycle-viewmodel-savedstate-android:2.10.0	dev
:feature:search:impl	transitive	androidx.lifecycle:lifecycle-viewmodel-savedstate-android:2.10.0	prod
:feature:search:impl	transitive	androidx.lifecycle:lifecycle-viewmodel-savedstate:2.10.0	dev
:feature:search:impl	transitive	androidx.lifecycle:lifecycle-viewmodel-savedstate:2.10.0	prod
:feature:search:impl	transitive	androidx.lifecycle:lifecycle-viewmodel:2.10.0	dev
:feature:search:impl	transitive	androidx.lifecycle:lifecycle-viewmodel:2.10.0	prod
:feature:search:impl	transitive	androidx.loader:loader:1.0.0	dev
:feature:search:impl	transitive	androidx.loader:loader:1.0.0	prod
:feature:search:impl	transitive	androidx.localbroadcastmanager:localbroadcastmanager:1.0.0	dev
:feature:search:impl	transitive	androidx.localbroadcastmanager:localbroadcastmanager:1.0.0	prod
:feature:search:impl	transitive	androidx.metrics:metrics-performance:1.0.0-beta01	dev
:feature:search:impl	transitive	androidx.metrics:metrics-performance:1.0.0-beta01	prod
:feature:search:impl	transitive	androidx.multidex:multidex:2.0.1	dev
:feature:search:impl	transitive	androidx.navigation3:navigation3-runtime-android:1.0.0	dev
:feature:search:impl	transitive	androidx.navigation3:navigation3-runtime-android:1.0.0	prod
:feature:search:impl	transitive	androidx.navigation3:navigation3-runtime:1.0.0	dev
:feature:search:impl	transitive	androidx.navigationevent:navigationevent-android:1.0.0	dev
:feature:search:impl	transitive	androidx.navigationevent:navigationevent-android:1.0.0	prod
:feature:search:impl	transitive	androidx.navigationevent:navigationevent-compose-android:1.0.0	dev
:feature:search:impl	transitive	androidx.navigationevent:navigationevent-compose-android:1.0.0	prod
:feature:search:impl	transitive	androidx.navigationevent:navigationevent-compose:1.0.0	dev
:feature:search:impl	transitive	androidx.navigationevent:navigationevent-compose:1.0.0	prod
:feature:search:impl	transitive	androidx.navigationevent:navigationevent:1.0.0	dev
:feature:search:impl	transitive	androidx.navigationevent:navigationevent:1.0.0	prod
:feature:search:impl	transitive	androidx.print:print:1.0.0	dev
:feature:search:impl	transitive	androidx.print:print:1.0.0	prod
:feature:search:impl	transitive	androidx.privacysandbox.ads:ads-adservices-java:1.0.0-beta05	dev
:feature:search:impl	transitive	androidx.privacysandbox.ads:ads-adservices-java:1.0.0-beta05	prod
:feature:search:impl	transitive	androidx.privacysandbox.ads:ads-adservices:1.0.0-beta05	dev
:feature:search:impl	transitive	androidx.privacysandbox.ads:ads-adservices:1.0.0-beta05	prod
:feature:search:impl	transitive	androidx.profileinstaller:profileinstaller:1.4.0	dev
:feature:search:impl	transitive	androidx.profileinstaller:profileinstaller:1.4.0	prod
:feature:search:impl	transitive	androidx.room:room-common-jvm:2.8.3	dev
:feature:search:impl	transitive	androidx.room:room-common-jvm:2.8.3	prod
:feature:search:impl	transitive	androidx.room:room-common:2.8.3	dev
:feature:search:impl	transitive	androidx.room:room-common:2.8.3	prod
:feature:search:impl	transitive	androidx.room:room-ktx:2.8.3	dev
:feature:search:impl	transitive	androidx.room:room-ktx:2.8.3	prod
:feature:search:impl	transitive	androidx.room:room-runtime-android:2.8.3	dev
:feature:search:impl	transitive	androidx.room:room-runtime-android:2.8.3	prod
:feature:search:impl	transitive	androidx.room:room-runtime:2.8.3	dev
:feature:search:impl	transitive	androidx.room:room-runtime:2.8.3	prod
:feature:search:impl	transitive	androidx.savedstate:savedstate-android:1.4.0	dev
:feature:search:impl	transitive	androidx.savedstate:savedstate-android:1.4.0	prod
:feature:search:impl	transitive	androidx.savedstate:savedstate-compose-android:1.4.0	dev
:feature:search:impl	transitive	androidx.savedstate:savedstate-compose-android:1.4.0	prod
:feature:search:impl	transitive	androidx.savedstate:savedstate-compose:1.4.0	dev
:feature:search:impl	transitive	androidx.savedstate:savedstate-compose:1.4.0	prod
:feature:search:impl	transitive	androidx.savedstate:savedstate-ktx:1.4.0	dev
:feature:search:impl	transitive	androidx.savedstate:savedstate-ktx:1.4.0	prod
:feature:search:impl	transitive	androidx.savedstate:savedstate:1.4.0	dev
:feature:search:impl	transitive	androidx.savedstate:savedstate:1.4.0	prod
:feature:search:impl	transitive	androidx.sqlite:sqlite-android:2.6.1	dev
:feature:search:impl	transitive	androidx.sqlite:sqlite-android:2.6.1	prod
:feature:search:impl	transitive	androidx.sqlite:sqlite-framework-android:2.6.1	dev
:feature:search:impl	transitive	androidx.sqlite:sqlite-framework-android:2.6.1	prod
:feature:search:impl	transitive	androidx.sqlite:sqlite-framework:2.6.1	dev
:feature:search:impl	transitive	androidx.sqlite:sqlite-framework:2.6.1	prod
:feature:search:impl	transitive	androidx.sqlite:sqlite:2.6.1	dev
:feature:search:impl	transitive	androidx.sqlite:sqlite:2.6.1	prod
:feature:search:impl	transitive	androidx.startup:startup-runtime:1.1.1	dev
:feature:search:impl	transitive	androidx.startup:startup-runtime:1.1.1	prod
:feature:search:impl	transitive	androidx.test.espresso:espresso-core:3.5.0	dev
:feature:search:impl	transitive	androidx.test.espresso:espresso-idling-resource:3.5.0	dev
:feature:search:impl	transitive	androidx.test.ext:junit:1.1.5	dev
:feature:search:impl	transitive	androidx.test.services:storage:1.4.2	dev
:feature:search:impl	transitive	androidx.test.services:storage:1.6.0-rc01	dev
:feature:search:impl	transitive	androidx.test:annotation:1.0.1	dev
:feature:search:impl	transitive	androidx.test:core:1.4.0	dev
:feature:search:impl	transitive	androidx.test:core:1.5.0	dev
:feature:search:impl	transitive	androidx.test:monitor:1.6.1	dev
:feature:search:impl	transitive	androidx.test:monitor:1.8.0-rc01	dev
:feature:search:impl	transitive	androidx.test:rules:1.7.0-rc01	dev
:feature:search:impl	transitive	androidx.test:runner:1.7.0-rc01	dev
:feature:search:impl	transitive	androidx.tracing:tracing-ktx:1.3.0-alpha02	dev
:feature:search:impl	transitive	androidx.tracing:tracing:1.3.0-alpha02	dev
:feature:search:impl	transitive	androidx.tracing:tracing:1.3.0-alpha02	prod
:feature:search:impl	transitive	androidx.transition:transition:1.6.0	dev
:feature:search:impl	transitive	androidx.transition:transition:1.6.0	prod
:feature:search:impl	transitive	androidx.vectordrawable:vectordrawable-animated:1.1.0	dev
:feature:search:impl	transitive	androidx.vectordrawable:vectordrawable-animated:1.1.0	prod
:feature:search:impl	transitive	androidx.vectordrawable:vectordrawable:1.1.0	dev
:feature:search:impl	transitive	androidx.vectordrawable:vectordrawable:1.1.0	prod
:feature:search:impl	transitive	androidx.versionedparcelable:versionedparcelable:1.1.1	dev
:feature:search:impl	transitive	androidx.versionedparcelable:versionedparcelable:1.1.1	prod
:feature:search:impl	transitive	androidx.viewpager:viewpager:1.0.0	dev
:feature:search:impl	transitive	androidx.viewpager:viewpager:1.0.0	prod
:feature:search:impl	transitive	androidx.window:window-core-android:1.4.0	dev
:feature:search:impl	transitive	androidx.window:window-core-android:1.4.0	prod
:feature:search:impl	transitive	androidx.window:window-core:1.4.0	dev
:feature:search:impl	transitive	androidx.window:window-core:1.4.0	prod
:feature:search:impl	transitive	androidx.window:window:1.4.0	dev
:feature:search:impl	transitive	androidx.window:window:1.4.0	prod
:feature:search:impl	transitive	com.caverock:androidsvg-aar:1.4	dev
:feature:search:impl	transitive	com.caverock:androidsvg-aar:1.4	prod
:feature:search:impl	transitive	com.google.accompanist:accompanist-drawablepainter:0.32.0	dev
:feature:search:impl	transitive	com.google.accompanist:accompanist-drawablepainter:0.32.0	prod
:feature:search:impl	transitive	com.google.android.gms:play-services-ads-identifier:18.0.0	dev
:feature:search:impl	transitive	com.google.android.gms:play-services-ads-identifier:18.0.0	prod
:feature:search:impl	transitive	com.google.android.gms:play-services-base:18.5.0	dev
:feature:search:impl	transitive	com.google.android.gms:play-services-base:18.5.0	prod
:feature:search:impl	transitive	com.google.android.gms:play-services-basement:18.4.0	dev
:feature:search:impl	transitive	com.google.android.gms:play-services-basement:18.4.0	prod
:feature:search:impl	transitive	com.google.android.gms:play-services-measurement-api:22.1.2	dev
:feature:search:impl	transitive	com.google.android.gms:play-services-measurement-api:22.1.2	prod
:feature:search:impl	transitive	com.google.android.gms:play-services-measurement-base:22.1.2	dev
:feature:search:impl	transitive	com.google.android.gms:play-services-measurement-base:22.1.2	prod
:feature:search:impl	transitive	com.google.android.gms:play-services-measurement-impl:22.1.2	dev
:feature:search:impl	transitive	com.google.android.gms:play-services-measurement-impl:22.1.2	prod
:feature:search:impl	transitive	com.google.android.gms:play-services-measurement-sdk-api:22.1.2	dev
:feature:search:impl	transitive	com.google.android.gms:play-services-measurement-sdk-api:22.1.2	prod
:feature:search:impl	transitive	com.google.android.gms:play-services-measurement-sdk:22.1.2	dev
:feature:search:impl	transitive	com.google.android.gms:play-services-measurement-sdk:22.1.2	prod
:feature:search:impl	transitive	com.google.android.gms:play-services-measurement:22.1.2	dev
:feature:search:impl	transitive	com.google.android.gms:play-services-measurement:22.1.2	prod
:feature:search:impl	transitive	com.google.android.gms:play-services-stats:17.0.2	dev
:feature:search:impl	transitive	com.google.android.gms:play-services-stats:17.0.2	prod
:feature:search:impl	transitive	com.google.android.gms:play-services-tasks:18.2.0	dev
:feature:search:impl	transitive	com.google.android.gms:play-services-tasks:18.2.0	prod
:feature:search:impl	transitive	com.google.code.findbugs:jsr305:3.0.2	dev
:feature:search:impl	transitive	com.google.code.findbugs:jsr305:3.0.2	prod
:feature:search:impl	transitive	com.google.dagger:dagger-lint-aar:2.59	dev
:feature:search:impl	transitive	com.google.dagger:dagger-lint-aar:2.59	prod
:feature:search:impl	transitive	com.google.dagger:dagger:2.59	dev
:feature:search:impl	transitive	com.google.dagger:dagger:2.59	prod
:feature:search:impl	transitive	com.google.dagger:hilt-android-testing:2.59	dev
:feature:search:impl	transitive	com.google.dagger:hilt-android:2.59	dev
:feature:search:impl	transitive	com.google.dagger:hilt-core:2.59	dev
:feature:search:impl	transitive	com.google.dagger:hilt-core:2.59	prod
:feature:search:impl	transitive	com.google.errorprone:error_prone_annotations:2.26.0	dev
:feature:search:impl	transitive	com.google.errorprone:error_prone_annotations:2.26.0	prod
:feature:search:impl	transitive	com.google.firebase:firebase-analytics:22.1.2	dev
:feature:search:impl	transitive	com.google.firebase:firebase-analytics:22.1.2	prod
:feature:search:impl	transitive	com.google.firebase:firebase-annotations:16.2.0	dev
:feature:search:impl	transitive	com.google.firebase:firebase-annotations:16.2.0	prod
:feature:search:impl	transitive	com.google.firebase:firebase-bom:33.7.0	dev
:feature:search:impl	transitive	com.google.firebase:firebase-bom:33.7.0	prod
:feature:search:impl	transitive	com.google.firebase:firebase-common-ktx:21.0.0	dev
:feature:search:impl	transitive	com.google.firebase:firebase-common-ktx:21.0.0	prod
:feature:search:impl	transitive	com.google.firebase:firebase-common:21.0.0	dev
:feature:search:impl	transitive	com.google.firebase:firebase-common:21.0.0	prod
:feature:search:impl	transitive	com.google.firebase:firebase-components:18.0.0	dev
:feature:search:impl	transitive	com.google.firebase:firebase-components:18.0.0	prod
:feature:search:impl	transitive	com.google.firebase:firebase-installations-interop:17.1.1	dev
:feature:search:impl	transitive	com.google.firebase:firebase-installations-interop:17.1.1	prod
:feature:search:impl	transitive	com.google.firebase:firebase-installations:18.0.0	dev
:feature:search:impl	transitive	com.google.firebase:firebase-installations:18.0.0	prod
:feature:search:impl	transitive	com.google.firebase:firebase-measurement-connector:19.0.0	dev
:feature:search:impl	transitive	com.google.firebase:firebase-measurement-connector:19.0.0	prod
:feature:search:impl	transitive	com.google.guava:failureaccess:1.0.1	dev
:feature:search:impl	transitive	com.google.guava:failureaccess:1.0.1	prod
:feature:search:impl	transitive	com.google.guava:guava:31.1-android	dev
:feature:search:impl	transitive	com.google.guava:guava:31.1-android	prod
:feature:search:impl	transitive	com.google.guava:listenablefuture:1.0	dev
:feature:search:impl	transitive	com.google.guava:listenablefuture:1.0	prod
:feature:search:impl	transitive	com.google.guava:listenablefuture:9999.0-empty-to-avoid-conflict-with-guava	dev
:feature:search:impl	transitive	com.google.guava:listenablefuture:9999.0-empty-to-avoid-conflict-with-guava	prod
:feature:search:impl	transitive	com.google.j2objc:j2objc-annotations:1.3	dev
:feature:search:impl	transitive	com.google.j2objc:j2objc-annotations:1.3	prod
:feature:search:impl	transitive	com.google.protobuf:protobuf-javalite:4.29.2	dev
:feature:search:impl	transitive	com.google.protobuf:protobuf-javalite:4.29.2	prod
:feature:search:impl	transitive	com.google.protobuf:protobuf-kotlin-lite:4.29.2	dev
:feature:search:impl	transitive	com.google.protobuf:protobuf-kotlin-lite:4.29.2	prod
:feature:search:impl	transitive	com.squareup.okhttp3:logging-interceptor:4.12.0	dev
:feature:search:impl	transitive	com.squareup.okhttp3:logging-interceptor:4.12.0	prod
:feature:search:impl	transitive	com.squareup.okhttp3:okhttp:4.12.0	dev
:feature:search:impl	transitive	com.squareup.okhttp3:okhttp:4.12.0	prod
:feature:search:impl	transitive	com.squareup.okio:okio-jvm:3.9.1	dev
:feature:search:impl	transitive	com.squareup.okio:okio-jvm:3.9.1	prod
:feature:search:impl	transitive	com.squareup.okio:okio:3.9.1	dev
:feature:search:impl	transitive	com.squareup.okio:okio:3.9.1	prod
:feature:search:impl	transitive	com.squareup.retrofit2:converter-kotlinx-serialization:2.11.0	dev
:feature:search:impl	transitive	com.squareup.retrofit2:converter-kotlinx-serialization:2.11.0	prod
:feature:search:impl	transitive	com.squareup.retrofit2:retrofit:2.11.0	dev
:feature:search:impl	transitive	com.squareup.retrofit2:retrofit:2.11.0	prod
:feature:search:impl	transitive	com.squareup:javawriter:2.1.1	dev
:feature:search:impl	transitive	io.coil-kt:coil-base:2.7.0	dev
:feature:search:impl	transitive	io.coil-kt:coil-base:2.7.0	prod
:feature:search:impl	transitive	io.coil-kt:coil-compose-base:2.7.0	dev
:feature:search:impl	transitive	io.coil-kt:coil-compose-base:2.7.0	prod
:feature:search:impl	transitive	io.coil-kt:coil-compose:2.7.0	dev
:feature:search:impl	transitive	io.coil-kt:coil-compose:2.7.0	prod
:feature:search:impl	transitive	io.coil-kt:coil-svg:2.7.0	dev
:feature:search:impl	transitive	io.coil-kt:coil-svg:2.7.0	prod
:feature:search:impl	transitive	io.coil-kt:coil:2.7.0	dev
:feature:search:impl	transitive	io.coil-kt:coil:2.7.0	prod
:feature:search:impl	transitive	jakarta.inject:jakarta.inject-api:2.0.1	dev
:feature:search:impl	transitive	jakarta.inject:jakarta.inject-api:2.0.1	prod
:feature:search:impl	transitive	javax.inject:javax.inject:1	dev
:feature:search:impl	transitive	javax.inject:javax.inject:1	prod
:feature:search:impl	transitive	junit:junit:4.13.2	dev
:feature:search:impl	transitive	org.checkerframework:checker-qual:3.12.0	dev
:feature:search:impl	transitive	org.checkerframework:checker-qual:3.12.0	prod
:feature:search:impl	transitive	org.hamcrest:hamcrest-core:1.3	dev
:feature:search:impl	transitive	org.hamcrest:hamcrest-integration:1.3	dev
:feature:search:impl	transitive	org.hamcrest:hamcrest-library:1.3	dev
:feature:search:impl	transitive	org.jetbrains.kotlin:kotlin-stdlib-common:2.3.0	dev
:feature:search:impl	transitive	org.jetbrains.kotlin:kotlin-stdlib-common:2.3.0	prod
:feature:search:impl	transitive	org.jetbrains.kotlin:kotlin-stdlib-jdk7:1.9.0	dev
:feature:search:impl	transitive	org.jetbrains.kotlin:kotlin-stdlib-jdk7:1.9.0	prod
:feature:search:impl	transitive	org.jetbrains.kotlin:kotlin-stdlib-jdk8:1.9.0	dev
:feature:search:impl	transitive	org.jetbrains.kotlin:kotlin-stdlib-jdk8:1.9.0	prod
:feature:search:impl	transitive	org.jetbrains.kotlin:kotlin-stdlib:2.3.0	dev
:feature:search:impl	transitive	org.jetbrains.kotlinx:kotlinx-coroutines-android:1.10.1	dev
:feature:search:impl	transitive	org.jetbrains.kotlinx:kotlinx-coroutines-android:1.10.1	prod
:feature:search:impl	transitive	org.jetbrains.kotlinx:kotlinx-coroutines-android:1.9.0	prod
:feature:search:impl	transitive	org.jetbrains.kotlinx:kotlinx-coroutines-bom:1.10.1	dev
:feature:search:impl	transitive	org.jetbrains.kotlinx:kotlinx-coroutines-bom:1.10.1	prod
:feature:search:impl	transitive	org.jetbrains.kotlinx:kotlinx-coroutines-bom:1.9.0	prod
:feature:search:impl	transitive	org.jetbrains.kotlinx:kotlinx-coroutines-core-jvm:1.10.1	dev
:feature:search:impl	transitive	org.jetbrains.kotlinx:kotlinx-coroutines-core-jvm:1.10.1	prod
:feature:search:impl	transitive	org.jetbrains.kotlinx:kotlinx-coroutines-core-jvm:1.9.0	prod
:feature:search:impl	transitive	org.jetbrains.kotlinx:kotlinx-coroutines-core:1.10.1	dev
:feature:search:impl	transitive	org.jetbrains.kotlinx:kotlinx-coroutines-core:1.10.1	prod
:feature:search:impl	transitive	org.jetbrains.kotlinx:kotlinx-coroutines-core:1.9.0	prod
:feature:search:impl	transitive	org.jetbrains.kotlinx:kotlinx-coroutines-play-services:1.10.1	dev
:feature:search:impl	transitive	org.jetbrains.kotlinx:kotlinx-coroutines-play-services:1.10.1	prod
:feature:search:impl	transitive	org.jetbrains.kotlinx:kotlinx-coroutines-test-jvm:1.10.1	dev
:feature:search:impl	transitive	org.jetbrains.kotlinx:kotlinx-coroutines-test:1.10.1	dev
:feature:search:impl	transitive	org.jetbrains.kotlinx:kotlinx-datetime-jvm:0.6.1	dev
:feature:search:impl	transitive	org.jetbrains.kotlinx:kotlinx-datetime-jvm:0.6.1	prod
:feature:search:impl	transitive	org.jetbrains.kotlinx:kotlinx-datetime:0.6.1	dev
:feature:search:impl	transitive	org.jetbrains.kotlinx:kotlinx-datetime:0.6.1	prod
:feature:search:impl	transitive	org.jetbrains.kotlinx:kotlinx-serialization-bom:1.7.3	dev
:feature:search:impl	transitive	org.jetbrains.kotlinx:kotlinx-serialization-bom:1.7.3	prod
:feature:search:impl	transitive	org.jetbrains.kotlinx:kotlinx-serialization-bom:1.8.0	dev
:feature:search:impl	transitive	org.jetbrains.kotlinx:kotlinx-serialization-bom:1.8.0	prod
:feature:search:impl	transitive	org.jetbrains.kotlinx:kotlinx-serialization-core-jvm:1.7.3	dev
:feature:search:impl	transitive	org.jetbrains.kotlinx:kotlinx-serialization-core-jvm:1.7.3	prod
:feature:search:impl	transitive	org.jetbrains.kotlinx:kotlinx-serialization-core-jvm:1.8.0	dev
:feature:search:impl	transitive	org.jetbrains.kotlinx:kotlinx-serialization-core-jvm:1.8.0	prod
:feature:search:impl	transitive	org.jetbrains.kotlinx:kotlinx-serialization-core:1.7.3	dev
:feature:search:impl	transitive	org.jetbrains.kotlinx:kotlinx-serialization-core:1.7.3	prod
:feature:search:impl	transitive	org.jetbrains.kotlinx:kotlinx-serialization-core:1.8.0	dev
:feature:search:impl	transitive	org.jetbrains.kotlinx:kotlinx-serialization-core:1.8.0	prod
:feature:search:impl	transitive	org.jetbrains.kotlinx:kotlinx-serialization-json-jvm:1.8.0	dev
:feature:search:impl	transitive	org.jetbrains.kotlinx:kotlinx-serialization-json-jvm:1.8.0	prod
:feature:search:impl	transitive	org.jetbrains.kotlinx:kotlinx-serialization-json:1.8.0	dev
:feature:search:impl	transitive	org.jetbrains.kotlinx:kotlinx-serialization-json:1.8.0	prod
:feature:search:impl	transitive	org.jetbrains:annotations:23.0.0	dev
:feature:search:impl	transitive	org.jetbrains:annotations:23.0.0	prod
:feature:search:impl	transitive	org.jspecify:jspecify:1.0.0	dev
:feature:search:impl	transitive	org.jspecify:jspecify:1.0.0	prod
:feature:settings:impl	direct	androidx.appcompat:appcompat:1.7.0	dev
:feature:settings:impl	direct	androidx.appcompat:appcompat:1.7.0	prod
:feature:settings:impl	direct	androidx.compose.ui:ui-test-junit4:1.10.0-alpha04	dev
:feature:settings:impl	direct	androidx.compose.ui:ui-test-manifest:1.10.0-alpha04	dev
:feature:settings:impl	direct	androidx.compose.ui:ui-tooling-preview:1.10.0-alpha04	dev
:feature:settings:impl	direct	androidx.compose.ui:ui-tooling-preview:1.10.0-alpha04	prod
:feature:settings:impl	direct	androidx.compose.ui:ui-tooling:1.10.0-alpha04	dev
:feature:settings:impl	direct	androidx.compose.ui:ui-tooling:1.10.0-alpha04	prod
:feature:settings:impl	direct	androidx.compose:compose-bom-alpha:2025.09.01	dev
:feature:settings:impl	direct	androidx.compose:compose-bom-alpha:2025.09.01	prod
:feature:settings:impl	direct	androidx.hilt:hilt-lifecycle-viewmodel-compose:1.3.0-alpha02	dev
:feature:settings:impl	direct	androidx.hilt:hilt-lifecycle-viewmodel-compose:1.3.0-alpha02	prod
:feature:settings:impl	direct	androidx.lifecycle:lifecycle-runtime-compose:2.10.0	dev
:feature:settings:impl	direct	androidx.lifecycle:lifecycle-runtime-compose:2.10.0	prod
:feature:settings:impl	direct	androidx.lifecycle:lifecycle-runtime-testing:2.10.0	dev
:feature:settings:impl	direct	androidx.lifecycle:lifecycle-viewmodel-compose:2.10.0	dev
:feature:settings:impl	direct	androidx.lifecycle:lifecycle-viewmodel-compose:2.10.0	prod
:feature:settings:impl	direct	androidx.navigation3:navigation3-runtime:1.0.0	dev
:feature:settings:impl	direct	androidx.navigation3:navigation3-runtime:1.0.0	prod
:feature:settings:impl	direct	androidx.tracing:tracing-ktx:1.3.0-alpha02	dev
:feature:settings:impl	direct	androidx.tracing:tracing-ktx:1.3.0-alpha02	prod
:feature:settings:impl	direct	com.google.android.gms:play-services-oss-licenses:17.1.0	dev
:feature:settings:impl	direct	com.google.android.gms:play-services-oss-licenses:17.1.0	prod
:feature:settings:impl	direct	com.google.dagger:hilt-android:2.59	dev
:feature:settings:impl	direct	com.google.dagger:hilt-android:2.59	prod
:feature:settings:impl	direct	junit:junit:4.13.2	dev
:feature:settings:impl	direct	org.jacoco:org.jacoco.agent:0.8.13	dev
:feature:settings:impl	direct	org.jetbrains.kotlin:kotlin-stdlib:2.3.0	dev
:feature:settings:impl	direct	org.jetbrains.kotlin:kotlin-stdlib:2.3.0	prod
:feature:settings:impl	direct	org.jetbrains.kotlin:kotlin-test:2.3.0	dev
:feature:settings:impl	transitive	androidx.activity:activity-compose:1.8.2	dev
:feature:settings:impl	transitive	androidx.activity:activity-compose:1.8.2	prod
:feature:settings:impl	transitive	androidx.activity:activity-ktx:1.8.2	dev
:feature:settings:impl	transitive	androidx.activity:activity-ktx:1.8.2	prod
:feature:settings:impl	transitive	androidx.activity:activity:1.7.0	dev
:feature:settings:impl	transitive	androidx.activity:activity:1.7.0	prod
:feature:settings:impl	transitive	androidx.activity:activity:1.8.2	dev
:feature:settings:impl	transitive	androidx.activity:activity:1.8.2	prod
:feature:settings:impl	transitive	androidx.annotation:annotation-experimental:1.5.1	dev
:feature:settings:impl	transitive	androidx.annotation:annotation-experimental:1.5.1	prod
:feature:settings:impl	transitive	androidx.annotation:annotation-jvm:1.9.1	dev
:feature:settings:impl	transitive	androidx.annotation:annotation-jvm:1.9.1	prod
:feature:settings:impl	transitive	androidx.annotation:annotation:1.9.1	dev
:feature:settings:impl	transitive	androidx.annotation:annotation:1.9.1	prod
:feature:settings:impl	transitive	androidx.appcompat:appcompat-resources:1.7.0	dev
:feature:settings:impl	transitive	androidx.appcompat:appcompat-resources:1.7.0	prod
:feature:settings:impl	transitive	androidx.appcompat:appcompat:1.7.0	dev
:feature:settings:impl	transitive	androidx.arch.core:core-common:2.2.0	dev
:feature:settings:impl	transitive	androidx.arch.core:core-common:2.2.0	prod
:feature:settings:impl	transitive	androidx.arch.core:core-runtime:2.2.0	dev
:feature:settings:impl	transitive	androidx.arch.core:core-runtime:2.2.0	prod
:feature:settings:impl	transitive	androidx.autofill:autofill:1.0.0	dev
:feature:settings:impl	transitive	androidx.autofill:autofill:1.0.0	prod
:feature:settings:impl	transitive	androidx.browser:browser:1.8.0	dev
:feature:settings:impl	transitive	androidx.browser:browser:1.8.0	prod
:feature:settings:impl	transitive	androidx.collection:collection-jvm:1.5.0	dev
:feature:settings:impl	transitive	androidx.collection:collection-jvm:1.5.0	prod
:feature:settings:impl	transitive	androidx.collection:collection-ktx:1.5.0	dev
:feature:settings:impl	transitive	androidx.collection:collection-ktx:1.5.0	prod
:feature:settings:impl	transitive	androidx.collection:collection:1.5.0	dev
:feature:settings:impl	transitive	androidx.collection:collection:1.5.0	prod
:feature:settings:impl	transitive	androidx.compose.animation:animation-android:1.10.0-alpha04	dev
:feature:settings:impl	transitive	androidx.compose.animation:animation-android:1.10.0-alpha04	prod
:feature:settings:impl	transitive	androidx.compose.animation:animation-core-android:1.10.0-alpha04	dev
:feature:settings:impl	transitive	androidx.compose.animation:animation-core-android:1.10.0-alpha04	prod
:feature:settings:impl	transitive	androidx.compose.animation:animation-core:1.10.0-alpha04	dev
:feature:settings:impl	transitive	androidx.compose.animation:animation-core:1.10.0-alpha04	prod
:feature:settings:impl	transitive	androidx.compose.animation:animation:1.10.0-alpha04	dev
:feature:settings:impl	transitive	androidx.compose.animation:animation:1.10.0-alpha04	prod
:feature:settings:impl	transitive	androidx.compose.foundation:foundation-android:1.10.0-alpha04	dev
:feature:settings:impl	transitive	androidx.compose.foundation:foundation-android:1.10.0-alpha04	prod
:feature:settings:impl	transitive	androidx.compose.foundation:foundation-layout-android:1.10.0-alpha04	dev
:feature:settings:impl	transitive	androidx.compose.foundation:foundation-layout-android:1.10.0-alpha04	prod
:feature:settings:impl	transitive	androidx.compose.foundation:foundation-layout:1.10.0-alpha04	dev
:feature:settings:impl	transitive	androidx.compose.foundation:foundation-layout:1.10.0-alpha04	prod
:feature:settings:impl	transitive	androidx.compose.foundation:foundation:1.10.0-alpha04	dev
:feature:settings:impl	transitive	androidx.compose.foundation:foundation:1.10.0-alpha04	prod
:feature:settings:impl	transitive	androidx.compose.material3.adaptive:adaptive-android:1.2.0-beta03	dev
:feature:settings:impl	transitive	androidx.compose.material3.adaptive:adaptive-android:1.2.0-beta03	prod
:feature:settings:impl	transitive	androidx.compose.material3.adaptive:adaptive:1.2.0-beta03	dev
:feature:settings:impl	transitive	androidx.compose.material3.adaptive:adaptive:1.2.0-beta03	prod
:feature:settings:impl	transitive	androidx.compose.material3:material3-adaptive-navigation-suite-android:1.5.0-alpha04	dev
:feature:settings:impl	transitive	androidx.compose.material3:material3-adaptive-navigation-suite-android:1.5.0-alpha04	prod
:feature:settings:impl	transitive	androidx.compose.material3:material3-adaptive-navigation-suite:1.5.0-alpha04	dev
:feature:settings:impl	transitive	androidx.compose.material3:material3-adaptive-navigation-suite:1.5.0-alpha04	prod
:feature:settings:impl	transitive	androidx.compose.material3:material3-android:1.5.0-alpha04	dev
:feature:settings:impl	transitive	androidx.compose.material3:material3-android:1.5.0-alpha04	prod
:feature:settings:impl	transitive	androidx.compose.material3:material3:1.5.0-alpha04	dev
:feature:settings:impl	transitive	androidx.compose.material3:material3:1.5.0-alpha04	prod
:feature:settings:impl	transitive	androidx.compose.material:material-android:1.10.0-alpha04	dev
:feature:settings:impl	transitive	androidx.compose.material:material-android:1.10.0-alpha04	prod
:feature:settings:impl	transitive	androidx.compose.material:material-icons-core-android:1.7.8	dev
:feature:settings:impl	transitive	androidx.compose.material:material-icons-core-android:1.7.8	prod
:feature:settings:impl	transitive	androidx.compose.material:material-icons-core:1.7.8	dev
:feature:settings:impl	transitive	androidx.compose.material:material-icons-core:1.7.8	prod
:feature:settings:impl	transitive	androidx.compose.material:material-icons-extended-android:1.7.8	dev
:feature:settings:impl	transitive	androidx.compose.material:material-icons-extended-android:1.7.8	prod
:feature:settings:impl	transitive	androidx.compose.material:material-icons-extended:1.7.8	dev
:feature:settings:impl	transitive	androidx.compose.material:material-icons-extended:1.7.8	prod
:feature:settings:impl	transitive	androidx.compose.material:material-ripple-android:1.10.0-alpha04	dev
:feature:settings:impl	transitive	androidx.compose.material:material-ripple-android:1.10.0-alpha04	prod
:feature:settings:impl	transitive	androidx.compose.material:material-ripple:1.10.0-alpha04	dev
:feature:settings:impl	transitive	androidx.compose.material:material-ripple:1.10.0-alpha04	prod
:feature:settings:impl	transitive	androidx.compose.material:material:1.10.0-alpha04	dev
:feature:settings:impl	transitive	androidx.compose.material:material:1.10.0-alpha04	prod
:feature:settings:impl	transitive	androidx.compose.runtime:runtime-android:1.10.0-alpha04	dev
:feature:settings:impl	transitive	androidx.compose.runtime:runtime-android:1.10.0-alpha04	prod
:feature:settings:impl	transitive	androidx.compose.runtime:runtime-annotation-android:1.10.0-alpha04	dev
:feature:settings:impl	transitive	androidx.compose.runtime:runtime-annotation-android:1.10.0-alpha04	prod
:feature:settings:impl	transitive	androidx.compose.runtime:runtime-annotation:1.10.0-alpha04	dev
:feature:settings:impl	transitive	androidx.compose.runtime:runtime-annotation:1.10.0-alpha04	prod
:feature:settings:impl	transitive	androidx.compose.runtime:runtime-retain-android:1.10.0-alpha04	dev
:feature:settings:impl	transitive	androidx.compose.runtime:runtime-retain-android:1.10.0-alpha04	prod
:feature:settings:impl	transitive	androidx.compose.runtime:runtime-retain:1.10.0-alpha04	dev
:feature:settings:impl	transitive	androidx.compose.runtime:runtime-retain:1.10.0-alpha04	prod
:feature:settings:impl	transitive	androidx.compose.runtime:runtime-saveable-android:1.10.0-alpha04	dev
:feature:settings:impl	transitive	androidx.compose.runtime:runtime-saveable-android:1.10.0-alpha04	prod
:feature:settings:impl	transitive	androidx.compose.runtime:runtime-saveable:1.10.0-alpha04	dev
:feature:settings:impl	transitive	androidx.compose.runtime:runtime-saveable:1.10.0-alpha04	prod
:feature:settings:impl	transitive	androidx.compose.runtime:runtime:1.10.0-alpha04	dev
:feature:settings:impl	transitive	androidx.compose.runtime:runtime:1.10.0-alpha04	prod
:feature:settings:impl	transitive	androidx.compose.ui:ui-android:1.10.0-alpha04	dev
:feature:settings:impl	transitive	androidx.compose.ui:ui-android:1.10.0-alpha04	prod
:feature:settings:impl	transitive	androidx.compose.ui:ui-geometry-android:1.10.0-alpha04	dev
:feature:settings:impl	transitive	androidx.compose.ui:ui-geometry-android:1.10.0-alpha04	prod
:feature:settings:impl	transitive	androidx.compose.ui:ui-geometry:1.10.0-alpha04	dev
:feature:settings:impl	transitive	androidx.compose.ui:ui-geometry:1.10.0-alpha04	prod
:feature:settings:impl	transitive	androidx.compose.ui:ui-graphics-android:1.10.0-alpha04	dev
:feature:settings:impl	transitive	androidx.compose.ui:ui-graphics-android:1.10.0-alpha04	prod
:feature:settings:impl	transitive	androidx.compose.ui:ui-graphics:1.10.0-alpha04	dev
:feature:settings:impl	transitive	androidx.compose.ui:ui-graphics:1.10.0-alpha04	prod
:feature:settings:impl	transitive	androidx.compose.ui:ui-test-android:1.10.0-alpha04	dev
:feature:settings:impl	transitive	androidx.compose.ui:ui-test-junit4-android:1.10.0-alpha04	dev
:feature:settings:impl	transitive	androidx.compose.ui:ui-test:1.10.0-alpha04	dev
:feature:settings:impl	transitive	androidx.compose.ui:ui-text-android:1.10.0-alpha04	dev
:feature:settings:impl	transitive	androidx.compose.ui:ui-text-android:1.10.0-alpha04	prod
:feature:settings:impl	transitive	androidx.compose.ui:ui-text:1.10.0-alpha04	dev
:feature:settings:impl	transitive	androidx.compose.ui:ui-text:1.10.0-alpha04	prod
:feature:settings:impl	transitive	androidx.compose.ui:ui-tooling-android:1.10.0-alpha04	dev
:feature:settings:impl	transitive	androidx.compose.ui:ui-tooling-android:1.10.0-alpha04	prod
:feature:settings:impl	transitive	androidx.compose.ui:ui-tooling-data-android:1.10.0-alpha04	dev
:feature:settings:impl	transitive	androidx.compose.ui:ui-tooling-data-android:1.10.0-alpha04	prod
:feature:settings:impl	transitive	androidx.compose.ui:ui-tooling-data:1.10.0-alpha04	dev
:feature:settings:impl	transitive	androidx.compose.ui:ui-tooling-data:1.10.0-alpha04	prod
:feature:settings:impl	transitive	androidx.compose.ui:ui-tooling-preview-android:1.10.0-alpha04	dev
:feature:settings:impl	transitive	androidx.compose.ui:ui-tooling-preview-android:1.10.0-alpha04	prod
:feature:settings:impl	transitive	androidx.compose.ui:ui-tooling-preview:1.10.0-alpha04	dev
:feature:settings:impl	transitive	androidx.compose.ui:ui-tooling:1.10.0-alpha04	dev
:feature:settings:impl	transitive	androidx.compose.ui:ui-unit-android:1.10.0-alpha04	dev
:feature:settings:impl	transitive	androidx.compose.ui:ui-unit-android:1.10.0-alpha04	prod
:feature:settings:impl	transitive	androidx.compose.ui:ui-unit:1.10.0-alpha04	dev
:feature:settings:impl	transitive	androidx.compose.ui:ui-unit:1.10.0-alpha04	prod
:feature:settings:impl	transitive	androidx.compose.ui:ui-util-android:1.10.0-alpha04	dev
:feature:settings:impl	transitive	androidx.compose.ui:ui-util-android:1.10.0-alpha04	prod
:feature:settings:impl	transitive	androidx.compose.ui:ui-util:1.10.0-alpha04	dev
:feature:settings:impl	transitive	androidx.compose.ui:ui-util:1.10.0-alpha04	prod
:feature:settings:impl	transitive	androidx.compose.ui:ui:1.10.0-alpha04	dev
:feature:settings:impl	transitive	androidx.compose.ui:ui:1.10.0-alpha04	prod
:feature:settings:impl	transitive	androidx.compose:compose-bom-alpha:2025.09.01	dev
:feature:settings:impl	transitive	androidx.concurrent:concurrent-futures:1.1.0	dev
:feature:settings:impl	transitive	androidx.concurrent:concurrent-futures:1.1.0	prod
:feature:settings:impl	transitive	androidx.core:core-ktx:1.16.0	dev
:feature:settings:impl	transitive	androidx.core:core-ktx:1.16.0	prod
:feature:settings:impl	transitive	androidx.core:core-ktx:1.2.0	dev
:feature:settings:impl	transitive	androidx.core:core-ktx:1.2.0	prod
:feature:settings:impl	transitive	androidx.core:core-viewtree:1.0.0	dev
:feature:settings:impl	transitive	androidx.core:core-viewtree:1.0.0	prod
:feature:settings:impl	transitive	androidx.core:core:1.13.0	dev
:feature:settings:impl	transitive	androidx.core:core:1.13.0	prod
:feature:settings:impl	transitive	androidx.core:core:1.16.0	dev
:feature:settings:impl	transitive	androidx.core:core:1.16.0	prod
:feature:settings:impl	transitive	androidx.cursoradapter:cursoradapter:1.0.0	dev
:feature:settings:impl	transitive	androidx.cursoradapter:cursoradapter:1.0.0	prod
:feature:settings:impl	transitive	androidx.customview:customview-poolingcontainer:1.0.0	dev
:feature:settings:impl	transitive	androidx.customview:customview-poolingcontainer:1.0.0	prod
:feature:settings:impl	transitive	androidx.customview:customview:1.0.0	dev
:feature:settings:impl	transitive	androidx.customview:customview:1.0.0	prod
:feature:settings:impl	transitive	androidx.datastore:datastore-android:1.2.0	dev
:feature:settings:impl	transitive	androidx.datastore:datastore-android:1.2.0	prod
:feature:settings:impl	transitive	androidx.datastore:datastore-core-android:1.2.0	dev
:feature:settings:impl	transitive	androidx.datastore:datastore-core-android:1.2.0	prod
:feature:settings:impl	transitive	androidx.datastore:datastore-core-okio-jvm:1.2.0	dev
:feature:settings:impl	transitive	androidx.datastore:datastore-core-okio-jvm:1.2.0	prod
:feature:settings:impl	transitive	androidx.datastore:datastore-core-okio:1.2.0	dev
:feature:settings:impl	transitive	androidx.datastore:datastore-core-okio:1.2.0	prod
:feature:settings:impl	transitive	androidx.datastore:datastore-core:1.2.0	dev
:feature:settings:impl	transitive	androidx.datastore:datastore-core:1.2.0	prod
:feature:settings:impl	transitive	androidx.datastore:datastore:1.2.0	dev
:feature:settings:impl	transitive	androidx.datastore:datastore:1.2.0	prod
:feature:settings:impl	transitive	androidx.documentfile:documentfile:1.0.0	dev
:feature:settings:impl	transitive	androidx.documentfile:documentfile:1.0.0	prod
:feature:settings:impl	transitive	androidx.drawerlayout:drawerlayout:1.0.0	dev
:feature:settings:impl	transitive	androidx.drawerlayout:drawerlayout:1.0.0	prod
:feature:settings:impl	transitive	androidx.dynamicanimation:dynamicanimation:1.0.0	dev
:feature:settings:impl	transitive	androidx.dynamicanimation:dynamicanimation:1.0.0	prod
:feature:settings:impl	transitive	androidx.emoji2:emoji2-views-helper:1.4.0	dev
:feature:settings:impl	transitive	androidx.emoji2:emoji2-views-helper:1.4.0	prod
:feature:settings:impl	transitive	androidx.emoji2:emoji2:1.4.0	dev
:feature:settings:impl	transitive	androidx.emoji2:emoji2:1.4.0	prod
:feature:settings:impl	transitive	androidx.exifinterface:exifinterface:1.3.7	dev
:feature:settings:impl	transitive	androidx.exifinterface:exifinterface:1.3.7	prod
:feature:settings:impl	transitive	androidx.fragment:fragment:1.5.4	dev
:feature:settings:impl	transitive	androidx.fragment:fragment:1.5.4	prod
:feature:settings:impl	transitive	androidx.graphics:graphics-path:1.0.1	dev
:feature:settings:impl	transitive	androidx.graphics:graphics-path:1.0.1	prod
:feature:settings:impl	transitive	androidx.graphics:graphics-shapes-android:1.0.1	dev
:feature:settings:impl	transitive	androidx.graphics:graphics-shapes-android:1.0.1	prod
:feature:settings:impl	transitive	androidx.graphics:graphics-shapes:1.0.1	dev
:feature:settings:impl	transitive	androidx.graphics:graphics-shapes:1.0.1	prod
:feature:settings:impl	transitive	androidx.hilt:hilt-lifecycle-viewmodel-compose:1.3.0-alpha02	dev
:feature:settings:impl	transitive	androidx.hilt:hilt-lifecycle-viewmodel:1.3.0-alpha02	dev
:feature:settings:impl	transitive	androidx.hilt:hilt-lifecycle-viewmodel:1.3.0-alpha02	prod
:feature:settings:impl	transitive	androidx.interpolator:interpolator:1.0.0	dev
:feature:settings:impl	transitive	androidx.interpolator:interpolator:1.0.0	prod
:feature:settings:impl	transitive	androidx.legacy:legacy-support-core-utils:1.0.0	dev
:feature:settings:impl	transitive	androidx.legacy:legacy-support-core-utils:1.0.0	prod
:feature:settings:impl	transitive	androidx.lifecycle:lifecycle-common-java8:2.10.0	dev
:feature:settings:impl	transitive	androidx.lifecycle:lifecycle-common-java8:2.10.0	prod
:feature:settings:impl	transitive	androidx.lifecycle:lifecycle-common-jvm:2.10.0	dev
:feature:settings:impl	transitive	androidx.lifecycle:lifecycle-common-jvm:2.10.0	prod
:feature:settings:impl	transitive	androidx.lifecycle:lifecycle-common:2.10.0	dev
:feature:settings:impl	transitive	androidx.lifecycle:lifecycle-common:2.10.0	prod
:feature:settings:impl	transitive	androidx.lifecycle:lifecycle-livedata-core-ktx:2.10.0	dev
:feature:settings:impl	transitive	androidx.lifecycle:lifecycle-livedata-core-ktx:2.10.0	prod
:feature:settings:impl	transitive	androidx.lifecycle:lifecycle-livedata-core:2.10.0	dev
:feature:settings:impl	transitive	androidx.lifecycle:lifecycle-livedata-core:2.10.0	prod
:feature:settings:impl	transitive	androidx.lifecycle:lifecycle-livedata:2.10.0	dev
:feature:settings:impl	transitive	androidx.lifecycle:lifecycle-livedata:2.10.0	prod
:feature:settings:impl	transitive	androidx.lifecycle:lifecycle-process:2.10.0	dev
:feature:settings:impl	transitive	androidx.lifecycle:lifecycle-process:2.10.0	prod
:feature:settings:impl	transitive	androidx.lifecycle:lifecycle-runtime-android:2.10.0	dev
:feature:settings:impl	transitive	androidx.lifecycle:lifecycle-runtime-android:2.10.0	prod
:feature:settings:impl	transitive	androidx.lifecycle:lifecycle-runtime-compose-android:2.10.0	dev
:feature:settings:impl	transitive	androidx.lifecycle:lifecycle-runtime-compose-android:2.10.0	prod
:feature:settings:impl	transitive	androidx.lifecycle:lifecycle-runtime-compose:2.10.0	dev
:feature:settings:impl	transitive	androidx.lifecycle:lifecycle-runtime-ktx-android:2.10.0	dev
:feature:settings:impl	transitive	androidx.lifecycle:lifecycle-runtime-ktx-android:2.10.0	prod
:feature:settings:impl	transitive	androidx.lifecycle:lifecycle-runtime-ktx:2.10.0	dev
:feature:settings:impl	transitive	androidx.lifecycle:lifecycle-runtime-ktx:2.10.0	prod
:feature:settings:impl	transitive	androidx.lifecycle:lifecycle-runtime-testing-android:2.10.0	dev
:feature:settings:impl	transitive	androidx.lifecycle:lifecycle-runtime:2.10.0	dev
:feature:settings:impl	transitive	androidx.lifecycle:lifecycle-runtime:2.10.0	prod
:feature:settings:impl	transitive	androidx.lifecycle:lifecycle-viewmodel-android:2.10.0	dev
:feature:settings:impl	transitive	androidx.lifecycle:lifecycle-viewmodel-android:2.10.0	prod
:feature:settings:impl	transitive	androidx.lifecycle:lifecycle-viewmodel-compose-android:2.10.0	dev
:feature:settings:impl	transitive	androidx.lifecycle:lifecycle-viewmodel-compose-android:2.10.0	prod
:feature:settings:impl	transitive	androidx.lifecycle:lifecycle-viewmodel-compose:2.10.0	dev
:feature:settings:impl	transitive	androidx.lifecycle:lifecycle-viewmodel-ktx:2.10.0	dev
:feature:settings:impl	transitive	androidx.lifecycle:lifecycle-viewmodel-ktx:2.10.0	prod
:feature:settings:impl	transitive	androidx.lifecycle:lifecycle-viewmodel-savedstate-android:2.10.0	dev
:feature:settings:impl	transitive	androidx.lifecycle:lifecycle-viewmodel-savedstate-android:2.10.0	prod
:feature:settings:impl	transitive	androidx.lifecycle:lifecycle-viewmodel-savedstate:2.10.0	dev
:feature:settings:impl	transitive	androidx.lifecycle:lifecycle-viewmodel-savedstate:2.10.0	prod
:feature:settings:impl	transitive	androidx.lifecycle:lifecycle-viewmodel:2.10.0	dev
:feature:settings:impl	transitive	androidx.lifecycle:lifecycle-viewmodel:2.10.0	prod
:feature:settings:impl	transitive	androidx.loader:loader:1.0.0	dev
:feature:settings:impl	transitive	androidx.loader:loader:1.0.0	prod
:feature:settings:impl	transitive	androidx.localbroadcastmanager:localbroadcastmanager:1.0.0	dev
:feature:settings:impl	transitive	androidx.localbroadcastmanager:localbroadcastmanager:1.0.0	prod
:feature:settings:impl	transitive	androidx.metrics:metrics-performance:1.0.0-beta01	dev
:feature:settings:impl	transitive	androidx.metrics:metrics-performance:1.0.0-beta01	prod
:feature:settings:impl	transitive	androidx.multidex:multidex:2.0.1	dev
:feature:settings:impl	transitive	androidx.navigation3:navigation3-runtime-android:1.0.0	dev
:feature:settings:impl	transitive	androidx.navigation3:navigation3-runtime-android:1.0.0	prod
:feature:settings:impl	transitive	androidx.navigation3:navigation3-runtime:1.0.0	dev
:feature:settings:impl	transitive	androidx.navigationevent:navigationevent-android:1.0.0	dev
:feature:settings:impl	transitive	androidx.navigationevent:navigationevent-android:1.0.0	prod
:feature:settings:impl	transitive	androidx.navigationevent:navigationevent:1.0.0	dev
:feature:settings:impl	transitive	androidx.navigationevent:navigationevent:1.0.0	prod
:feature:settings:impl	transitive	androidx.print:print:1.0.0	dev
:feature:settings:impl	transitive	androidx.print:print:1.0.0	prod
:feature:settings:impl	transitive	androidx.privacysandbox.ads:ads-adservices-java:1.0.0-beta05	dev
:feature:settings:impl	transitive	androidx.privacysandbox.ads:ads-adservices-java:1.0.0-beta05	prod
:feature:settings:impl	transitive	androidx.privacysandbox.ads:ads-adservices:1.0.0-beta05	dev
:feature:settings:impl	transitive	androidx.privacysandbox.ads:ads-adservices:1.0.0-beta05	prod
:feature:settings:impl	transitive	androidx.profileinstaller:profileinstaller:1.4.0	dev
:feature:settings:impl	transitive	androidx.profileinstaller:profileinstaller:1.4.0	prod
:feature:settings:impl	transitive	androidx.resourceinspection:resourceinspection-annotation:1.0.1	dev
:feature:settings:impl	transitive	androidx.resourceinspection:resourceinspection-annotation:1.0.1	prod
:feature:settings:impl	transitive	androidx.room:room-common-jvm:2.8.3	dev
:feature:settings:impl	transitive	androidx.room:room-common-jvm:2.8.3	prod
:feature:settings:impl	transitive	androidx.room:room-common:2.8.3	dev
:feature:settings:impl	transitive	androidx.room:room-common:2.8.3	prod
:feature:settings:impl	transitive	androidx.room:room-ktx:2.8.3	dev
:feature:settings:impl	transitive	androidx.room:room-ktx:2.8.3	prod
:feature:settings:impl	transitive	androidx.room:room-runtime-android:2.8.3	dev
:feature:settings:impl	transitive	androidx.room:room-runtime-android:2.8.3	prod
:feature:settings:impl	transitive	androidx.room:room-runtime:2.8.3	dev
:feature:settings:impl	transitive	androidx.room:room-runtime:2.8.3	prod
:feature:settings:impl	transitive	androidx.savedstate:savedstate-android:1.4.0	dev
:feature:settings:impl	transitive	androidx.savedstate:savedstate-android:1.4.0	prod
:feature:settings:impl	transitive	androidx.savedstate:savedstate-compose-android:1.4.0	dev
:feature:settings:impl	transitive	androidx.savedstate:savedstate-compose-android:1.4.0	prod
:feature:settings:impl	transitive	androidx.savedstate:savedstate-compose:1.4.0	dev
:feature:settings:impl	transitive	androidx.savedstate:savedstate-compose:1.4.0	prod
:feature:settings:impl	transitive	androidx.savedstate:savedstate-ktx:1.4.0	dev
:feature:settings:impl	transitive	androidx.savedstate:savedstate-ktx:1.4.0	prod
:feature:settings:impl	transitive	androidx.savedstate:savedstate:1.4.0	dev
:feature:settings:impl	transitive	androidx.savedstate:savedstate:1.4.0	prod
:feature:settings:impl	transitive	androidx.sqlite:sqlite-android:2.6.1	dev
:feature:settings:impl	transitive	androidx.sqlite:sqlite-android:2.6.1	prod
:feature:settings:impl	transitive	androidx.sqlite:sqlite-framework-android:2.6.1	dev
:feature:settings:impl	transitive	androidx.sqlite:sqlite-framework-android:2.6.1	prod
:feature:settings:impl	transitive	androidx.sqlite:sqlite-framework:2.6.1	dev
:feature:settings:impl	transitive	androidx.sqlite:sqlite-framework:2.6.1	prod
:feature:settings:impl	transitive	androidx.sqlite:sqlite:2.6.1	dev
:feature:settings:impl	transitive	androidx.sqlite:sqlite:2.6.1	prod
:feature:settings:impl	transitive	androidx.startup:startup-runtime:1.1.1	dev
:feature:settings:impl	transitive	androidx.startup:startup-runtime:1.1.1	prod
:feature:settings:impl	transitive	androidx.test.espresso:espresso-core:3.5.0	dev
:feature:settings:impl	transitive	androidx.test.espresso:espresso-idling-resource:3.5.0	dev
:feature:settings:impl	transitive	androidx.test.ext:junit:1.1.5	dev
:feature:settings:impl	transitive	androidx.test.services:storage:1.4.2	dev
:feature:settings:impl	transitive	androidx.test.services:storage:1.6.0-rc01	dev
:feature:settings:impl	transitive	androidx.test:annotation:1.0.1	dev
:feature:settings:impl	transitive	androidx.test:core:1.4.0	dev
:feature:settings:impl	transitive	androidx.test:core:1.5.0	dev
:feature:settings:impl	transitive	androidx.test:monitor:1.6.1	dev
:feature:settings:impl	transitive	androidx.test:monitor:1.8.0-rc01	dev
:feature:settings:impl	transitive	androidx.test:rules:1.7.0-rc01	dev
:feature:settings:impl	transitive	androidx.test:runner:1.5.0	dev
:feature:settings:impl	transitive	androidx.test:runner:1.7.0-rc01	dev
:feature:settings:impl	transitive	androidx.tracing:tracing-ktx:1.3.0-alpha02	dev
:feature:settings:impl	transitive	androidx.tracing:tracing:1.3.0-alpha02	dev
:feature:settings:impl	transitive	androidx.tracing:tracing:1.3.0-alpha02	prod
:feature:settings:impl	transitive	androidx.transition:transition:1.6.0	dev
:feature:settings:impl	transitive	androidx.transition:transition:1.6.0	prod
:feature:settings:impl	transitive	androidx.vectordrawable:vectordrawable-animated:1.1.0	dev
:feature:settings:impl	transitive	androidx.vectordrawable:vectordrawable-animated:1.1.0	prod
:feature:settings:impl	transitive	androidx.vectordrawable:vectordrawable:1.1.0	dev
:feature:settings:impl	transitive	androidx.vectordrawable:vectordrawable:1.1.0	prod
:feature:settings:impl	transitive	androidx.versionedparcelable:versionedparcelable:1.1.1	dev
:feature:settings:impl	transitive	androidx.versionedparcelable:versionedparcelable:1.1.1	prod
:feature:settings:impl	transitive	androidx.viewpager:viewpager:1.0.0	dev
:feature:settings:impl	transitive	androidx.viewpager:viewpager:1.0.0	prod
:feature:settings:impl	transitive	androidx.window:window-core-android:1.4.0	dev
:feature:settings:impl	transitive	androidx.window:window-core-android:1.4.0	prod
:feature:settings:impl	transitive	androidx.window:window-core:1.4.0	dev
:feature:settings:impl	transitive	androidx.window:window-core:1.4.0	prod
:feature:settings:impl	transitive	androidx.window:window:1.4.0	dev
:feature:settings:impl	transitive	androidx.window:window:1.4.0	prod
:feature:settings:impl	transitive	com.caverock:androidsvg-aar:1.4	dev
:feature:settings:impl	transitive	com.caverock:androidsvg-aar:1.4	prod
:feature:settings:impl	transitive	com.google.accompanist:accompanist-drawablepainter:0.32.0	dev
:feature:settings:impl	transitive	com.google.accompanist:accompanist-drawablepainter:0.32.0	prod
:feature:settings:impl	transitive	com.google.android.gms:play-services-ads-identifier:18.0.0	dev
:feature:settings:impl	transitive	com.google.android.gms:play-services-ads-identifier:18.0.0	prod
:feature:settings:impl	transitive	com.google.android.gms:play-services-base:18.5.0	dev
:feature:settings:impl	transitive	com.google.android.gms:play-services-base:18.5.0	prod
:feature:settings:impl	transitive	com.google.android.gms:play-services-basement:18.4.0	dev
:feature:settings:impl	transitive	com.google.android.gms:play-services-basement:18.4.0	prod
:feature:settings:impl	transitive	com.google.android.gms:play-services-measurement-api:22.1.2	dev
:feature:settings:impl	transitive	com.google.android.gms:play-services-measurement-api:22.1.2	prod
:feature:settings:impl	transitive	com.google.android.gms:play-services-measurement-base:22.1.2	dev
:feature:settings:impl	transitive	com.google.android.gms:play-services-measurement-base:22.1.2	prod
:feature:settings:impl	transitive	com.google.android.gms:play-services-measurement-impl:22.1.2	dev
:feature:settings:impl	transitive	com.google.android.gms:play-services-measurement-impl:22.1.2	prod
:feature:settings:impl	transitive	com.google.android.gms:play-services-measurement-sdk-api:22.1.2	dev
:feature:settings:impl	transitive	com.google.android.gms:play-services-measurement-sdk-api:22.1.2	prod
:feature:settings:impl	transitive	com.google.android.gms:play-services-measurement-sdk:22.1.2	dev
:feature:settings:impl	transitive	com.google.android.gms:play-services-measurement-sdk:22.1.2	prod
:feature:settings:impl	transitive	com.google.android.gms:play-services-measurement:22.1.2	dev
:feature:settings:impl	transitive	com.google.android.gms:play-services-measurement:22.1.2	prod
:feature:settings:impl	transitive	com.google.android.gms:play-services-oss-licenses:17.1.0	dev
:feature:settings:impl	transitive	com.google.android.gms:play-services-stats:17.0.2	dev
:feature:settings:impl	transitive	com.google.android.gms:play-services-stats:17.0.2	prod
:feature:settings:impl	transitive	com.google.android.gms:play-services-tasks:18.2.0	dev
:feature:settings:impl	transitive	com.google.android.gms:play-services-tasks:18.2.0	prod
:feature:settings:impl	transitive	com.google.code.findbugs:jsr305:3.0.2	dev
:feature:settings:impl	transitive	com.google.code.findbugs:jsr305:3.0.2	prod
:feature:settings:impl	transitive	com.google.dagger:dagger-lint-aar:2.59	dev
:feature:settings:impl	transitive	com.google.dagger:dagger-lint-aar:2.59	prod
:feature:settings:impl	transitive	com.google.dagger:dagger:2.59	dev
:feature:settings:impl	transitive	com.google.dagger:dagger:2.59	prod
:feature:settings:impl	transitive	com.google.dagger:hilt-android-testing:2.59	dev
:feature:settings:impl	transitive	com.google.dagger:hilt-android:2.59	dev
:feature:settings:impl	transitive	com.google.dagger:hilt-core:2.59	dev
:feature:settings:impl	transitive	com.google.dagger:hilt-core:2.59	prod
:feature:settings:impl	transitive	com.google.errorprone:error_prone_annotations:2.26.0	dev
:feature:settings:impl	transitive	com.google.errorprone:error_prone_annotations:2.26.0	prod
:feature:settings:impl	transitive	com.google.firebase:firebase-analytics:22.1.2	dev
:feature:settings:impl	transitive	com.google.firebase:firebase-analytics:22.1.2	prod
:feature:settings:impl	transitive	com.google.firebase:firebase-annotations:16.2.0	dev
:feature:settings:impl	transitive	com.google.firebase:firebase-annotations:16.2.0	prod
:feature:settings:impl	transitive	com.google.firebase:firebase-bom:33.7.0	dev
:feature:settings:impl	transitive	com.google.firebase:firebase-bom:33.7.0	prod
:feature:settings:impl	transitive	com.google.firebase:firebase-common-ktx:21.0.0	dev
:feature:settings:impl	transitive	com.google.firebase:firebase-common-ktx:21.0.0	prod
:feature:settings:impl	transitive	com.google.firebase:firebase-common:21.0.0	dev
:feature:settings:impl	transitive	com.google.firebase:firebase-common:21.0.0	prod
:feature:settings:impl	transitive	com.google.firebase:firebase-components:18.0.0	dev
:feature:settings:impl	transitive	com.google.firebase:firebase-components:18.0.0	prod
:feature:settings:impl	transitive	com.google.firebase:firebase-installations-interop:17.1.1	dev
:feature:settings:impl	transitive	com.google.firebase:firebase-installations-interop:17.1.1	prod
:feature:settings:impl	transitive	com.google.firebase:firebase-installations:18.0.0	dev
:feature:settings:impl	transitive	com.google.firebase:firebase-installations:18.0.0	prod
:feature:settings:impl	transitive	com.google.firebase:firebase-measurement-connector:19.0.0	dev
:feature:settings:impl	transitive	com.google.firebase:firebase-measurement-connector:19.0.0	prod
:feature:settings:impl	transitive	com.google.guava:failureaccess:1.0.1	dev
:feature:settings:impl	transitive	com.google.guava:failureaccess:1.0.1	prod
:feature:settings:impl	transitive	com.google.guava:guava:31.1-android	dev
:feature:settings:impl	transitive	com.google.guava:guava:31.1-android	prod
:feature:settings:impl	transitive	com.google.guava:listenablefuture:1.0	dev
:feature:settings:impl	transitive	com.google.guava:listenablefuture:1.0	prod
:feature:settings:impl	transitive	com.google.guava:listenablefuture:9999.0-empty-to-avoid-conflict-with-guava	dev
:feature:settings:impl	transitive	com.google.guava:listenablefuture:9999.0-empty-to-avoid-conflict-with-guava	prod
:feature:settings:impl	transitive	com.google.j2objc:j2objc-annotations:1.3	dev
:feature:settings:impl	transitive	com.google.j2objc:j2objc-annotations:1.3	prod
:feature:settings:impl	transitive	com.google.protobuf:protobuf-javalite:4.29.2	dev
:feature:settings:impl	transitive	com.google.protobuf:protobuf-javalite:4.29.2	prod
:feature:settings:impl	transitive	com.google.protobuf:protobuf-kotlin-lite:4.29.2	dev
:feature:settings:impl	transitive	com.google.protobuf:protobuf-kotlin-lite:4.29.2	prod
:feature:settings:impl	transitive	com.squareup.okhttp3:logging-interceptor:4.12.0	dev
:feature:settings:impl	transitive	com.squareup.okhttp3:logging-interceptor:4.12.0	prod
:feature:settings:impl	transitive	com.squareup.okhttp3:okhttp:4.12.0	dev
:feature:settings:impl	transitive	com.squareup.okhttp3:okhttp:4.12.0	prod
:feature:settings:impl	transitive	com.squareup.okio:okio-jvm:3.9.1	dev
:feature:settings:impl	transitive	com.squareup.okio:okio-jvm:3.9.1	prod
:feature:settings:impl	transitive	com.squareup.okio:okio:3.9.1	dev
:feature:settings:impl	transitive	com.squareup.okio:okio:3.9.1	prod
:feature:settings:impl	transitive	com.squareup.retrofit2:converter-kotlinx-serialization:2.11.0	dev
:feature:settings:impl	transitive	com.squareup.retrofit2:converter-kotlinx-serialization:2.11.0	prod
:feature:settings:impl	transitive	com.squareup.retrofit2:retrofit:2.11.0	dev
:feature:settings:impl	transitive	com.squareup.retrofit2:retrofit:2.11.0	prod
:feature:settings:impl	transitive	com.squareup:javawriter:2.1.1	dev
:feature:settings:impl	transitive	io.coil-kt:coil-base:2.7.0	dev
:feature:settings:impl	transitive	io.coil-kt:coil-base:2.7.0	prod
:feature:settings:impl	transitive	io.coil-kt:coil-compose-base:2.7.0	dev
:feature:settings:impl	transitive	io.coil-kt:coil-compose-base:2.7.0	prod
:feature:settings:impl	transitive	io.coil-kt:coil-compose:2.7.0	dev
:feature:settings:impl	transitive	io.coil-kt:coil-compose:2.7.0	prod
:feature:settings:impl	transitive	io.coil-kt:coil-svg:2.7.0	dev
:feature:settings:impl	transitive	io.coil-kt:coil-svg:2.7.0	prod
:feature:settings:impl	transitive	io.coil-kt:coil:2.7.0	dev
:feature:settings:impl	transitive	io.coil-kt:coil:2.7.0	prod
:feature:settings:impl	transitive	jakarta.inject:jakarta.inject-api:2.0.1	dev
:feature:settings:impl	transitive	jakarta.inject:jakarta.inject-api:2.0.1	prod
:feature:settings:impl	transitive	javax.inject:javax.inject:1	dev
:feature:settings:impl	transitive	javax.inject:javax.inject:1	prod
:feature:settings:impl	transitive	junit:junit:4.13.2	dev
:feature:settings:impl	transitive	org.checkerframework:checker-qual:3.12.0	dev
:feature:settings:impl	transitive	org.checkerframework:checker-qual:3.12.0	prod
:feature:settings:impl	transitive	org.hamcrest:hamcrest-core:1.3	dev
:feature:settings:impl	transitive	org.hamcrest:hamcrest-integration:1.3	dev
:feature:settings:impl	transitive	org.hamcrest:hamcrest-library:1.3	dev
:feature:settings:impl	transitive	org.jetbrains.kotlin:kotlin-stdlib-common:2.3.0	dev
:feature:settings:impl	transitive	org.jetbrains.kotlin:kotlin-stdlib-common:2.3.0	prod
:feature:settings:impl	transitive	org.jetbrains.kotlin:kotlin-stdlib-jdk7:1.9.0	dev
:feature:settings:impl	transitive	org.jetbrains.kotlin:kotlin-stdlib-jdk7:1.9.0	prod
:feature:settings:impl	transitive	org.jetbrains.kotlin:kotlin-stdlib-jdk8:1.9.0	dev
:feature:settings:impl	transitive	org.jetbrains.kotlin:kotlin-stdlib-jdk8:1.9.0	prod
:feature:settings:impl	transitive	org.jetbrains.kotlin:kotlin-stdlib:2.3.0	dev
:feature:settings:impl	transitive	org.jetbrains.kotlinx:kotlinx-coroutines-android:1.10.1	dev
:feature:settings:impl	transitive	org.jetbrains.kotlinx:kotlinx-coroutines-android:1.10.1	prod
:feature:settings:impl	transitive	org.jetbrains.kotlinx:kotlinx-coroutines-android:1.9.0	dev
:feature:settings:impl	transitive	org.jetbrains.kotlinx:kotlinx-coroutines-android:1.9.0	prod
:feature:settings:impl	transitive	org.jetbrains.kotlinx:kotlinx-coroutines-bom:1.10.1	dev
:feature:settings:impl	transitive	org.jetbrains.kotlinx:kotlinx-coroutines-bom:1.10.1	prod
:feature:settings:impl	transitive	org.jetbrains.kotlinx:kotlinx-coroutines-bom:1.9.0	dev
:feature:settings:impl	transitive	org.jetbrains.kotlinx:kotlinx-coroutines-bom:1.9.0	prod
:feature:settings:impl	transitive	org.jetbrains.kotlinx:kotlinx-coroutines-core-jvm:1.10.1	dev
:feature:settings:impl	transitive	org.jetbrains.kotlinx:kotlinx-coroutines-core-jvm:1.10.1	prod
:feature:settings:impl	transitive	org.jetbrains.kotlinx:kotlinx-coroutines-core-jvm:1.9.0	dev
:feature:settings:impl	transitive	org.jetbrains.kotlinx:kotlinx-coroutines-core-jvm:1.9.0	prod
:feature:settings:impl	transitive	org.jetbrains.kotlinx:kotlinx-coroutines-core:1.10.1	dev
:feature:settings:impl	transitive	org.jetbrains.kotlinx:kotlinx-coroutines-core:1.10.1	prod
:feature:settings:impl	transitive	org.jetbrains.kotlinx:kotlinx-coroutines-core:1.9.0	dev
:feature:settings:impl	transitive	org.jetbrains.kotlinx:kotlinx-coroutines-core:1.9.0	prod
:feature:settings:impl	transitive	org.jetbrains.kotlinx:kotlinx-coroutines-play-services:1.10.1	dev
:feature:settings:impl	transitive	org.jetbrains.kotlinx:kotlinx-coroutines-play-services:1.10.1	prod
:feature:settings:impl	transitive	org.jetbrains.kotlinx:kotlinx-coroutines-test-jvm:1.10.1	dev
:feature:settings:impl	transitive	org.jetbrains.kotlinx:kotlinx-coroutines-test-jvm:1.9.0	dev
:feature:settings:impl	transitive	org.jetbrains.kotlinx:kotlinx-coroutines-test:1.10.1	dev
:feature:settings:impl	transitive	org.jetbrains.kotlinx:kotlinx-coroutines-test:1.9.0	dev
:feature:settings:impl	transitive	org.jetbrains.kotlinx:kotlinx-datetime-jvm:0.6.1	dev
:feature:settings:impl	transitive	org.jetbrains.kotlinx:kotlinx-datetime-jvm:0.6.1	prod
:feature:settings:impl	transitive	org.jetbrains.kotlinx:kotlinx-datetime:0.6.1	dev
:feature:settings:impl	transitive	org.jetbrains.kotlinx:kotlinx-datetime:0.6.1	prod
:feature:settings:impl	transitive	org.jetbrains.kotlinx:kotlinx-serialization-bom:1.7.3	dev
:feature:settings:impl	transitive	org.jetbrains.kotlinx:kotlinx-serialization-bom:1.7.3	prod
:feature:settings:impl	transitive	org.jetbrains.kotlinx:kotlinx-serialization-bom:1.8.0	dev
:feature:settings:impl	transitive	org.jetbrains.kotlinx:kotlinx-serialization-bom:1.8.0	prod
:feature:settings:impl	transitive	org.jetbrains.kotlinx:kotlinx-serialization-core-jvm:1.7.3	dev
:feature:settings:impl	transitive	org.jetbrains.kotlinx:kotlinx-serialization-core-jvm:1.7.3	prod
:feature:settings:impl	transitive	org.jetbrains.kotlinx:kotlinx-serialization-core-jvm:1.8.0	dev
:feature:settings:impl	transitive	org.jetbrains.kotlinx:kotlinx-serialization-core-jvm:1.8.0	prod
:feature:settings:impl	transitive	org.jetbrains.kotlinx:kotlinx-serialization-core:1.7.3	dev
:feature:settings:impl	transitive	org.jetbrains.kotlinx:kotlinx-serialization-core:1.7.3	prod
:feature:settings:impl	transitive	org.jetbrains.kotlinx:kotlinx-serialization-core:1.8.0	dev
:feature:settings:impl	transitive	org.jetbrains.kotlinx:kotlinx-serialization-core:1.8.0	prod
:feature:settings:impl	transitive	org.jetbrains.kotlinx:kotlinx-serialization-json-jvm:1.8.0	dev
:feature:settings:impl	transitive	org.jetbrains.kotlinx:kotlinx-serialization-json-jvm:1.8.0	prod
:feature:settings:impl	transitive	org.jetbrains.kotlinx:kotlinx-serialization-json:1.8.0	dev
:feature:settings:impl	transitive	org.jetbrains.kotlinx:kotlinx-serialization-json:1.8.0	prod
:feature:settings:impl	transitive	org.jetbrains:annotations:23.0.0	dev
:feature:settings:impl	transitive	org.jetbrains:annotations:23.0.0	prod
:feature:settings:impl	transitive	org.jspecify:jspecify:1.0.0	dev
:feature:settings:impl	transitive	org.jspecify:jspecify:1.0.0	prod
:feature:topic:api	direct	androidx.compose.ui:ui-tooling-preview:1.10.0-alpha04	dev
:feature:topic:api	direct	androidx.compose.ui:ui-tooling-preview:1.10.0-alpha04	prod
:feature:topic:api	direct	androidx.compose.ui:ui-tooling:1.10.0-alpha04	dev
:feature:topic:api	direct	androidx.compose.ui:ui-tooling:1.10.0-alpha04	prod
:feature:topic:api	direct	androidx.compose:compose-bom-alpha:2025.09.01	dev
:feature:topic:api	direct	androidx.compose:compose-bom-alpha:2025.09.01	prod
:feature:topic:api	direct	androidx.hilt:hilt-lifecycle-viewmodel-compose:1.3.0-alpha02	dev
:feature:topic:api	direct	androidx.hilt:hilt-lifecycle-viewmodel-compose:1.3.0-alpha02	prod
:feature:topic:api	direct	androidx.lifecycle:lifecycle-runtime-compose:2.10.0	dev
:feature:topic:api	direct	androidx.lifecycle:lifecycle-runtime-compose:2.10.0	prod
:feature:topic:api	direct	androidx.lifecycle:lifecycle-viewmodel-compose:2.10.0	dev
:feature:topic:api	direct	androidx.lifecycle:lifecycle-viewmodel-compose:2.10.0	prod
:feature:topic:api	direct	androidx.navigation3:navigation3-runtime:1.0.0	dev
:feature:topic:api	direct	androidx.navigation3:navigation3-runtime:1.0.0	prod
:feature:topic:api	direct	androidx.tracing:tracing-ktx:1.3.0-alpha02	dev
:feature:topic:api	direct	androidx.tracing:tracing-ktx:1.3.0-alpha02	prod
:feature:topic:api	direct	com.google.dagger:hilt-android:2.59	dev
:feature:topic:api	direct	com.google.dagger:hilt-android:2.59	prod
:feature:topic:api	direct	junit:junit:4.13.2	dev
:feature:topic:api	direct	org.jetbrains.kotlin:kotlin-stdlib:2.3.0	dev
:feature:topic:api	direct	org.jetbrains.kotlin:kotlin-stdlib:2.3.0	prod
:feature:topic:api	direct	org.jetbrains.kotlin:kotlin-test:2.3.0	dev
:feature:topic:api	transitive	androidx.activity:activity-compose:1.12.0	dev
:feature:topic:api	transitive	androidx.activity:activity-compose:1.12.0	prod
:feature:topic:api	transitive	androidx.activity:activity-ktx:1.12.0	dev
:feature:topic:api	transitive	androidx.activity:activity-ktx:1.12.0	prod
:feature:topic:api	transitive	androidx.activity:activity:1.12.0	dev
:feature:topic:api	transitive	androidx.activity:activity:1.12.0	prod
:feature:topic:api	transitive	androidx.activity:activity:1.5.1	dev
:feature:topic:api	transitive	androidx.activity:activity:1.5.1	prod
:feature:topic:api	transitive	androidx.annotation:annotation-experimental:1.5.1	dev
:feature:topic:api	transitive	androidx.annotation:annotation-experimental:1.5.1	prod
:feature:topic:api	transitive	androidx.annotation:annotation-jvm:1.9.1	dev
:feature:topic:api	transitive	androidx.annotation:annotation-jvm:1.9.1	prod
:feature:topic:api	transitive	androidx.annotation:annotation:1.9.1	dev
:feature:topic:api	transitive	androidx.annotation:annotation:1.9.1	prod
:feature:topic:api	transitive	androidx.appcompat:appcompat-resources:1.6.1	dev
:feature:topic:api	transitive	androidx.appcompat:appcompat-resources:1.6.1	prod
:feature:topic:api	transitive	androidx.arch.core:core-common:2.2.0	dev
:feature:topic:api	transitive	androidx.arch.core:core-common:2.2.0	prod
:feature:topic:api	transitive	androidx.arch.core:core-runtime:2.2.0	dev
:feature:topic:api	transitive	androidx.arch.core:core-runtime:2.2.0	prod
:feature:topic:api	transitive	androidx.autofill:autofill:1.0.0	dev
:feature:topic:api	transitive	androidx.autofill:autofill:1.0.0	prod
:feature:topic:api	transitive	androidx.browser:browser:1.8.0	dev
:feature:topic:api	transitive	androidx.browser:browser:1.8.0	prod
:feature:topic:api	transitive	androidx.collection:collection-jvm:1.5.0	dev
:feature:topic:api	transitive	androidx.collection:collection-jvm:1.5.0	prod
:feature:topic:api	transitive	androidx.collection:collection-ktx:1.5.0	dev
:feature:topic:api	transitive	androidx.collection:collection-ktx:1.5.0	prod
:feature:topic:api	transitive	androidx.collection:collection:1.5.0	dev
:feature:topic:api	transitive	androidx.collection:collection:1.5.0	prod
:feature:topic:api	transitive	androidx.compose.animation:animation-android:1.10.0-alpha04	dev
:feature:topic:api	transitive	androidx.compose.animation:animation-android:1.10.0-alpha04	prod
:feature:topic:api	transitive	androidx.compose.animation:animation-core-android:1.10.0-alpha04	dev
:feature:topic:api	transitive	androidx.compose.animation:animation-core-android:1.10.0-alpha04	prod
:feature:topic:api	transitive	androidx.compose.animation:animation-core:1.10.0-alpha04	dev
:feature:topic:api	transitive	androidx.compose.animation:animation-core:1.10.0-alpha04	prod
:feature:topic:api	transitive	androidx.compose.animation:animation:1.10.0-alpha04	dev
:feature:topic:api	transitive	androidx.compose.animation:animation:1.10.0-alpha04	prod
:feature:topic:api	transitive	androidx.compose.foundation:foundation-android:1.10.0-alpha04	dev
:feature:topic:api	transitive	androidx.compose.foundation:foundation-android:1.10.0-alpha04	prod
:feature:topic:api	transitive	androidx.compose.foundation:foundation-layout-android:1.10.0-alpha04	dev
:feature:topic:api	transitive	androidx.compose.foundation:foundation-layout-android:1.10.0-alpha04	prod
:feature:topic:api	transitive	androidx.compose.foundation:foundation-layout:1.10.0-alpha04	dev
:feature:topic:api	transitive	androidx.compose.foundation:foundation-layout:1.10.0-alpha04	prod
:feature:topic:api	transitive	androidx.compose.foundation:foundation:1.10.0-alpha04	dev
:feature:topic:api	transitive	androidx.compose.foundation:foundation:1.10.0-alpha04	prod
:feature:topic:api	transitive	androidx.compose.material3.adaptive:adaptive-android:1.2.0-beta03	dev
:feature:topic:api	transitive	androidx.compose.material3.adaptive:adaptive-android:1.2.0-beta03	prod
:feature:topic:api	transitive	androidx.compose.material3.adaptive:adaptive:1.2.0-beta03	dev
:feature:topic:api	transitive	androidx.compose.material3.adaptive:adaptive:1.2.0-beta03	prod
:feature:topic:api	transitive	androidx.compose.material3:material3-adaptive-navigation-suite-android:1.5.0-alpha04	dev
:feature:topic:api	transitive	androidx.compose.material3:material3-adaptive-navigation-suite-android:1.5.0-alpha04	prod
:feature:topic:api	transitive	androidx.compose.material3:material3-adaptive-navigation-suite:1.5.0-alpha04	dev
:feature:topic:api	transitive	androidx.compose.material3:material3-adaptive-navigation-suite:1.5.0-alpha04	prod
:feature:topic:api	transitive	androidx.compose.material3:material3-android:1.5.0-alpha04	dev
:feature:topic:api	transitive	androidx.compose.material3:material3-android:1.5.0-alpha04	prod
:feature:topic:api	transitive	androidx.compose.material3:material3:1.5.0-alpha04	dev
:feature:topic:api	transitive	androidx.compose.material3:material3:1.5.0-alpha04	prod
:feature:topic:api	transitive	androidx.compose.material:material-android:1.10.0-alpha04	dev
:feature:topic:api	transitive	androidx.compose.material:material-android:1.10.0-alpha04	prod
:feature:topic:api	transitive	androidx.compose.material:material-icons-core-android:1.7.8	dev
:feature:topic:api	transitive	androidx.compose.material:material-icons-core-android:1.7.8	prod
:feature:topic:api	transitive	androidx.compose.material:material-icons-core:1.7.8	dev
:feature:topic:api	transitive	androidx.compose.material:material-icons-core:1.7.8	prod
:feature:topic:api	transitive	androidx.compose.material:material-icons-extended-android:1.7.8	dev
:feature:topic:api	transitive	androidx.compose.material:material-icons-extended-android:1.7.8	prod
:feature:topic:api	transitive	androidx.compose.material:material-icons-extended:1.7.8	dev
:feature:topic:api	transitive	androidx.compose.material:material-icons-extended:1.7.8	prod
:feature:topic:api	transitive	androidx.compose.material:material-ripple-android:1.10.0-alpha04	dev
:feature:topic:api	transitive	androidx.compose.material:material-ripple-android:1.10.0-alpha04	prod
:feature:topic:api	transitive	androidx.compose.material:material-ripple:1.10.0-alpha04	dev
:feature:topic:api	transitive	androidx.compose.material:material-ripple:1.10.0-alpha04	prod
:feature:topic:api	transitive	androidx.compose.material:material:1.10.0-alpha04	dev
:feature:topic:api	transitive	androidx.compose.material:material:1.10.0-alpha04	prod
:feature:topic:api	transitive	androidx.compose.runtime:runtime-android:1.10.0-alpha04	dev
:feature:topic:api	transitive	androidx.compose.runtime:runtime-android:1.10.0-alpha04	prod
:feature:topic:api	transitive	androidx.compose.runtime:runtime-annotation-android:1.10.0-alpha04	dev
:feature:topic:api	transitive	androidx.compose.runtime:runtime-annotation-android:1.10.0-alpha04	prod
:feature:topic:api	transitive	androidx.compose.runtime:runtime-annotation:1.10.0-alpha04	dev
:feature:topic:api	transitive	androidx.compose.runtime:runtime-annotation:1.10.0-alpha04	prod
:feature:topic:api	transitive	androidx.compose.runtime:runtime-retain-android:1.10.0-alpha04	dev
:feature:topic:api	transitive	androidx.compose.runtime:runtime-retain-android:1.10.0-alpha04	prod
:feature:topic:api	transitive	androidx.compose.runtime:runtime-retain:1.10.0-alpha04	dev
:feature:topic:api	transitive	androidx.compose.runtime:runtime-retain:1.10.0-alpha04	prod
:feature:topic:api	transitive	androidx.compose.runtime:runtime-saveable-android:1.10.0-alpha04	dev
:feature:topic:api	transitive	androidx.compose.runtime:runtime-saveable-android:1.10.0-alpha04	prod
:feature:topic:api	transitive	androidx.compose.runtime:runtime-saveable:1.10.0-alpha04	dev
:feature:topic:api	transitive	androidx.compose.runtime:runtime-saveable:1.10.0-alpha04	prod
:feature:topic:api	transitive	androidx.compose.runtime:runtime:1.10.0-alpha04	dev
:feature:topic:api	transitive	androidx.compose.runtime:runtime:1.10.0-alpha04	prod
:feature:topic:api	transitive	androidx.compose.ui:ui-android:1.10.0-alpha04	dev
:feature:topic:api	transitive	androidx.compose.ui:ui-android:1.10.0-alpha04	prod
:feature:topic:api	transitive	androidx.compose.ui:ui-geometry-android:1.10.0-alpha04	dev
:feature:topic:api	transitive	androidx.compose.ui:ui-geometry-android:1.10.0-alpha04	prod
:feature:topic:api	transitive	androidx.compose.ui:ui-geometry:1.10.0-alpha04	dev
:feature:topic:api	transitive	androidx.compose.ui:ui-geometry:1.10.0-alpha04	prod
:feature:topic:api	transitive	androidx.compose.ui:ui-graphics-android:1.10.0-alpha04	dev
:feature:topic:api	transitive	androidx.compose.ui:ui-graphics-android:1.10.0-alpha04	prod
:feature:topic:api	transitive	androidx.compose.ui:ui-graphics:1.10.0-alpha04	dev
:feature:topic:api	transitive	androidx.compose.ui:ui-graphics:1.10.0-alpha04	prod
:feature:topic:api	transitive	androidx.compose.ui:ui-text-android:1.10.0-alpha04	dev
:feature:topic:api	transitive	androidx.compose.ui:ui-text-android:1.10.0-alpha04	prod
:feature:topic:api	transitive	androidx.compose.ui:ui-text:1.10.0-alpha04	dev
:feature:topic:api	transitive	androidx.compose.ui:ui-text:1.10.0-alpha04	prod
:feature:topic:api	transitive	androidx.compose.ui:ui-tooling-android:1.10.0-alpha04	dev
:feature:topic:api	transitive	androidx.compose.ui:ui-tooling-android:1.10.0-alpha04	prod
:feature:topic:api	transitive	androidx.compose.ui:ui-tooling-data-android:1.10.0-alpha04	dev
:feature:topic:api	transitive	androidx.compose.ui:ui-tooling-data-android:1.10.0-alpha04	prod
:feature:topic:api	transitive	androidx.compose.ui:ui-tooling-data:1.10.0-alpha04	dev
:feature:topic:api	transitive	androidx.compose.ui:ui-tooling-data:1.10.0-alpha04	prod
:feature:topic:api	transitive	androidx.compose.ui:ui-tooling-preview-android:1.10.0-alpha04	dev
:feature:topic:api	transitive	androidx.compose.ui:ui-tooling-preview-android:1.10.0-alpha04	prod
:feature:topic:api	transitive	androidx.compose.ui:ui-tooling-preview:1.10.0-alpha04	dev
:feature:topic:api	transitive	androidx.compose.ui:ui-tooling:1.10.0-alpha04	dev
:feature:topic:api	transitive	androidx.compose.ui:ui-unit-android:1.10.0-alpha04	dev
:feature:topic:api	transitive	androidx.compose.ui:ui-unit-android:1.10.0-alpha04	prod
:feature:topic:api	transitive	androidx.compose.ui:ui-unit:1.10.0-alpha04	dev
:feature:topic:api	transitive	androidx.compose.ui:ui-unit:1.10.0-alpha04	prod
:feature:topic:api	transitive	androidx.compose.ui:ui-util-android:1.10.0-alpha04	dev
:feature:topic:api	transitive	androidx.compose.ui:ui-util-android:1.10.0-alpha04	prod
:feature:topic:api	transitive	androidx.compose.ui:ui-util:1.10.0-alpha04	dev
:feature:topic:api	transitive	androidx.compose.ui:ui-util:1.10.0-alpha04	prod
:feature:topic:api	transitive	androidx.compose.ui:ui:1.10.0-alpha04	dev
:feature:topic:api	transitive	androidx.compose.ui:ui:1.10.0-alpha04	prod
:feature:topic:api	transitive	androidx.compose:compose-bom-alpha:2025.09.01	dev
:feature:topic:api	transitive	androidx.concurrent:concurrent-futures:1.1.0	dev
:feature:topic:api	transitive	androidx.concurrent:concurrent-futures:1.1.0	prod
:feature:topic:api	transitive	androidx.core:core-ktx:1.16.0	dev
:feature:topic:api	transitive	androidx.core:core-ktx:1.16.0	prod
:feature:topic:api	transitive	androidx.core:core-ktx:1.2.0	dev
:feature:topic:api	transitive	androidx.core:core-ktx:1.2.0	prod
:feature:topic:api	transitive	androidx.core:core-viewtree:1.0.0	dev
:feature:topic:api	transitive	androidx.core:core-viewtree:1.0.0	prod
:feature:topic:api	transitive	androidx.core:core:1.16.0	dev
:feature:topic:api	transitive	androidx.core:core:1.16.0	prod
:feature:topic:api	transitive	androidx.core:core:1.8.0	dev
:feature:topic:api	transitive	androidx.core:core:1.8.0	prod
:feature:topic:api	transitive	androidx.customview:customview-poolingcontainer:1.0.0	dev
:feature:topic:api	transitive	androidx.customview:customview-poolingcontainer:1.0.0	prod
:feature:topic:api	transitive	androidx.customview:customview:1.0.0	dev
:feature:topic:api	transitive	androidx.customview:customview:1.0.0	prod
:feature:topic:api	transitive	androidx.documentfile:documentfile:1.0.0	dev
:feature:topic:api	transitive	androidx.documentfile:documentfile:1.0.0	prod
:feature:topic:api	transitive	androidx.dynamicanimation:dynamicanimation:1.0.0	dev
:feature:topic:api	transitive	androidx.dynamicanimation:dynamicanimation:1.0.0	prod
:feature:topic:api	transitive	androidx.emoji2:emoji2:1.4.0	dev
:feature:topic:api	transitive	androidx.emoji2:emoji2:1.4.0	prod
:feature:topic:api	transitive	androidx.exifinterface:exifinterface:1.3.7	dev
:feature:topic:api	transitive	androidx.exifinterface:exifinterface:1.3.7	prod
:feature:topic:api	transitive	androidx.fragment:fragment:1.5.1	dev
:feature:topic:api	transitive	androidx.fragment:fragment:1.5.1	prod
:feature:topic:api	transitive	androidx.graphics:graphics-path:1.0.1	dev
:feature:topic:api	transitive	androidx.graphics:graphics-path:1.0.1	prod
:feature:topic:api	transitive	androidx.graphics:graphics-shapes-android:1.0.1	dev
:feature:topic:api	transitive	androidx.graphics:graphics-shapes-android:1.0.1	prod
:feature:topic:api	transitive	androidx.graphics:graphics-shapes:1.0.1	dev
:feature:topic:api	transitive	androidx.graphics:graphics-shapes:1.0.1	prod
:feature:topic:api	transitive	androidx.hilt:hilt-lifecycle-viewmodel-compose:1.3.0-alpha02	dev
:feature:topic:api	transitive	androidx.hilt:hilt-lifecycle-viewmodel:1.3.0-alpha02	dev
:feature:topic:api	transitive	androidx.hilt:hilt-lifecycle-viewmodel:1.3.0-alpha02	prod
:feature:topic:api	transitive	androidx.interpolator:interpolator:1.0.0	dev
:feature:topic:api	transitive	androidx.interpolator:interpolator:1.0.0	prod
:feature:topic:api	transitive	androidx.legacy:legacy-support-core-utils:1.0.0	dev
:feature:topic:api	transitive	androidx.legacy:legacy-support-core-utils:1.0.0	prod
:feature:topic:api	transitive	androidx.lifecycle:lifecycle-common-java8:2.10.0	dev
:feature:topic:api	transitive	androidx.lifecycle:lifecycle-common-java8:2.10.0	prod
:feature:topic:api	transitive	androidx.lifecycle:lifecycle-common-jvm:2.10.0	dev
:feature:topic:api	transitive	androidx.lifecycle:lifecycle-common-jvm:2.10.0	prod
:feature:topic:api	transitive	androidx.lifecycle:lifecycle-common:2.10.0	dev
:feature:topic:api	transitive	androidx.lifecycle:lifecycle-common:2.10.0	prod
:feature:topic:api	transitive	androidx.lifecycle:lifecycle-livedata-core-ktx:2.10.0	dev
:feature:topic:api	transitive	androidx.lifecycle:lifecycle-livedata-core-ktx:2.10.0	prod
:feature:topic:api	transitive	androidx.lifecycle:lifecycle-livedata-core:2.10.0	dev
:feature:topic:api	transitive	androidx.lifecycle:lifecycle-livedata-core:2.10.0	prod
:feature:topic:api	transitive	androidx.lifecycle:lifecycle-livedata:2.10.0	dev
:feature:topic:api	transitive	androidx.lifecycle:lifecycle-livedata:2.10.0	prod
:feature:topic:api	transitive	androidx.lifecycle:lifecycle-process:2.10.0	dev
:feature:topic:api	transitive	androidx.lifecycle:lifecycle-process:2.10.0	prod
:feature:topic:api	transitive	androidx.lifecycle:lifecycle-runtime-android:2.10.0	dev
:feature:topic:api	transitive	androidx.lifecycle:lifecycle-runtime-android:2.10.0	prod
:feature:topic:api	transitive	androidx.lifecycle:lifecycle-runtime-compose-android:2.10.0	dev
:feature:topic:api	transitive	androidx.lifecycle:lifecycle-runtime-compose-android:2.10.0	prod
:feature:topic:api	transitive	androidx.lifecycle:lifecycle-runtime-compose:2.10.0	dev
:feature:topic:api	transitive	androidx.lifecycle:lifecycle-runtime-ktx-android:2.10.0	dev
:feature:topic:api	transitive	androidx.lifecycle:lifecycle-runtime-ktx-android:2.10.0	prod
:feature:topic:api	transitive	androidx.lifecycle:lifecycle-runtime-ktx:2.10.0	dev
:feature:topic:api	transitive	androidx.lifecycle:lifecycle-runtime-ktx:2.10.0	prod
:feature:topic:api	transitive	androidx.lifecycle:lifecycle-runtime:2.10.0	dev
:feature:topic:api	transitive	androidx.lifecycle:lifecycle-runtime:2.10.0	prod
:feature:topic:api	transitive	androidx.lifecycle:lifecycle-viewmodel-android:2.10.0	dev
:feature:topic:api	transitive	androidx.lifecycle:lifecycle-viewmodel-android:2.10.0	prod
:feature:topic:api	transitive	androidx.lifecycle:lifecycle-viewmodel-compose-android:2.10.0	dev
:feature:topic:api	transitive	androidx.lifecycle:lifecycle-viewmodel-compose-android:2.10.0	prod
:feature:topic:api	transitive	androidx.lifecycle:lifecycle-viewmodel-compose:2.10.0	dev
:feature:topic:api	transitive	androidx.lifecycle:lifecycle-viewmodel-ktx:2.10.0	dev
:feature:topic:api	transitive	androidx.lifecycle:lifecycle-viewmodel-ktx:2.10.0	prod
:feature:topic:api	transitive	androidx.lifecycle:lifecycle-viewmodel-navigation3-android:2.10.0	dev
:feature:topic:api	transitive	androidx.lifecycle:lifecycle-viewmodel-navigation3-android:2.10.0	prod
:feature:topic:api	transitive	androidx.lifecycle:lifecycle-viewmodel-navigation3:2.10.0	dev
:feature:topic:api	transitive	androidx.lifecycle:lifecycle-viewmodel-navigation3:2.10.0	prod
:feature:topic:api	transitive	androidx.lifecycle:lifecycle-viewmodel-savedstate-android:2.10.0	dev
:feature:topic:api	transitive	androidx.lifecycle:lifecycle-viewmodel-savedstate-android:2.10.0	prod
:feature:topic:api	transitive	androidx.lifecycle:lifecycle-viewmodel-savedstate:2.10.0	dev
:feature:topic:api	transitive	androidx.lifecycle:lifecycle-viewmodel-savedstate:2.10.0	prod
:feature:topic:api	transitive	androidx.lifecycle:lifecycle-viewmodel:2.10.0	dev
:feature:topic:api	transitive	androidx.lifecycle:lifecycle-viewmodel:2.10.0	prod
:feature:topic:api	transitive	androidx.loader:loader:1.0.0	dev
:feature:topic:api	transitive	androidx.loader:loader:1.0.0	prod
:feature:topic:api	transitive	androidx.localbroadcastmanager:localbroadcastmanager:1.0.0	dev
:feature:topic:api	transitive	androidx.localbroadcastmanager:localbroadcastmanager:1.0.0	prod
:feature:topic:api	transitive	androidx.metrics:metrics-performance:1.0.0-beta01	dev
:feature:topic:api	transitive	androidx.metrics:metrics-performance:1.0.0-beta01	prod
:feature:topic:api	transitive	androidx.navigation3:navigation3-runtime-android:1.0.0	dev
:feature:topic:api	transitive	androidx.navigation3:navigation3-runtime-android:1.0.0	prod
:feature:topic:api	transitive	androidx.navigation3:navigation3-runtime:1.0.0	dev
:feature:topic:api	transitive	androidx.navigationevent:navigationevent-android:1.0.0	dev
:feature:topic:api	transitive	androidx.navigationevent:navigationevent-android:1.0.0	prod
:feature:topic:api	transitive	androidx.navigationevent:navigationevent-compose-android:1.0.0	dev
:feature:topic:api	transitive	androidx.navigationevent:navigationevent-compose-android:1.0.0	prod
:feature:topic:api	transitive	androidx.navigationevent:navigationevent-compose:1.0.0	dev
:feature:topic:api	transitive	androidx.navigationevent:navigationevent-compose:1.0.0	prod
:feature:topic:api	transitive	androidx.navigationevent:navigationevent:1.0.0	dev
:feature:topic:api	transitive	androidx.navigationevent:navigationevent:1.0.0	prod
:feature:topic:api	transitive	androidx.print:print:1.0.0	dev
:feature:topic:api	transitive	androidx.print:print:1.0.0	prod
:feature:topic:api	transitive	androidx.privacysandbox.ads:ads-adservices-java:1.0.0-beta05	dev
:feature:topic:api	transitive	androidx.privacysandbox.ads:ads-adservices-java:1.0.0-beta05	prod
:feature:topic:api	transitive	androidx.privacysandbox.ads:ads-adservices:1.0.0-beta05	dev
:feature:topic:api	transitive	androidx.privacysandbox.ads:ads-adservices:1.0.0-beta05	prod
:feature:topic:api	transitive	androidx.profileinstaller:profileinstaller:1.4.0	dev
:feature:topic:api	transitive	androidx.profileinstaller:profileinstaller:1.4.0	prod
:feature:topic:api	transitive	androidx.savedstate:savedstate-android:1.4.0	dev
:feature:topic:api	transitive	androidx.savedstate:savedstate-android:1.4.0	prod
:feature:topic:api	transitive	androidx.savedstate:savedstate-compose-android:1.4.0	dev
:feature:topic:api	transitive	androidx.savedstate:savedstate-compose-android:1.4.0	prod
:feature:topic:api	transitive	androidx.savedstate:savedstate-compose:1.4.0	dev
:feature:topic:api	transitive	androidx.savedstate:savedstate-compose:1.4.0	prod
:feature:topic:api	transitive	androidx.savedstate:savedstate-ktx:1.4.0	dev
:feature:topic:api	transitive	androidx.savedstate:savedstate-ktx:1.4.0	prod
:feature:topic:api	transitive	androidx.savedstate:savedstate:1.4.0	dev
:feature:topic:api	transitive	androidx.savedstate:savedstate:1.4.0	prod
:feature:topic:api	transitive	androidx.startup:startup-runtime:1.1.1	dev
:feature:topic:api	transitive	androidx.startup:startup-runtime:1.1.1	prod
:feature:topic:api	transitive	androidx.tracing:tracing-ktx:1.3.0-alpha02	dev
:feature:topic:api	transitive	androidx.tracing:tracing:1.3.0-alpha02	dev
:feature:topic:api	transitive	androidx.tracing:tracing:1.3.0-alpha02	prod
:feature:topic:api	transitive	androidx.transition:transition:1.6.0	dev
:feature:topic:api	transitive	androidx.transition:transition:1.6.0	prod
:feature:topic:api	transitive	androidx.vectordrawable:vectordrawable-animated:1.1.0	dev
:feature:topic:api	transitive	androidx.vectordrawable:vectordrawable-animated:1.1.0	prod
:feature:topic:api	transitive	androidx.vectordrawable:vectordrawable:1.1.0	dev
:feature:topic:api	transitive	androidx.vectordrawable:vectordrawable:1.1.0	prod
:feature:topic:api	transitive	androidx.versionedparcelable:versionedparcelable:1.1.1	dev
:feature:topic:api	transitive	androidx.versionedparcelable:versionedparcelable:1.1.1	prod
:feature:topic:api	transitive	androidx.viewpager:viewpager:1.0.0	dev
:feature:topic:api	transitive	androidx.viewpager:viewpager:1.0.0	prod
:feature:topic:api	transitive	androidx.window:window-core-android:1.4.0	dev
:feature:topic:api	transitive	androidx.window:window-core-android:1.4.0	prod
:feature:topic:api	transitive	androidx.window:window-core:1.4.0	dev
:feature:topic:api	transitive	androidx.window:window-core:1.4.0	prod
:feature:topic:api	transitive	androidx.window:window:1.4.0	dev
:feature:topic:api	transitive	androidx.window:window:1.4.0	prod
:feature:topic:api	transitive	com.google.accompanist:accompanist-drawablepainter:0.32.0	dev
:feature:topic:api	transitive	com.google.accompanist:accompanist-drawablepainter:0.32.0	prod
:feature:topic:api	transitive	com.google.android.gms:play-services-ads-identifier:18.0.0	dev
:feature:topic:api	transitive	com.google.android.gms:play-services-ads-identifier:18.0.0	prod
:feature:topic:api	transitive	com.google.android.gms:play-services-base:18.5.0	dev
:feature:topic:api	transitive	com.google.android.gms:play-services-base:18.5.0	prod
:feature:topic:api	transitive	com.google.android.gms:play-services-basement:18.4.0	dev
:feature:topic:api	transitive	com.google.android.gms:play-services-basement:18.4.0	prod
:feature:topic:api	transitive	com.google.android.gms:play-services-measurement-api:22.1.2	dev
:feature:topic:api	transitive	com.google.android.gms:play-services-measurement-api:22.1.2	prod
:feature:topic:api	transitive	com.google.android.gms:play-services-measurement-base:22.1.2	dev
:feature:topic:api	transitive	com.google.android.gms:play-services-measurement-base:22.1.2	prod
:feature:topic:api	transitive	com.google.android.gms:play-services-measurement-impl:22.1.2	dev
:feature:topic:api	transitive	com.google.android.gms:play-services-measurement-impl:22.1.2	prod
:feature:topic:api	transitive	com.google.android.gms:play-services-measurement-sdk-api:22.1.2	dev
:feature:topic:api	transitive	com.google.android.gms:play-services-measurement-sdk-api:22.1.2	prod
:feature:topic:api	transitive	com.google.android.gms:play-services-measurement-sdk:22.1.2	dev
:feature:topic:api	transitive	com.google.android.gms:play-services-measurement-sdk:22.1.2	prod
:feature:topic:api	transitive	com.google.android.gms:play-services-measurement:22.1.2	dev
:feature:topic:api	transitive	com.google.android.gms:play-services-measurement:22.1.2	prod
:feature:topic:api	transitive	com.google.android.gms:play-services-stats:17.0.2	dev
:feature:topic:api	transitive	com.google.android.gms:play-services-stats:17.0.2	prod
:feature:topic:api	transitive	com.google.android.gms:play-services-tasks:18.2.0	dev
:feature:topic:api	transitive	com.google.android.gms:play-services-tasks:18.2.0	prod
:feature:topic:api	transitive	com.google.code.findbugs:jsr305:3.0.2	dev
:feature:topic:api	transitive	com.google.code.findbugs:jsr305:3.0.2	prod
:feature:topic:api	transitive	com.google.dagger:dagger-lint-aar:2.59	dev
:feature:topic:api	transitive	com.google.dagger:dagger-lint-aar:2.59	prod
:feature:topic:api	transitive	com.google.dagger:dagger:2.59	dev
:feature:topic:api	transitive	com.google.dagger:dagger:2.59	prod
:feature:topic:api	transitive	com.google.dagger:hilt-android:2.59	dev
:feature:topic:api	transitive	com.google.dagger:hilt-core:2.59	dev
:feature:topic:api	transitive	com.google.dagger:hilt-core:2.59	prod
:feature:topic:api	transitive	com.google.errorprone:error_prone_annotations:2.26.0	dev
:feature:topic:api	transitive	com.google.errorprone:error_prone_annotations:2.26.0	prod
:feature:topic:api	transitive	com.google.firebase:firebase-analytics:22.1.2	dev
:feature:topic:api	transitive	com.google.firebase:firebase-analytics:22.1.2	prod
:feature:topic:api	transitive	com.google.firebase:firebase-annotations:16.2.0	dev
:feature:topic:api	transitive	com.google.firebase:firebase-annotations:16.2.0	prod
:feature:topic:api	transitive	com.google.firebase:firebase-bom:33.7.0	dev
:feature:topic:api	transitive	com.google.firebase:firebase-bom:33.7.0	prod
:feature:topic:api	transitive	com.google.firebase:firebase-common-ktx:21.0.0	dev
:feature:topic:api	transitive	com.google.firebase:firebase-common-ktx:21.0.0	prod
:feature:topic:api	transitive	com.google.firebase:firebase-common:21.0.0	dev
:feature:topic:api	transitive	com.google.firebase:firebase-common:21.0.0	prod
:feature:topic:api	transitive	com.google.firebase:firebase-components:18.0.0	dev
:feature:topic:api	transitive	com.google.firebase:firebase-components:18.0.0	prod
:feature:topic:api	transitive	com.google.firebase:firebase-installations-interop:17.1.1	dev
:feature:topic:api	transitive	com.google.firebase:firebase-installations-interop:17.1.1	prod
:feature:topic:api	transitive	com.google.firebase:firebase-installations:18.0.0	dev
:feature:topic:api	transitive	com.google.firebase:firebase-installations:18.0.0	prod
:feature:topic:api	transitive	com.google.firebase:firebase-measurement-connector:19.0.0	dev
:feature:topic:api	transitive	com.google.firebase:firebase-measurement-connector:19.0.0	prod
:feature:topic:api	transitive	com.google.guava:failureaccess:1.0.1	dev
:feature:topic:api	transitive	com.google.guava:failureaccess:1.0.1	prod
:feature:topic:api	transitive	com.google.guava:guava:31.1-android	dev
:feature:topic:api	transitive	com.google.guava:guava:31.1-android	prod
:feature:topic:api	transitive	com.google.guava:listenablefuture:1.0	dev
:feature:topic:api	transitive	com.google.guava:listenablefuture:1.0	prod
:feature:topic:api	transitive	com.google.guava:listenablefuture:9999.0-empty-to-avoid-conflict-with-guava	dev
:feature:topic:api	transitive	com.google.guava:listenablefuture:9999.0-empty-to-avoid-conflict-with-guava	prod
:feature:topic:api	transitive	com.google.j2objc:j2objc-annotations:1.3	dev
:feature:topic:api	transitive	com.google.j2objc:j2objc-annotations:1.3	prod
:feature:topic:api	transitive	com.squareup.okhttp3:okhttp:4.12.0	dev
:feature:topic:api	transitive	com.squareup.okhttp3:okhttp:4.12.0	prod
:feature:topic:api	transitive	com.squareup.okio:okio-jvm:3.9.0	dev
:feature:topic:api	transitive	com.squareup.okio:okio-jvm:3.9.0	prod
:feature:topic:api	transitive	com.squareup.okio:okio:3.9.0	dev
:feature:topic:api	transitive	com.squareup.okio:okio:3.9.0	prod
:feature:topic:api	transitive	io.coil-kt:coil-base:2.7.0	dev
:feature:topic:api	transitive	io.coil-kt:coil-base:2.7.0	prod
:feature:topic:api	transitive	io.coil-kt:coil-compose-base:2.7.0	dev
:feature:topic:api	transitive	io.coil-kt:coil-compose-base:2.7.0	prod
:feature:topic:api	transitive	io.coil-kt:coil-compose:2.7.0	dev
:feature:topic:api	transitive	io.coil-kt:coil-compose:2.7.0	prod
:feature:topic:api	transitive	io.coil-kt:coil:2.7.0	dev
:feature:topic:api	transitive	io.coil-kt:coil:2.7.0	prod
:feature:topic:api	transitive	jakarta.inject:jakarta.inject-api:2.0.1	dev
:feature:topic:api	transitive	jakarta.inject:jakarta.inject-api:2.0.1	prod
:feature:topic:api	transitive	javax.inject:javax.inject:1	dev
:feature:topic:api	transitive	javax.inject:javax.inject:1	prod
:feature:topic:api	transitive	org.checkerframework:checker-qual:3.12.0	dev
:feature:topic:api	transitive	org.checkerframework:checker-qual:3.12.0	prod
:feature:topic:api	transitive	org.hamcrest:hamcrest-core:1.3	dev
:feature:topic:api	transitive	org.jetbrains.kotlin:kotlin-stdlib-common:2.3.0	dev
:feature:topic:api	transitive	org.jetbrains.kotlin:kotlin-stdlib-common:2.3.0	prod
:feature:topic:api	transitive	org.jetbrains.kotlin:kotlin-stdlib-jdk7:1.9.0	dev
:feature:topic:api	transitive	org.jetbrains.kotlin:kotlin-stdlib-jdk7:1.9.0	prod
:feature:topic:api	transitive	org.jetbrains.kotlin:kotlin-stdlib-jdk8:1.9.0	dev
:feature:topic:api	transitive	org.jetbrains.kotlin:kotlin-stdlib-jdk8:1.9.0	prod
:feature:topic:api	transitive	org.jetbrains.kotlin:kotlin-stdlib:2.3.0	dev
:feature:topic:api	transitive	org.jetbrains.kotlinx:kotlinx-coroutines-android:1.9.0	dev
:feature:topic:api	transitive	org.jetbrains.kotlinx:kotlinx-coroutines-android:1.9.0	prod
:feature:topic:api	transitive	org.jetbrains.kotlinx:kotlinx-coroutines-bom:1.9.0	dev
:feature:topic:api	transitive	org.jetbrains.kotlinx:kotlinx-coroutines-bom:1.9.0	prod
:feature:topic:api	transitive	org.jetbrains.kotlinx:kotlinx-coroutines-core-jvm:1.9.0	dev
:feature:topic:api	transitive	org.jetbrains.kotlinx:kotlinx-coroutines-core-jvm:1.9.0	prod
:feature:topic:api	transitive	org.jetbrains.kotlinx:kotlinx-coroutines-core:1.9.0	dev
:feature:topic:api	transitive	org.jetbrains.kotlinx:kotlinx-coroutines-core:1.9.0	prod
:feature:topic:api	transitive	org.jetbrains.kotlinx:kotlinx-coroutines-play-services:1.9.0	dev
:feature:topic:api	transitive	org.jetbrains.kotlinx:kotlinx-coroutines-play-services:1.9.0	prod
:feature:topic:api	transitive	org.jetbrains.kotlinx:kotlinx-datetime-jvm:0.6.1	dev
:feature:topic:api	transitive	org.jetbrains.kotlinx:kotlinx-datetime-jvm:0.6.1	prod
:feature:topic:api	transitive	org.jetbrains.kotlinx:kotlinx-datetime:0.6.1	dev
:feature:topic:api	transitive	org.jetbrains.kotlinx:kotlinx-datetime:0.6.1	prod
:feature:topic:api	transitive	org.jetbrains.kotlinx:kotlinx-serialization-bom:1.7.3	dev
:feature:topic:api	transitive	org.jetbrains.kotlinx:kotlinx-serialization-bom:1.7.3	prod
:feature:topic:api	transitive	org.jetbrains.kotlinx:kotlinx-serialization-core-jvm:1.7.3	dev
:feature:topic:api	transitive	org.jetbrains.kotlinx:kotlinx-serialization-core-jvm:1.7.3	prod
:feature:topic:api	transitive	org.jetbrains.kotlinx:kotlinx-serialization-core:1.7.3	dev
:feature:topic:api	transitive	org.jetbrains.kotlinx:kotlinx-serialization-core:1.7.3	prod
:feature:topic:api	transitive	org.jetbrains:annotations:23.0.0	dev
:feature:topic:api	transitive	org.jetbrains:annotations:23.0.0	prod
:feature:topic:api	transitive	org.jspecify:jspecify:1.0.0	dev
:feature:topic:api	transitive	org.jspecify:jspecify:1.0.0	prod
:feature:topic:impl	direct	androidx.compose.material3.adaptive:adaptive-navigation3:1.3.0-alpha04	dev
:feature:topic:impl	direct	androidx.compose.material3.adaptive:adaptive-navigation3:1.3.0-alpha04	prod
:feature:topic:impl	direct	androidx.compose.ui:ui-test-junit4:1.10.0-alpha04	dev
:feature:topic:impl	direct	androidx.compose.ui:ui-test-junit4:1.10.0-beta02	dev
:feature:topic:impl	direct	androidx.compose.ui:ui-test-manifest:1.10.0-alpha04	dev
:feature:topic:impl	direct	androidx.compose.ui:ui-test-manifest:1.10.0-beta02	dev
:feature:topic:impl	direct	androidx.compose.ui:ui-tooling-preview:1.10.0-alpha04	dev
:feature:topic:impl	direct	androidx.compose.ui:ui-tooling-preview:1.10.0-alpha04	prod
:feature:topic:impl	direct	androidx.compose.ui:ui-tooling-preview:1.10.0-beta02	prod
:feature:topic:impl	direct	androidx.compose.ui:ui-tooling:1.10.0-alpha04	dev
:feature:topic:impl	direct	androidx.compose.ui:ui-tooling:1.10.0-alpha04	prod
:feature:topic:impl	direct	androidx.compose.ui:ui-tooling:1.10.0-beta02	prod
:feature:topic:impl	direct	androidx.compose:compose-bom-alpha:2025.09.01	dev
:feature:topic:impl	direct	androidx.compose:compose-bom-alpha:2025.09.01	prod
:feature:topic:impl	direct	androidx.hilt:hilt-lifecycle-viewmodel-compose:1.3.0-alpha02	dev
:feature:topic:impl	direct	androidx.hilt:hilt-lifecycle-viewmodel-compose:1.3.0-alpha02	prod
:feature:topic:impl	direct	androidx.lifecycle:lifecycle-runtime-compose:2.10.0	dev
:feature:topic:impl	direct	androidx.lifecycle:lifecycle-runtime-compose:2.10.0	prod
:feature:topic:impl	direct	androidx.lifecycle:lifecycle-runtime-testing:2.10.0	dev
:feature:topic:impl	direct	androidx.lifecycle:lifecycle-viewmodel-compose:2.10.0	dev
:feature:topic:impl	direct	androidx.lifecycle:lifecycle-viewmodel-compose:2.10.0	prod
:feature:topic:impl	direct	androidx.navigation3:navigation3-runtime:1.0.0	dev
:feature:topic:impl	direct	androidx.navigation3:navigation3-runtime:1.0.0	prod
:feature:topic:impl	direct	androidx.tracing:tracing-ktx:1.3.0-alpha02	dev
:feature:topic:impl	direct	androidx.tracing:tracing-ktx:1.3.0-alpha02	prod
:feature:topic:impl	direct	com.google.dagger:hilt-android:2.59	dev
:feature:topic:impl	direct	com.google.dagger:hilt-android:2.59	prod
:feature:topic:impl	direct	junit:junit:4.13.2	dev
:feature:topic:impl	direct	org.jacoco:org.jacoco.agent:0.8.13	dev
:feature:topic:impl	direct	org.jetbrains.kotlin:kotlin-stdlib:2.3.0	dev
:feature:topic:impl	direct	org.jetbrains.kotlin:kotlin-stdlib:2.3.0	prod
:feature:topic:impl	direct	org.jetbrains.kotlin:kotlin-test:2.3.0	dev
:feature:topic:impl	direct	org.robolectric:robolectric:4.16	dev
:feature:topic:impl	transitive	androidx.activity:activity-compose:1.12.0	dev
:feature:topic:impl	transitive	androidx.activity:activity-compose:1.12.0	prod
:feature:topic:impl	transitive	androidx.activity:activity-ktx:1.12.0	dev
:feature:topic:impl	transitive	androidx.activity:activity-ktx:1.12.0	prod
:feature:topic:impl	transitive	androidx.activity:activity:1.12.0	dev
:feature:topic:impl	transitive	androidx.activity:activity:1.12.0	prod
:feature:topic:impl	transitive	androidx.annotation:annotation-experimental:1.5.1	dev
:feature:topic:impl	transitive	androidx.annotation:annotation-experimental:1.5.1	prod
:feature:topic:impl	transitive	androidx.annotation:annotation-jvm:1.9.1	dev
:feature:topic:impl	transitive	androidx.annotation:annotation-jvm:1.9.1	prod
:feature:topic:impl	transitive	androidx.annotation:annotation:1.9.1	dev
:feature:topic:impl	transitive	androidx.annotation:annotation:1.9.1	prod
:feature:topic:impl	transitive	androidx.appcompat:appcompat-resources:1.6.1	dev
:feature:topic:impl	transitive	androidx.appcompat:appcompat-resources:1.6.1	prod
:feature:topic:impl	transitive	androidx.arch.core:core-common:2.2.0	dev
:feature:topic:impl	transitive	androidx.arch.core:core-common:2.2.0	prod
:feature:topic:impl	transitive	androidx.arch.core:core-runtime:2.2.0	dev
:feature:topic:impl	transitive	androidx.arch.core:core-runtime:2.2.0	prod
:feature:topic:impl	transitive	androidx.autofill:autofill:1.0.0	dev
:feature:topic:impl	transitive	androidx.autofill:autofill:1.0.0	prod
:feature:topic:impl	transitive	androidx.browser:browser:1.8.0	dev
:feature:topic:impl	transitive	androidx.browser:browser:1.8.0	prod
:feature:topic:impl	transitive	androidx.collection:collection-jvm:1.5.0	dev
:feature:topic:impl	transitive	androidx.collection:collection-jvm:1.5.0	prod
:feature:topic:impl	transitive	androidx.collection:collection-ktx:1.5.0	dev
:feature:topic:impl	transitive	androidx.collection:collection-ktx:1.5.0	prod
:feature:topic:impl	transitive	androidx.collection:collection:1.5.0	dev
:feature:topic:impl	transitive	androidx.collection:collection:1.5.0	prod
:feature:topic:impl	transitive	androidx.compose.animation:animation-android:1.10.0-alpha04	dev
:feature:topic:impl	transitive	androidx.compose.animation:animation-android:1.10.0-alpha04	prod
:feature:topic:impl	transitive	androidx.compose.animation:animation-android:1.10.0-beta02	dev
:feature:topic:impl	transitive	androidx.compose.animation:animation-android:1.10.0-beta02	prod
:feature:topic:impl	transitive	androidx.compose.animation:animation-core-android:1.10.0-alpha04	dev
:feature:topic:impl	transitive	androidx.compose.animation:animation-core-android:1.10.0-alpha04	prod
:feature:topic:impl	transitive	androidx.compose.animation:animation-core-android:1.10.0-beta02	dev
:feature:topic:impl	transitive	androidx.compose.animation:animation-core-android:1.10.0-beta02	prod
:feature:topic:impl	transitive	androidx.compose.animation:animation-core:1.10.0-alpha04	dev
:feature:topic:impl	transitive	androidx.compose.animation:animation-core:1.10.0-alpha04	prod
:feature:topic:impl	transitive	androidx.compose.animation:animation-core:1.10.0-beta02	dev
:feature:topic:impl	transitive	androidx.compose.animation:animation-core:1.10.0-beta02	prod
:feature:topic:impl	transitive	androidx.compose.animation:animation:1.10.0-alpha04	dev
:feature:topic:impl	transitive	androidx.compose.animation:animation:1.10.0-alpha04	prod
:feature:topic:impl	transitive	androidx.compose.animation:animation:1.10.0-beta02	dev
:feature:topic:impl	transitive	androidx.compose.animation:animation:1.10.0-beta02	prod
:feature:topic:impl	transitive	androidx.compose.foundation:foundation-android:1.10.0-alpha04	dev
:feature:topic:impl	transitive	androidx.compose.foundation:foundation-android:1.10.0-alpha04	prod
:feature:topic:impl	transitive	androidx.compose.foundation:foundation-android:1.10.0-beta02	dev
:feature:topic:impl	transitive	androidx.compose.foundation:foundation-android:1.10.0-beta02	prod
:feature:topic:impl	transitive	androidx.compose.foundation:foundation-layout-android:1.10.0-alpha04	dev
:feature:topic:impl	transitive	androidx.compose.foundation:foundation-layout-android:1.10.0-alpha04	prod
:feature:topic:impl	transitive	androidx.compose.foundation:foundation-layout-android:1.10.0-beta02	dev
:feature:topic:impl	transitive	androidx.compose.foundation:foundation-layout-android:1.10.0-beta02	prod
:feature:topic:impl	transitive	androidx.compose.foundation:foundation-layout:1.10.0-alpha04	dev
:feature:topic:impl	transitive	androidx.compose.foundation:foundation-layout:1.10.0-alpha04	prod
:feature:topic:impl	transitive	androidx.compose.foundation:foundation-layout:1.10.0-beta02	dev
:feature:topic:impl	transitive	androidx.compose.foundation:foundation-layout:1.10.0-beta02	prod
:feature:topic:impl	transitive	androidx.compose.foundation:foundation:1.10.0-alpha04	dev
:feature:topic:impl	transitive	androidx.compose.foundation:foundation:1.10.0-alpha04	prod
:feature:topic:impl	transitive	androidx.compose.foundation:foundation:1.10.0-beta02	dev
:feature:topic:impl	transitive	androidx.compose.foundation:foundation:1.10.0-beta02	prod
:feature:topic:impl	transitive	androidx.compose.material3.adaptive:adaptive-android:1.3.0-alpha04	dev
:feature:topic:impl	transitive	androidx.compose.material3.adaptive:adaptive-android:1.3.0-alpha04	prod
:feature:topic:impl	transitive	androidx.compose.material3.adaptive:adaptive-layout-android:1.3.0-alpha04	dev
:feature:topic:impl	transitive	androidx.compose.material3.adaptive:adaptive-layout-android:1.3.0-alpha04	prod
:feature:topic:impl	transitive	androidx.compose.material3.adaptive:adaptive-layout:1.3.0-alpha04	dev
:feature:topic:impl	transitive	androidx.compose.material3.adaptive:adaptive-layout:1.3.0-alpha04	prod
:feature:topic:impl	transitive	androidx.compose.material3.adaptive:adaptive-navigation-android:1.3.0-alpha04	dev
:feature:topic:impl	transitive	androidx.compose.material3.adaptive:adaptive-navigation-android:1.3.0-alpha04	prod
:feature:topic:impl	transitive	androidx.compose.material3.adaptive:adaptive-navigation3-android:1.3.0-alpha04	dev
:feature:topic:impl	transitive	androidx.compose.material3.adaptive:adaptive-navigation3-android:1.3.0-alpha04	prod
:feature:topic:impl	transitive	androidx.compose.material3.adaptive:adaptive-navigation3:1.3.0-alpha04	dev
:feature:topic:impl	transitive	androidx.compose.material3.adaptive:adaptive-navigation:1.3.0-alpha04	dev
:feature:topic:impl	transitive	androidx.compose.material3.adaptive:adaptive-navigation:1.3.0-alpha04	prod
:feature:topic:impl	transitive	androidx.compose.material3.adaptive:adaptive:1.3.0-alpha04	dev
:feature:topic:impl	transitive	androidx.compose.material3.adaptive:adaptive:1.3.0-alpha04	prod
:feature:topic:impl	transitive	androidx.compose.material3:material3-adaptive-navigation-suite-android:1.5.0-alpha04	dev
:feature:topic:impl	transitive	androidx.compose.material3:material3-adaptive-navigation-suite-android:1.5.0-alpha04	prod
:feature:topic:impl	transitive	androidx.compose.material3:material3-adaptive-navigation-suite:1.5.0-alpha04	dev
:feature:topic:impl	transitive	androidx.compose.material3:material3-adaptive-navigation-suite:1.5.0-alpha04	prod
:feature:topic:impl	transitive	androidx.compose.material3:material3-android:1.5.0-alpha04	dev
:feature:topic:impl	transitive	androidx.compose.material3:material3-android:1.5.0-alpha04	prod
:feature:topic:impl	transitive	androidx.compose.material3:material3:1.5.0-alpha04	dev
:feature:topic:impl	transitive	androidx.compose.material3:material3:1.5.0-alpha04	prod
:feature:topic:impl	transitive	androidx.compose.material:material-android:1.10.0-alpha04	dev
:feature:topic:impl	transitive	androidx.compose.material:material-android:1.10.0-alpha04	prod
:feature:topic:impl	transitive	androidx.compose.material:material-icons-core-android:1.7.8	dev
:feature:topic:impl	transitive	androidx.compose.material:material-icons-core-android:1.7.8	prod
:feature:topic:impl	transitive	androidx.compose.material:material-icons-core:1.7.8	dev
:feature:topic:impl	transitive	androidx.compose.material:material-icons-core:1.7.8	prod
:feature:topic:impl	transitive	androidx.compose.material:material-icons-extended-android:1.7.8	dev
:feature:topic:impl	transitive	androidx.compose.material:material-icons-extended-android:1.7.8	prod
:feature:topic:impl	transitive	androidx.compose.material:material-icons-extended:1.7.8	dev
:feature:topic:impl	transitive	androidx.compose.material:material-icons-extended:1.7.8	prod
:feature:topic:impl	transitive	androidx.compose.material:material-ripple-android:1.10.0-alpha04	dev
:feature:topic:impl	transitive	androidx.compose.material:material-ripple-android:1.10.0-alpha04	prod
:feature:topic:impl	transitive	androidx.compose.material:material-ripple:1.10.0-alpha04	dev
:feature:topic:impl	transitive	androidx.compose.material:material-ripple:1.10.0-alpha04	prod
:feature:topic:impl	transitive	androidx.compose.material:material:1.10.0-alpha04	dev
:feature:topic:impl	transitive	androidx.compose.material:material:1.10.0-alpha04	prod
:feature:topic:impl	transitive	androidx.compose.runtime:runtime-android:1.10.0-alpha04	dev
:feature:topic:impl	transitive	androidx.compose.runtime:runtime-android:1.10.0-alpha04	prod
:feature:topic:impl	transitive	androidx.compose.runtime:runtime-android:1.10.0-beta02	dev
:feature:topic:impl	transitive	androidx.compose.runtime:runtime-android:1.10.0-beta02	prod
:feature:topic:impl	transitive	androidx.compose.runtime:runtime-annotation-android:1.10.0-alpha04	dev
:feature:topic:impl	transitive	androidx.compose.runtime:runtime-annotation-android:1.10.0-alpha04	prod
:feature:topic:impl	transitive	androidx.compose.runtime:runtime-annotation-android:1.10.0-beta02	dev
:feature:topic:impl	transitive	androidx.compose.runtime:runtime-annotation-android:1.10.0-beta02	prod
:feature:topic:impl	transitive	androidx.compose.runtime:runtime-annotation:1.10.0-alpha04	dev
:feature:topic:impl	transitive	androidx.compose.runtime:runtime-annotation:1.10.0-alpha04	prod
:feature:topic:impl	transitive	androidx.compose.runtime:runtime-annotation:1.10.0-beta02	dev
:feature:topic:impl	transitive	androidx.compose.runtime:runtime-annotation:1.10.0-beta02	prod
:feature:topic:impl	transitive	androidx.compose.runtime:runtime-retain-android:1.10.0-alpha04	dev
:feature:topic:impl	transitive	androidx.compose.runtime:runtime-retain-android:1.10.0-alpha04	prod
:feature:topic:impl	transitive	androidx.compose.runtime:runtime-retain-android:1.10.0-beta02	dev
:feature:topic:impl	transitive	androidx.compose.runtime:runtime-retain-android:1.10.0-beta02	prod
:feature:topic:impl	transitive	androidx.compose.runtime:runtime-retain:1.10.0-alpha04	dev
:feature:topic:impl	transitive	androidx.compose.runtime:runtime-retain:1.10.0-alpha04	prod
:feature:topic:impl	transitive	androidx.compose.runtime:runtime-retain:1.10.0-beta02	dev
:feature:topic:impl	transitive	androidx.compose.runtime:runtime-retain:1.10.0-beta02	prod
:feature:topic:impl	transitive	androidx.compose.runtime:runtime-saveable-android:1.10.0-alpha04	dev
:feature:topic:impl	transitive	androidx.compose.runtime:runtime-saveable-android:1.10.0-alpha04	prod
:feature:topic:impl	transitive	androidx.compose.runtime:runtime-saveable-android:1.10.0-beta02	dev
:feature:topic:impl	transitive	androidx.compose.runtime:runtime-saveable-android:1.10.0-beta02	prod
:feature:topic:impl	transitive	androidx.compose.runtime:runtime-saveable:1.10.0-alpha04	dev
:feature:topic:impl	transitive	androidx.compose.runtime:runtime-saveable:1.10.0-alpha04	prod
:feature:topic:impl	transitive	androidx.compose.runtime:runtime-saveable:1.10.0-beta02	dev
:feature:topic:impl	transitive	androidx.compose.runtime:runtime-saveable:1.10.0-beta02	prod
:feature:topic:impl	transitive	androidx.compose.runtime:runtime:1.10.0-alpha04	dev
:feature:topic:impl	transitive	androidx.compose.runtime:runtime:1.10.0-alpha04	prod
:feature:topic:impl	transitive	androidx.compose.runtime:runtime:1.10.0-beta02	dev
:feature:topic:impl	transitive	androidx.compose.runtime:runtime:1.10.0-beta02	prod
:feature:topic:impl	transitive	androidx.compose.ui:ui-android:1.10.0-alpha04	dev
:feature:topic:impl	transitive	androidx.compose.ui:ui-android:1.10.0-alpha04	prod
:feature:topic:impl	transitive	androidx.compose.ui:ui-android:1.10.0-beta02	dev
:feature:topic:impl	transitive	androidx.compose.ui:ui-android:1.10.0-beta02	prod
:feature:topic:impl	transitive	androidx.compose.ui:ui-geometry-android:1.10.0-alpha04	dev
:feature:topic:impl	transitive	androidx.compose.ui:ui-geometry-android:1.10.0-alpha04	prod
:feature:topic:impl	transitive	androidx.compose.ui:ui-geometry-android:1.10.0-beta02	dev
:feature:topic:impl	transitive	androidx.compose.ui:ui-geometry-android:1.10.0-beta02	prod
:feature:topic:impl	transitive	androidx.compose.ui:ui-geometry:1.10.0-alpha04	dev
:feature:topic:impl	transitive	androidx.compose.ui:ui-geometry:1.10.0-alpha04	prod
:feature:topic:impl	transitive	androidx.compose.ui:ui-geometry:1.10.0-beta02	dev
:feature:topic:impl	transitive	androidx.compose.ui:ui-geometry:1.10.0-beta02	prod
:feature:topic:impl	transitive	androidx.compose.ui:ui-graphics-android:1.10.0-alpha04	dev
:feature:topic:impl	transitive	androidx.compose.ui:ui-graphics-android:1.10.0-alpha04	prod
:feature:topic:impl	transitive	androidx.compose.ui:ui-graphics-android:1.10.0-beta02	dev
:feature:topic:impl	transitive	androidx.compose.ui:ui-graphics-android:1.10.0-beta02	prod
:feature:topic:impl	transitive	androidx.compose.ui:ui-graphics:1.10.0-alpha04	dev
:feature:topic:impl	transitive	androidx.compose.ui:ui-graphics:1.10.0-alpha04	prod
:feature:topic:impl	transitive	androidx.compose.ui:ui-graphics:1.10.0-beta02	dev
:feature:topic:impl	transitive	androidx.compose.ui:ui-graphics:1.10.0-beta02	prod
:feature:topic:impl	transitive	androidx.compose.ui:ui-test-android:1.10.0-alpha04	dev
:feature:topic:impl	transitive	androidx.compose.ui:ui-test-android:1.10.0-beta02	dev
:feature:topic:impl	transitive	androidx.compose.ui:ui-test-junit4-android:1.10.0-alpha04	dev
:feature:topic:impl	transitive	androidx.compose.ui:ui-test-junit4-android:1.10.0-beta02	dev
:feature:topic:impl	transitive	androidx.compose.ui:ui-test:1.10.0-alpha04	dev
:feature:topic:impl	transitive	androidx.compose.ui:ui-test:1.10.0-beta02	dev
:feature:topic:impl	transitive	androidx.compose.ui:ui-text-android:1.10.0-alpha04	dev
:feature:topic:impl	transitive	androidx.compose.ui:ui-text-android:1.10.0-alpha04	prod
:feature:topic:impl	transitive	androidx.compose.ui:ui-text-android:1.10.0-beta02	dev
:feature:topic:impl	transitive	androidx.compose.ui:ui-text-android:1.10.0-beta02	prod
:feature:topic:impl	transitive	androidx.compose.ui:ui-text:1.10.0-alpha04	dev
:feature:topic:impl	transitive	androidx.compose.ui:ui-text:1.10.0-alpha04	prod
:feature:topic:impl	transitive	androidx.compose.ui:ui-text:1.10.0-beta02	dev
:feature:topic:impl	transitive	androidx.compose.ui:ui-text:1.10.0-beta02	prod
:feature:topic:impl	transitive	androidx.compose.ui:ui-tooling-android:1.10.0-alpha04	dev
:feature:topic:impl	transitive	androidx.compose.ui:ui-tooling-android:1.10.0-alpha04	prod
:feature:topic:impl	transitive	androidx.compose.ui:ui-tooling-android:1.10.0-beta02	dev
:feature:topic:impl	transitive	androidx.compose.ui:ui-tooling-android:1.10.0-beta02	prod
:feature:topic:impl	transitive	androidx.compose.ui:ui-tooling-data-android:1.10.0-alpha04	dev
:feature:topic:impl	transitive	androidx.compose.ui:ui-tooling-data-android:1.10.0-alpha04	prod
:feature:topic:impl	transitive	androidx.compose.ui:ui-tooling-data-android:1.10.0-beta02	dev
:feature:topic:impl	transitive	androidx.compose.ui:ui-tooling-data-android:1.10.0-beta02	prod
:feature:topic:impl	transitive	androidx.compose.ui:ui-tooling-data:1.10.0-alpha04	dev
:feature:topic:impl	transitive	androidx.compose.ui:ui-tooling-data:1.10.0-alpha04	prod
:feature:topic:impl	transitive	androidx.compose.ui:ui-tooling-data:1.10.0-beta02	dev
:feature:topic:impl	transitive	androidx.compose.ui:ui-tooling-data:1.10.0-beta02	prod
:feature:topic:impl	transitive	androidx.compose.ui:ui-tooling-preview-android:1.10.0-alpha04	dev
:feature:topic:impl	transitive	androidx.compose.ui:ui-tooling-preview-android:1.10.0-alpha04	prod
:feature:topic:impl	transitive	androidx.compose.ui:ui-tooling-preview-android:1.10.0-beta02	dev
:feature:topic:impl	transitive	androidx.compose.ui:ui-tooling-preview-android:1.10.0-beta02	prod
:feature:topic:impl	transitive	androidx.compose.ui:ui-tooling-preview:1.10.0-beta02	dev
:feature:topic:impl	transitive	androidx.compose.ui:ui-tooling:1.10.0-beta02	dev
:feature:topic:impl	transitive	androidx.compose.ui:ui-unit-android:1.10.0-alpha04	dev
:feature:topic:impl	transitive	androidx.compose.ui:ui-unit-android:1.10.0-alpha04	prod
:feature:topic:impl	transitive	androidx.compose.ui:ui-unit-android:1.10.0-beta02	dev
:feature:topic:impl	transitive	androidx.compose.ui:ui-unit-android:1.10.0-beta02	prod
:feature:topic:impl	transitive	androidx.compose.ui:ui-unit:1.10.0-alpha04	dev
:feature:topic:impl	transitive	androidx.compose.ui:ui-unit:1.10.0-alpha04	prod
:feature:topic:impl	transitive	androidx.compose.ui:ui-unit:1.10.0-beta02	dev
:feature:topic:impl	transitive	androidx.compose.ui:ui-unit:1.10.0-beta02	prod
:feature:topic:impl	transitive	androidx.compose.ui:ui-util-android:1.10.0-alpha04	dev
:feature:topic:impl	transitive	androidx.compose.ui:ui-util-android:1.10.0-alpha04	prod
:feature:topic:impl	transitive	androidx.compose.ui:ui-util-android:1.10.0-beta02	dev
:feature:topic:impl	transitive	androidx.compose.ui:ui-util-android:1.10.0-beta02	prod
:feature:topic:impl	transitive	androidx.compose.ui:ui-util:1.10.0-alpha04	dev
:feature:topic:impl	transitive	androidx.compose.ui:ui-util:1.10.0-alpha04	prod
:feature:topic:impl	transitive	androidx.compose.ui:ui-util:1.10.0-beta02	dev
:feature:topic:impl	transitive	androidx.compose.ui:ui-util:1.10.0-beta02	prod
:feature:topic:impl	transitive	androidx.compose.ui:ui:1.10.0-alpha04	dev
:feature:topic:impl	transitive	androidx.compose.ui:ui:1.10.0-alpha04	prod
:feature:topic:impl	transitive	androidx.compose.ui:ui:1.10.0-beta02	dev
:feature:topic:impl	transitive	androidx.compose.ui:ui:1.10.0-beta02	prod
:feature:topic:impl	transitive	androidx.compose:compose-bom-alpha:2025.09.01	dev
:feature:topic:impl	transitive	androidx.concurrent:concurrent-futures:1.1.0	dev
:feature:topic:impl	transitive	androidx.concurrent:concurrent-futures:1.1.0	prod
:feature:topic:impl	transitive	androidx.core:core-ktx:1.16.0	dev
:feature:topic:impl	transitive	androidx.core:core-ktx:1.16.0	prod
:feature:topic:impl	transitive	androidx.core:core-viewtree:1.0.0	dev
:feature:topic:impl	transitive	androidx.core:core-viewtree:1.0.0	prod
:feature:topic:impl	transitive	androidx.core:core:1.16.0	dev
:feature:topic:impl	transitive	androidx.core:core:1.16.0	prod
:feature:topic:impl	transitive	androidx.customview:customview-poolingcontainer:1.0.0	dev
:feature:topic:impl	transitive	androidx.customview:customview-poolingcontainer:1.0.0	prod
:feature:topic:impl	transitive	androidx.customview:customview:1.0.0	dev
:feature:topic:impl	transitive	androidx.customview:customview:1.0.0	prod
:feature:topic:impl	transitive	androidx.datastore:datastore-android:1.2.0	dev
:feature:topic:impl	transitive	androidx.datastore:datastore-android:1.2.0	prod
:feature:topic:impl	transitive	androidx.datastore:datastore-core-android:1.2.0	dev
:feature:topic:impl	transitive	androidx.datastore:datastore-core-android:1.2.0	prod
:feature:topic:impl	transitive	androidx.datastore:datastore-core-okio-jvm:1.2.0	dev
:feature:topic:impl	transitive	androidx.datastore:datastore-core-okio-jvm:1.2.0	prod
:feature:topic:impl	transitive	androidx.datastore:datastore-core-okio:1.2.0	dev
:feature:topic:impl	transitive	androidx.datastore:datastore-core-okio:1.2.0	prod
:feature:topic:impl	transitive	androidx.datastore:datastore-core:1.2.0	dev
:feature:topic:impl	transitive	androidx.datastore:datastore-core:1.2.0	prod
:feature:topic:impl	transitive	androidx.datastore:datastore:1.2.0	dev
:feature:topic:impl	transitive	androidx.datastore:datastore:1.2.0	prod
:feature:topic:impl	transitive	androidx.documentfile:documentfile:1.0.0	dev
:feature:topic:impl	transitive	androidx.documentfile:documentfile:1.0.0	prod
:feature:topic:impl	transitive	androidx.dynamicanimation:dynamicanimation:1.0.0	dev
:feature:topic:impl	transitive	androidx.dynamicanimation:dynamicanimation:1.0.0	prod
:feature:topic:impl	transitive	androidx.emoji2:emoji2:1.4.0	dev
:feature:topic:impl	transitive	androidx.emoji2:emoji2:1.4.0	prod
:feature:topic:impl	transitive	androidx.exifinterface:exifinterface:1.3.7	dev
:feature:topic:impl	transitive	androidx.exifinterface:exifinterface:1.3.7	prod
:feature:topic:impl	transitive	androidx.fragment:fragment:1.5.1	dev
:feature:topic:impl	transitive	androidx.fragment:fragment:1.5.1	prod
:feature:topic:impl	transitive	androidx.graphics:graphics-path:1.0.1	dev
:feature:topic:impl	transitive	androidx.graphics:graphics-path:1.0.1	prod
:feature:topic:impl	transitive	androidx.graphics:graphics-shapes-android:1.0.1	dev
:feature:topic:impl	transitive	androidx.graphics:graphics-shapes-android:1.0.1	prod
:feature:topic:impl	transitive	androidx.graphics:graphics-shapes:1.0.1	dev
:feature:topic:impl	transitive	androidx.graphics:graphics-shapes:1.0.1	prod
:feature:topic:impl	transitive	androidx.hilt:hilt-lifecycle-viewmodel-compose:1.3.0-alpha02	dev
:feature:topic:impl	transitive	androidx.hilt:hilt-lifecycle-viewmodel:1.3.0-alpha02	dev
:feature:topic:impl	transitive	androidx.hilt:hilt-lifecycle-viewmodel:1.3.0-alpha02	prod
:feature:topic:impl	transitive	androidx.interpolator:interpolator:1.0.0	dev
:feature:topic:impl	transitive	androidx.interpolator:interpolator:1.0.0	prod
:feature:topic:impl	transitive	androidx.legacy:legacy-support-core-utils:1.0.0	dev
:feature:topic:impl	transitive	androidx.legacy:legacy-support-core-utils:1.0.0	prod
:feature:topic:impl	transitive	androidx.lifecycle:lifecycle-common-java8:2.10.0	dev
:feature:topic:impl	transitive	androidx.lifecycle:lifecycle-common-java8:2.10.0	prod
:feature:topic:impl	transitive	androidx.lifecycle:lifecycle-common-jvm:2.10.0	dev
:feature:topic:impl	transitive	androidx.lifecycle:lifecycle-common-jvm:2.10.0	prod
:feature:topic:impl	transitive	androidx.lifecycle:lifecycle-common:2.10.0	dev
:feature:topic:impl	transitive	androidx.lifecycle:lifecycle-common:2.10.0	prod
:feature:topic:impl	transitive	androidx.lifecycle:lifecycle-livedata-core-ktx:2.10.0	dev
:feature:topic:impl	transitive	androidx.lifecycle:lifecycle-livedata-core-ktx:2.10.0	prod
:feature:topic:impl	transitive	androidx.lifecycle:lifecycle-livedata-core:2.10.0	dev
:feature:topic:impl	transitive	androidx.lifecycle:lifecycle-livedata-core:2.10.0	prod
:feature:topic:impl	transitive	androidx.lifecycle:lifecycle-livedata:2.10.0	dev
:feature:topic:impl	transitive	androidx.lifecycle:lifecycle-livedata:2.10.0	prod
:feature:topic:impl	transitive	androidx.lifecycle:lifecycle-process:2.10.0	dev
:feature:topic:impl	transitive	androidx.lifecycle:lifecycle-process:2.10.0	prod
:feature:topic:impl	transitive	androidx.lifecycle:lifecycle-runtime-android:2.10.0	dev
:feature:topic:impl	transitive	androidx.lifecycle:lifecycle-runtime-android:2.10.0	prod
:feature:topic:impl	transitive	androidx.lifecycle:lifecycle-runtime-compose-android:2.10.0	dev
:feature:topic:impl	transitive	androidx.lifecycle:lifecycle-runtime-compose-android:2.10.0	prod
:feature:topic:impl	transitive	androidx.lifecycle:lifecycle-runtime-compose:2.10.0	dev
:feature:topic:impl	transitive	androidx.lifecycle:lifecycle-runtime-ktx-android:2.10.0	dev
:feature:topic:impl	transitive	androidx.lifecycle:lifecycle-runtime-ktx-android:2.10.0	prod
:feature:topic:impl	transitive	androidx.lifecycle:lifecycle-runtime-ktx:2.10.0	dev
:feature:topic:impl	transitive	androidx.lifecycle:lifecycle-runtime-ktx:2.10.0	prod
:feature:topic:impl	transitive	androidx.lifecycle:lifecycle-runtime-testing-android:2.10.0	dev
:feature:topic:impl	transitive	androidx.lifecycle:lifecycle-runtime:2.10.0	dev
:feature:topic:impl	transitive	androidx.lifecycle:lifecycle-runtime:2.10.0	prod
:feature:topic:impl	transitive	androidx.lifecycle:lifecycle-viewmodel-android:2.10.0	dev
:feature:topic:impl	transitive	androidx.lifecycle:lifecycle-viewmodel-android:2.10.0	prod
:feature:topic:impl	transitive	androidx.lifecycle:lifecycle-viewmodel-compose-android:2.10.0	dev
:feature:topic:impl	transitive	androidx.lifecycle:lifecycle-viewmodel-compose-android:2.10.0	prod
:feature:topic:impl	transitive	androidx.lifecycle:lifecycle-viewmodel-compose:2.10.0	dev
:feature:topic:impl	transitive	androidx.lifecycle:lifecycle-viewmodel-ktx:2.10.0	dev
:feature:topic:impl	transitive	androidx.lifecycle:lifecycle-viewmodel-ktx:2.10.0	prod
:feature:topic:impl	transitive	androidx.lifecycle:lifecycle-viewmodel-navigation3-android:2.10.0	dev
:feature:topic:impl	transitive	androidx.lifecycle:lifecycle-viewmodel-navigation3-android:2.10.0	prod
:feature:topic:impl	transitive	androidx.lifecycle:lifecycle-viewmodel-navigation3:2.10.0	dev
:feature:topic:impl	transitive	androidx.lifecycle:lifecycle-viewmodel-navigation3:2.10.0	prod
:feature:topic:impl	transitive	androidx.lifecycle:lifecycle-viewmodel-savedstate-android:2.10.0	dev
:feature:topic:impl	transitive	androidx.lifecycle:lifecycle-viewmodel-savedstate-android:2.10.0	prod
:feature:topic:impl	transitive	androidx.lifecycle:lifecycle-viewmodel-savedstate:2.10.0	dev
:feature:topic:impl	transitive	androidx.lifecycle:lifecycle-viewmodel-savedstate:2.10.0	prod
:feature:topic:impl	transitive	androidx.lifecycle:lifecycle-viewmodel:2.10.0	dev
:feature:topic:impl	transitive	androidx.lifecycle:lifecycle-viewmodel:2.10.0	prod
:feature:topic:impl	transitive	androidx.loader:loader:1.0.0	dev
:feature:topic:impl	transitive	androidx.loader:loader:1.0.0	prod
:feature:topic:impl	transitive	androidx.localbroadcastmanager:localbroadcastmanager:1.0.0	dev
:feature:topic:impl	transitive	androidx.localbroadcastmanager:localbroadcastmanager:1.0.0	prod
:feature:topic:impl	transitive	androidx.metrics:metrics-performance:1.0.0-beta01	dev
:feature:topic:impl	transitive	androidx.metrics:metrics-performance:1.0.0-beta01	prod
:feature:topic:impl	transitive	androidx.multidex:multidex:2.0.1	dev
:feature:topic:impl	transitive	androidx.navigation3:navigation3-runtime-android:1.0.0	dev
:feature:topic:impl	transitive	androidx.navigation3:navigation3-runtime-android:1.0.0	prod
:feature:topic:impl	transitive	androidx.navigation3:navigation3-runtime:1.0.0	dev
:feature:topic:impl	transitive	androidx.navigation3:navigation3-ui-android:1.0.0	dev
:feature:topic:impl	transitive	androidx.navigation3:navigation3-ui-android:1.0.0	prod
:feature:topic:impl	transitive	androidx.navigation3:navigation3-ui:1.0.0	dev
:feature:topic:impl	transitive	androidx.navigation3:navigation3-ui:1.0.0	prod
:feature:topic:impl	transitive	androidx.navigationevent:navigationevent-android:1.0.0	dev
:feature:topic:impl	transitive	androidx.navigationevent:navigationevent-android:1.0.0	prod
:feature:topic:impl	transitive	androidx.navigationevent:navigationevent-compose-android:1.0.0	dev
:feature:topic:impl	transitive	androidx.navigationevent:navigationevent-compose-android:1.0.0	prod
:feature:topic:impl	transitive	androidx.navigationevent:navigationevent-compose:1.0.0	dev
:feature:topic:impl	transitive	androidx.navigationevent:navigationevent-compose:1.0.0	prod
:feature:topic:impl	transitive	androidx.navigationevent:navigationevent:1.0.0	dev
:feature:topic:impl	transitive	androidx.navigationevent:navigationevent:1.0.0	prod
:feature:topic:impl	transitive	androidx.print:print:1.0.0	dev
:feature:topic:impl	transitive	androidx.print:print:1.0.0	prod
:feature:topic:impl	transitive	androidx.privacysandbox.ads:ads-adservices-java:1.0.0-beta05	dev
:feature:topic:impl	transitive	androidx.privacysandbox.ads:ads-adservices-java:1.0.0-beta05	prod
:feature:topic:impl	transitive	androidx.privacysandbox.ads:ads-adservices:1.0.0-beta05	dev
:feature:topic:impl	transitive	androidx.privacysandbox.ads:ads-adservices:1.0.0-beta05	prod
:feature:topic:impl	transitive	androidx.profileinstaller:profileinstaller:1.4.0	dev
:feature:topic:impl	transitive	androidx.profileinstaller:profileinstaller:1.4.0	prod
:feature:topic:impl	transitive	androidx.room:room-common-jvm:2.8.3	dev
:feature:topic:impl	transitive	androidx.room:room-common-jvm:2.8.3	prod
:feature:topic:impl	transitive	androidx.room:room-common:2.8.3	dev
:feature:topic:impl	transitive	androidx.room:room-common:2.8.3	prod
:feature:topic:impl	transitive	androidx.room:room-ktx:2.8.3	dev
:feature:topic:impl	transitive	androidx.room:room-ktx:2.8.3	prod
:feature:topic:impl	transitive	androidx.room:room-runtime-android:2.8.3	dev
:feature:topic:impl	transitive	androidx.room:room-runtime-android:2.8.3	prod
:feature:topic:impl	transitive	androidx.room:room-runtime:2.8.3	dev
:feature:topic:impl	transitive	androidx.room:room-runtime:2.8.3	prod
:feature:topic:impl	transitive	androidx.savedstate:savedstate-android:1.4.0	dev
:feature:topic:impl	transitive	androidx.savedstate:savedstate-android:1.4.0	prod
:feature:topic:impl	transitive	androidx.savedstate:savedstate-compose-android:1.4.0	dev
:feature:topic:impl	transitive	androidx.savedstate:savedstate-compose-android:1.4.0	prod
:feature:topic:impl	transitive	androidx.savedstate:savedstate-compose:1.4.0	dev
:feature:topic:impl	transitive	androidx.savedstate:savedstate-compose:1.4.0	prod
:feature:topic:impl	transitive	androidx.savedstate:savedstate-ktx:1.4.0	dev
:feature:topic:impl	transitive	androidx.savedstate:savedstate-ktx:1.4.0	prod
:feature:topic:impl	transitive	androidx.savedstate:savedstate:1.4.0	dev
:feature:topic:impl	transitive	androidx.savedstate:savedstate:1.4.0	prod
:feature:topic:impl	transitive	androidx.sqlite:sqlite-android:2.6.1	dev
:feature:topic:impl	transitive	androidx.sqlite:sqlite-android:2.6.1	prod
:feature:topic:impl	transitive	androidx.sqlite:sqlite-framework-android:2.6.1	dev
:feature:topic:impl	transitive	androidx.sqlite:sqlite-framework-android:2.6.1	prod
:feature:topic:impl	transitive	androidx.sqlite:sqlite-framework:2.6.1	dev
:feature:topic:impl	transitive	androidx.sqlite:sqlite-framework:2.6.1	prod
:feature:topic:impl	transitive	androidx.sqlite:sqlite:2.6.1	dev
:feature:topic:impl	transitive	androidx.sqlite:sqlite:2.6.1	prod
:feature:topic:impl	transitive	androidx.startup:startup-runtime:1.1.1	dev
:feature:topic:impl	transitive	androidx.startup:startup-runtime:1.1.1	prod
:feature:topic:impl	transitive	androidx.test.espresso:espresso-core:3.5.0	dev
:feature:topic:impl	transitive	androidx.test.espresso:espresso-idling-resource:3.5.0	dev
:feature:topic:impl	transitive	androidx.test.espresso:espresso-idling-resource:3.7.0	dev
:feature:topic:impl	transitive	androidx.test.ext:junit:1.1.5	dev
:feature:topic:impl	transitive	androidx.test.services:storage:1.4.2	dev
:feature:topic:impl	transitive	androidx.test.services:storage:1.6.0-rc01	dev
:feature:topic:impl	transitive	androidx.test:annotation:1.0.1	dev
:feature:topic:impl	transitive	androidx.test:core:1.4.0	dev
:feature:topic:impl	transitive	androidx.test:core:1.5.0	dev
:feature:topic:impl	transitive	androidx.test:monitor:1.6.1	dev
:feature:topic:impl	transitive	androidx.test:monitor:1.8.0	dev
:feature:topic:impl	transitive	androidx.test:monitor:1.8.0-rc01	dev
:feature:topic:impl	transitive	androidx.test:rules:1.7.0-rc01	dev
:feature:topic:impl	transitive	androidx.test:runner:1.7.0-rc01	dev
:feature:topic:impl	transitive	androidx.tracing:tracing-ktx:1.3.0-alpha02	dev
:feature:topic:impl	transitive	androidx.tracing:tracing:1.3.0-alpha02	dev
:feature:topic:impl	transitive	androidx.tracing:tracing:1.3.0-alpha02	prod
:feature:topic:impl	transitive	androidx.transition:transition:1.6.0	dev
:feature:topic:impl	transitive	androidx.transition:transition:1.6.0	prod
:feature:topic:impl	transitive	androidx.vectordrawable:vectordrawable-animated:1.1.0	dev
:feature:topic:impl	transitive	androidx.vectordrawable:vectordrawable-animated:1.1.0	prod
:feature:topic:impl	transitive	androidx.vectordrawable:vectordrawable:1.1.0	dev
:feature:topic:impl	transitive	androidx.vectordrawable:vectordrawable:1.1.0	prod
:feature:topic:impl	transitive	androidx.versionedparcelable:versionedparcelable:1.1.1	dev
:feature:topic:impl	transitive	androidx.versionedparcelable:versionedparcelable:1.1.1	prod
:feature:topic:impl	transitive	androidx.viewpager:viewpager:1.0.0	dev
:feature:topic:impl	transitive	androidx.viewpager:viewpager:1.0.0	prod
:feature:topic:impl	transitive	androidx.window:window-core-android:1.5.0	dev
:feature:topic:impl	transitive	androidx.window:window-core-android:1.5.0	prod
:feature:topic:impl	transitive	androidx.window:window-core:1.5.0	dev
:feature:topic:impl	transitive	androidx.window:window-core:1.5.0	prod
:feature:topic:impl	transitive	androidx.window:window:1.5.0	dev
:feature:topic:impl	transitive	androidx.window:window:1.5.0	prod
:feature:topic:impl	transitive	com.almworks.sqlite4java:sqlite4java:1.0.392	dev
:feature:topic:impl	transitive	com.caverock:androidsvg-aar:1.4	dev
:feature:topic:impl	transitive	com.caverock:androidsvg-aar:1.4	prod
:feature:topic:impl	transitive	com.google.accompanist:accompanist-drawablepainter:0.32.0	dev
:feature:topic:impl	transitive	com.google.accompanist:accompanist-drawablepainter:0.32.0	prod
:feature:topic:impl	transitive	com.google.android.gms:play-services-ads-identifier:18.0.0	dev
:feature:topic:impl	transitive	com.google.android.gms:play-services-ads-identifier:18.0.0	prod
:feature:topic:impl	transitive	com.google.android.gms:play-services-base:18.5.0	dev
:feature:topic:impl	transitive	com.google.android.gms:play-services-base:18.5.0	prod
:feature:topic:impl	transitive	com.google.android.gms:play-services-basement:18.4.0	dev
:feature:topic:impl	transitive	com.google.android.gms:play-services-basement:18.4.0	prod
:feature:topic:impl	transitive	com.google.android.gms:play-services-measurement-api:22.1.2	dev
:feature:topic:impl	transitive	com.google.android.gms:play-services-measurement-api:22.1.2	prod
:feature:topic:impl	transitive	com.google.android.gms:play-services-measurement-base:22.1.2	dev
:feature:topic:impl	transitive	com.google.android.gms:play-services-measurement-base:22.1.2	prod
:feature:topic:impl	transitive	com.google.android.gms:play-services-measurement-impl:22.1.2	dev
:feature:topic:impl	transitive	com.google.android.gms:play-services-measurement-impl:22.1.2	prod
:feature:topic:impl	transitive	com.google.android.gms:play-services-measurement-sdk-api:22.1.2	dev
:feature:topic:impl	transitive	com.google.android.gms:play-services-measurement-sdk-api:22.1.2	prod
:feature:topic:impl	transitive	com.google.android.gms:play-services-measurement-sdk:22.1.2	dev
:feature:topic:impl	transitive	com.google.android.gms:play-services-measurement-sdk:22.1.2	prod
:feature:topic:impl	transitive	com.google.android.gms:play-services-measurement:22.1.2	dev
:feature:topic:impl	transitive	com.google.android.gms:play-services-measurement:22.1.2	prod
:feature:topic:impl	transitive	com.google.android.gms:play-services-stats:17.0.2	dev
:feature:topic:impl	transitive	com.google.android.gms:play-services-stats:17.0.2	prod
:feature:topic:impl	transitive	com.google.android.gms:play-services-tasks:18.2.0	dev
:feature:topic:impl	transitive	com.google.android.gms:play-services-tasks:18.2.0	prod
:feature:topic:impl	transitive	com.google.auto.value:auto-value-annotations:1.11.0	dev
:feature:topic:impl	transitive	com.google.code.findbugs:jsr305:3.0.2	dev
:feature:topic:impl	transitive	com.google.code.findbugs:jsr305:3.0.2	prod
:feature:topic:impl	transitive	com.google.dagger:dagger-lint-aar:2.59	dev
:feature:topic:impl	transitive	com.google.dagger:dagger-lint-aar:2.59	prod
:feature:topic:impl	transitive	com.google.dagger:dagger:2.59	dev
:feature:topic:impl	transitive	com.google.dagger:dagger:2.59	prod
:feature:topic:impl	transitive	com.google.dagger:hilt-android-testing:2.59	dev
:feature:topic:impl	transitive	com.google.dagger:hilt-android:2.59	dev
:feature:topic:impl	transitive	com.google.dagger:hilt-core:2.59	dev
:feature:topic:impl	transitive	com.google.dagger:hilt-core:2.59	prod
:feature:topic:impl	transitive	com.google.errorprone:error_prone_annotation:2.41.0	dev
:feature:topic:impl	transitive	com.google.errorprone:error_prone_annotations:2.26.0	dev
:feature:topic:impl	transitive	com.google.errorprone:error_prone_annotations:2.26.0	prod
:feature:topic:impl	transitive	com.google.errorprone:error_prone_annotations:2.36.0	dev
:feature:topic:impl	transitive	com.google.firebase:firebase-analytics:22.1.2	dev
:feature:topic:impl	transitive	com.google.firebase:firebase-analytics:22.1.2	prod
:feature:topic:impl	transitive	com.google.firebase:firebase-annotations:16.2.0	dev
:feature:topic:impl	transitive	com.google.firebase:firebase-annotations:16.2.0	prod
:feature:topic:impl	transitive	com.google.firebase:firebase-bom:33.7.0	dev
:feature:topic:impl	transitive	com.google.firebase:firebase-bom:33.7.0	prod
:feature:topic:impl	transitive	com.google.firebase:firebase-common-ktx:21.0.0	dev
:feature:topic:impl	transitive	com.google.firebase:firebase-common-ktx:21.0.0	prod
:feature:topic:impl	transitive	com.google.firebase:firebase-common:21.0.0	dev
:feature:topic:impl	transitive	com.google.firebase:firebase-common:21.0.0	prod
:feature:topic:impl	transitive	com.google.firebase:firebase-components:18.0.0	dev
:feature:topic:impl	transitive	com.google.firebase:firebase-components:18.0.0	prod
:feature:topic:impl	transitive	com.google.firebase:firebase-installations-interop:17.1.1	dev
:feature:topic:impl	transitive	com.google.firebase:firebase-installations-interop:17.1.1	prod
:feature:topic:impl	transitive	com.google.firebase:firebase-installations:18.0.0	dev
:feature:topic:impl	transitive	com.google.firebase:firebase-installations:18.0.0	prod
:feature:topic:impl	transitive	com.google.firebase:firebase-measurement-connector:19.0.0	dev
:feature:topic:impl	transitive	com.google.firebase:firebase-measurement-connector:19.0.0	prod
:feature:topic:impl	transitive	com.google.guava:failureaccess:1.0.1	dev
:feature:topic:impl	transitive	com.google.guava:failureaccess:1.0.1	prod
:feature:topic:impl	transitive	com.google.guava:failureaccess:1.0.3	dev
:feature:topic:impl	transitive	com.google.guava:guava:31.1-android	dev
:feature:topic:impl	transitive	com.google.guava:guava:31.1-android	prod
:feature:topic:impl	transitive	com.google.guava:guava:33.4.8-jre	dev
:feature:topic:impl	transitive	com.google.guava:listenablefuture:1.0	dev
:feature:topic:impl	transitive	com.google.guava:listenablefuture:1.0	prod
:feature:topic:impl	transitive	com.google.guava:listenablefuture:9999.0-empty-to-avoid-conflict-with-guava	dev
:feature:topic:impl	transitive	com.google.guava:listenablefuture:9999.0-empty-to-avoid-conflict-with-guava	prod
:feature:topic:impl	transitive	com.google.j2objc:j2objc-annotations:1.3	dev
:feature:topic:impl	transitive	com.google.j2objc:j2objc-annotations:1.3	prod
:feature:topic:impl	transitive	com.google.j2objc:j2objc-annotations:3.0.0	dev
:feature:topic:impl	transitive	com.google.protobuf:protobuf-javalite:4.29.2	dev
:feature:topic:impl	transitive	com.google.protobuf:protobuf-javalite:4.29.2	prod
:feature:topic:impl	transitive	com.google.protobuf:protobuf-kotlin-lite:4.29.2	dev
:feature:topic:impl	transitive	com.google.protobuf:protobuf-kotlin-lite:4.29.2	prod
:feature:topic:impl	transitive	com.google.testparameterinjector:test-parameter-injector:1.18	dev
:feature:topic:impl	transitive	com.ibm.icu:icu4j:77.1	dev
:feature:topic:impl	transitive	com.squareup.okhttp3:logging-interceptor:4.12.0	dev
:feature:topic:impl	transitive	com.squareup.okhttp3:logging-interceptor:4.12.0	prod
:feature:topic:impl	transitive	com.squareup.okhttp3:okhttp:4.12.0	dev
:feature:topic:impl	transitive	com.squareup.okhttp3:okhttp:4.12.0	prod
:feature:topic:impl	transitive	com.squareup.okio:okio-jvm:3.9.1	dev
:feature:topic:impl	transitive	com.squareup.okio:okio-jvm:3.9.1	prod
:feature:topic:impl	transitive	com.squareup.okio:okio:3.9.1	dev
:feature:topic:impl	transitive	com.squareup.okio:okio:3.9.1	prod
:feature:topic:impl	transitive	com.squareup.retrofit2:converter-kotlinx-serialization:2.11.0	dev
:feature:topic:impl	transitive	com.squareup.retrofit2:converter-kotlinx-serialization:2.11.0	prod
:feature:topic:impl	transitive	com.squareup.retrofit2:retrofit:2.11.0	dev
:feature:topic:impl	transitive	com.squareup.retrofit2:retrofit:2.11.0	prod
:feature:topic:impl	transitive	com.squareup:javawriter:2.1.1	dev
:feature:topic:impl	transitive	io.coil-kt:coil-base:2.7.0	dev
:feature:topic:impl	transitive	io.coil-kt:coil-base:2.7.0	prod
:feature:topic:impl	transitive	io.coil-kt:coil-compose-base:2.7.0	dev
:feature:topic:impl	transitive	io.coil-kt:coil-compose-base:2.7.0	prod
:feature:topic:impl	transitive	io.coil-kt:coil-compose:2.7.0	dev
:feature:topic:impl	transitive	io.coil-kt:coil-compose:2.7.0	prod
:feature:topic:impl	transitive	io.coil-kt:coil-svg:2.7.0	dev
:feature:topic:impl	transitive	io.coil-kt:coil-svg:2.7.0	prod
:feature:topic:impl	transitive	io.coil-kt:coil:2.7.0	dev
:feature:topic:impl	transitive	io.coil-kt:coil:2.7.0	prod
:feature:topic:impl	transitive	jakarta.inject:jakarta.inject-api:2.0.1	dev
:feature:topic:impl	transitive	jakarta.inject:jakarta.inject-api:2.0.1	prod
:feature:topic:impl	transitive	javax.annotation:javax.annotation-api:1.3.2	dev
:feature:topic:impl	transitive	javax.inject:javax.inject:1	dev
:feature:topic:impl	transitive	javax.inject:javax.inject:1	prod
:feature:topic:impl	transitive	junit:junit:4.13.2	dev
:feature:topic:impl	transitive	org.bouncycastle:bcprov-jdk18on:1.81	dev
:feature:topic:impl	transitive	org.checkerframework:checker-qual:3.12.0	dev
:feature:topic:impl	transitive	org.checkerframework:checker-qual:3.12.0	prod
:feature:topic:impl	transitive	org.conscrypt:conscrypt-openjdk-uber:2.5.2	dev
:feature:topic:impl	transitive	org.hamcrest:hamcrest-core:1.3	dev
:feature:topic:impl	transitive	org.hamcrest:hamcrest-integration:1.3	dev
:feature:topic:impl	transitive	org.hamcrest:hamcrest-library:1.3	dev
:feature:topic:impl	transitive	org.jetbrains.kotlin:kotlin-stdlib-common:2.3.0	dev
:feature:topic:impl	transitive	org.jetbrains.kotlin:kotlin-stdlib-common:2.3.0	prod
:feature:topic:impl	transitive	org.jetbrains.kotlin:kotlin-stdlib-jdk7:1.9.0	dev
:feature:topic:impl	transitive	org.jetbrains.kotlin:kotlin-stdlib-jdk7:1.9.0	prod
:feature:topic:impl	transitive	org.jetbrains.kotlin:kotlin-stdlib-jdk8:1.9.0	dev
:feature:topic:impl	transitive	org.jetbrains.kotlin:kotlin-stdlib-jdk8:1.9.0	prod
:feature:topic:impl	transitive	org.jetbrains.kotlin:kotlin-stdlib:2.3.0	dev
:feature:topic:impl	transitive	org.jetbrains.kotlinx:kotlinx-coroutines-android:1.10.1	dev
:feature:topic:impl	transitive	org.jetbrains.kotlinx:kotlinx-coroutines-android:1.10.1	prod
:feature:topic:impl	transitive	org.jetbrains.kotlinx:kotlinx-coroutines-android:1.9.0	prod
:feature:topic:impl	transitive	org.jetbrains.kotlinx:kotlinx-coroutines-bom:1.10.1	dev
:feature:topic:impl	transitive	org.jetbrains.kotlinx:kotlinx-coroutines-bom:1.10.1	prod
:feature:topic:impl	transitive	org.jetbrains.kotlinx:kotlinx-coroutines-bom:1.9.0	prod
:feature:topic:impl	transitive	org.jetbrains.kotlinx:kotlinx-coroutines-core-jvm:1.10.1	dev
:feature:topic:impl	transitive	org.jetbrains.kotlinx:kotlinx-coroutines-core-jvm:1.10.1	prod
:feature:topic:impl	transitive	org.jetbrains.kotlinx:kotlinx-coroutines-core-jvm:1.9.0	prod
:feature:topic:impl	transitive	org.jetbrains.kotlinx:kotlinx-coroutines-core:1.10.1	dev
:feature:topic:impl	transitive	org.jetbrains.kotlinx:kotlinx-coroutines-core:1.10.1	prod
:feature:topic:impl	transitive	org.jetbrains.kotlinx:kotlinx-coroutines-core:1.9.0	prod
:feature:topic:impl	transitive	org.jetbrains.kotlinx:kotlinx-coroutines-play-services:1.10.1	dev
:feature:topic:impl	transitive	org.jetbrains.kotlinx:kotlinx-coroutines-play-services:1.10.1	prod
:feature:topic:impl	transitive	org.jetbrains.kotlinx:kotlinx-coroutines-test-jvm:1.10.1	dev
:feature:topic:impl	transitive	org.jetbrains.kotlinx:kotlinx-coroutines-test:1.10.1	dev
:feature:topic:impl	transitive	org.jetbrains.kotlinx:kotlinx-datetime-jvm:0.6.1	dev
:feature:topic:impl	transitive	org.jetbrains.kotlinx:kotlinx-datetime-jvm:0.6.1	prod
:feature:topic:impl	transitive	org.jetbrains.kotlinx:kotlinx-datetime:0.6.1	dev
:feature:topic:impl	transitive	org.jetbrains.kotlinx:kotlinx-datetime:0.6.1	prod
:feature:topic:impl	transitive	org.jetbrains.kotlinx:kotlinx-serialization-bom:1.7.3	dev
:feature:topic:impl	transitive	org.jetbrains.kotlinx:kotlinx-serialization-bom:1.7.3	prod
:feature:topic:impl	transitive	org.jetbrains.kotlinx:kotlinx-serialization-bom:1.8.0	dev
:feature:topic:impl	transitive	org.jetbrains.kotlinx:kotlinx-serialization-bom:1.8.0	prod
:feature:topic:impl	transitive	org.jetbrains.kotlinx:kotlinx-serialization-core-jvm:1.7.3	dev
:feature:topic:impl	transitive	org.jetbrains.kotlinx:kotlinx-serialization-core-jvm:1.7.3	prod
:feature:topic:impl	transitive	org.jetbrains.kotlinx:kotlinx-serialization-core-jvm:1.8.0	dev
:feature:topic:impl	transitive	org.jetbrains.kotlinx:kotlinx-serialization-core-jvm:1.8.0	prod
:feature:topic:impl	transitive	org.jetbrains.kotlinx:kotlinx-serialization-core:1.7.3	dev
:feature:topic:impl	transitive	org.jetbrains.kotlinx:kotlinx-serialization-core:1.7.3	prod
:feature:topic:impl	transitive	org.jetbrains.kotlinx:kotlinx-serialization-core:1.8.0	dev
:feature:topic:impl	transitive	org.jetbrains.kotlinx:kotlinx-serialization-core:1.8.0	prod
:feature:topic:impl	transitive	org.jetbrains.kotlinx:kotlinx-serialization-json-jvm:1.8.0	dev
:feature:topic:impl	transitive	org.jetbrains.kotlinx:kotlinx-serialization-json-jvm:1.8.0	prod
:feature:topic:impl	transitive	org.jetbrains.kotlinx:kotlinx-serialization-json:1.8.0	dev
:feature:topic:impl	transitive	org.jetbrains.kotlinx:kotlinx-serialization-json:1.8.0	prod
:feature:topic:impl	transitive	org.jetbrains:annotations:23.0.0	dev
:feature:topic:impl	transitive	org.jetbrains:annotations:23.0.0	prod
:feature:topic:impl	transitive	org.jspecify:jspecify:1.0.0	dev
:feature:topic:impl	transitive	org.jspecify:jspecify:1.0.0	prod
:feature:topic:impl	transitive	org.ow2.asm:asm-commons:9.8	dev
:feature:topic:impl	transitive	org.ow2.asm:asm-tree:9.8	dev
:feature:topic:impl	transitive	org.ow2.asm:asm:9.8	dev
:feature:topic:impl	transitive	org.robolectric:annotations:4.16	dev
:feature:topic:impl	transitive	org.robolectric:junit:4.16	dev
:feature:topic:impl	transitive	org.robolectric:nativeruntime-dist-compat:1.0.18	dev
:feature:topic:impl	transitive	org.robolectric:nativeruntime:4.16	dev
:feature:topic:impl	transitive	org.robolectric:pluginapi:4.16	dev
:feature:topic:impl	transitive	org.robolectric:plugins-maven-dependency-resolver:4.16	dev
:feature:topic:impl	transitive	org.robolectric:resources:4.16	dev
:feature:topic:impl	transitive	org.robolectric:sandbox:4.16	dev
:feature:topic:impl	transitive	org.robolectric:shadowapi:4.16	dev
:feature:topic:impl	transitive	org.robolectric:shadows-framework:4.16	dev
:feature:topic:impl	transitive	org.robolectric:utils-reflector:4.16	dev
:feature:topic:impl	transitive	org.robolectric:utils:4.16	dev
:feature:topic:impl	transitive	org.yaml:snakeyaml:2.4	dev
:feature:interests:impl	direct	androidx.compose.material3.adaptive:adaptive-layout:1.3.0-alpha04	dev
:feature:interests:impl	direct	androidx.compose.material3.adaptive:adaptive-layout:1.3.0-alpha04	prod
:feature:interests:impl	direct	androidx.compose.material3.adaptive:adaptive-navigation3:1.3.0-alpha04	dev
:feature:interests:impl	direct	androidx.compose.material3.adaptive:adaptive-navigation3:1.3.0-alpha04	prod
:feature:interests:impl	direct	androidx.compose.material3.adaptive:adaptive-navigation:1.3.0-alpha04	dev
:feature:interests:impl	direct	androidx.compose.material3.adaptive:adaptive-navigation:1.3.0-alpha04	prod
:feature:interests:impl	direct	androidx.compose.material3.adaptive:adaptive:1.3.0-alpha04	dev
:feature:interests:impl	direct	androidx.compose.material3.adaptive:adaptive:1.3.0-alpha04	prod
:feature:interests:impl	direct	androidx.compose.material3:material3:1.5.0-alpha04	dev
:feature:interests:impl	direct	androidx.compose.material3:material3:1.5.0-alpha04	prod
:feature:interests:impl	direct	androidx.compose.ui:ui-test-junit4:1.10.0-alpha04	dev
:feature:interests:impl	direct	androidx.compose.ui:ui-test-junit4:1.10.0-beta02	dev
:feature:interests:impl	direct	androidx.compose.ui:ui-test-manifest:1.10.0-alpha04	dev
:feature:interests:impl	direct	androidx.compose.ui:ui-test-manifest:1.10.0-beta02	dev
:feature:interests:impl	direct	androidx.compose.ui:ui-tooling-preview:1.10.0-alpha04	dev
:feature:interests:impl	direct	androidx.compose.ui:ui-tooling-preview:1.10.0-alpha04	prod
:feature:interests:impl	direct	androidx.compose.ui:ui-tooling-preview:1.10.0-beta02	prod
:feature:interests:impl	direct	androidx.compose.ui:ui-tooling:1.10.0-alpha04	dev
:feature:interests:impl	direct	androidx.compose.ui:ui-tooling:1.10.0-alpha04	prod
:feature:interests:impl	direct	androidx.compose.ui:ui-tooling:1.10.0-beta02	prod
:feature:interests:impl	direct	androidx.compose:compose-bom-alpha:2025.09.01	dev
:feature:interests:impl	direct	androidx.compose:compose-bom-alpha:2025.09.01	prod
:feature:interests:impl	direct	androidx.hilt:hilt-lifecycle-viewmodel-compose:1.3.0-alpha02	dev
:feature:interests:impl	direct	androidx.hilt:hilt-lifecycle-viewmodel-compose:1.3.0-alpha02	prod
:feature:interests:impl	direct	androidx.lifecycle:lifecycle-runtime-compose:2.10.0	dev
:feature:interests:impl	direct	androidx.lifecycle:lifecycle-runtime-compose:2.10.0	prod
:feature:interests:impl	direct	androidx.lifecycle:lifecycle-runtime-testing:2.10.0	dev
:feature:interests:impl	direct	androidx.lifecycle:lifecycle-viewmodel-compose:2.10.0	dev
:feature:interests:impl	direct	androidx.lifecycle:lifecycle-viewmodel-compose:2.10.0	prod
:feature:interests:impl	direct	androidx.navigation3:navigation3-runtime:1.0.0	dev
:feature:interests:impl	direct	androidx.navigation3:navigation3-runtime:1.0.0	prod
:feature:interests:impl	direct	androidx.navigation:navigation-testing:2.8.5	dev
:feature:interests:impl	direct	androidx.test.espresso:espresso-core:3.6.1	dev
:feature:interests:impl	direct	androidx.tracing:tracing-ktx:1.3.0-alpha02	dev
:feature:interests:impl	direct	androidx.tracing:tracing-ktx:1.3.0-alpha02	prod
:feature:interests:impl	direct	com.google.dagger:hilt-android-testing:2.59	dev
:feature:interests:impl	direct	com.google.dagger:hilt-android:2.59	dev
:feature:interests:impl	direct	com.google.dagger:hilt-android:2.59	prod
:feature:interests:impl	direct	junit:junit:4.13.2	dev
:feature:interests:impl	direct	org.jacoco:org.jacoco.agent:0.8.13	dev
:feature:interests:impl	direct	org.jetbrains.kotlin:kotlin-stdlib:2.3.0	dev
:feature:interests:impl	direct	org.jetbrains.kotlin:kotlin-stdlib:2.3.0	prod
:feature:interests:impl	direct	org.jetbrains.kotlin:kotlin-test:2.3.0	dev
:feature:interests:impl	direct	org.robolectric:robolectric:4.16	dev
:feature:interests:impl	transitive	androidx.activity:activity-compose:1.12.0	dev
:feature:interests:impl	transitive	androidx.activity:activity-compose:1.12.0	prod
:feature:interests:impl	transitive	androidx.activity:activity-ktx:1.12.0	dev
:feature:interests:impl	transitive	androidx.activity:activity-ktx:1.12.0	prod
:feature:interests:impl	transitive	androidx.activity:activity:1.12.0	dev
:feature:interests:impl	transitive	androidx.activity:activity:1.12.0	prod
:feature:interests:impl	transitive	androidx.annotation:annotation-experimental:1.5.1	dev
:feature:interests:impl	transitive	androidx.annotation:annotation-experimental:1.5.1	prod
:feature:interests:impl	transitive	androidx.annotation:annotation-jvm:1.9.1	dev
:feature:interests:impl	transitive	androidx.annotation:annotation-jvm:1.9.1	prod
:feature:interests:impl	transitive	androidx.annotation:annotation:1.9.1	dev
:feature:interests:impl	transitive	androidx.annotation:annotation:1.9.1	prod
:feature:interests:impl	transitive	androidx.appcompat:appcompat-resources:1.6.1	dev
:feature:interests:impl	transitive	androidx.appcompat:appcompat-resources:1.6.1	prod
:feature:interests:impl	transitive	androidx.arch.core:core-common:2.2.0	dev
:feature:interests:impl	transitive	androidx.arch.core:core-common:2.2.0	prod
:feature:interests:impl	transitive	androidx.arch.core:core-runtime:2.2.0	dev
:feature:interests:impl	transitive	androidx.arch.core:core-runtime:2.2.0	prod
:feature:interests:impl	transitive	androidx.autofill:autofill:1.0.0	dev
:feature:interests:impl	transitive	androidx.autofill:autofill:1.0.0	prod
:feature:interests:impl	transitive	androidx.browser:browser:1.8.0	dev
:feature:interests:impl	transitive	androidx.browser:browser:1.8.0	prod
:feature:interests:impl	transitive	androidx.collection:collection-jvm:1.5.0	dev
:feature:interests:impl	transitive	androidx.collection:collection-jvm:1.5.0	prod
:feature:interests:impl	transitive	androidx.collection:collection-ktx:1.5.0	dev
:feature:interests:impl	transitive	androidx.collection:collection-ktx:1.5.0	prod
:feature:interests:impl	transitive	androidx.collection:collection:1.5.0	dev
:feature:interests:impl	transitive	androidx.collection:collection:1.5.0	prod
:feature:interests:impl	transitive	androidx.compose.animation:animation-android:1.10.0-alpha04	dev
:feature:interests:impl	transitive	androidx.compose.animation:animation-android:1.10.0-alpha04	prod
:feature:interests:impl	transitive	androidx.compose.animation:animation-android:1.10.0-beta02	dev
:feature:interests:impl	transitive	androidx.compose.animation:animation-android:1.10.0-beta02	prod
:feature:interests:impl	transitive	androidx.compose.animation:animation-core-android:1.10.0-alpha04	dev
:feature:interests:impl	transitive	androidx.compose.animation:animation-core-android:1.10.0-alpha04	prod
:feature:interests:impl	transitive	androidx.compose.animation:animation-core-android:1.10.0-beta02	dev
:feature:interests:impl	transitive	androidx.compose.animation:animation-core-android:1.10.0-beta02	prod
:feature:interests:impl	transitive	androidx.compose.animation:animation-core:1.10.0-alpha04	dev
:feature:interests:impl	transitive	androidx.compose.animation:animation-core:1.10.0-alpha04	prod
:feature:interests:impl	transitive	androidx.compose.animation:animation-core:1.10.0-beta02	dev
:feature:interests:impl	transitive	androidx.compose.animation:animation-core:1.10.0-beta02	prod
:feature:interests:impl	transitive	androidx.compose.animation:animation:1.10.0-alpha04	dev
:feature:interests:impl	transitive	androidx.compose.animation:animation:1.10.0-alpha04	prod
:feature:interests:impl	transitive	androidx.compose.animation:animation:1.10.0-beta02	dev
:feature:interests:impl	transitive	androidx.compose.animation:animation:1.10.0-beta02	prod
:feature:interests:impl	transitive	androidx.compose.foundation:foundation-android:1.10.0-alpha04	dev
:feature:interests:impl	transitive	androidx.compose.foundation:foundation-android:1.10.0-alpha04	prod
:feature:interests:impl	transitive	androidx.compose.foundation:foundation-android:1.10.0-beta02	dev
:feature:interests:impl	transitive	androidx.compose.foundation:foundation-android:1.10.0-beta02	prod
:feature:interests:impl	transitive	androidx.compose.foundation:foundation-layout-android:1.10.0-alpha04	dev
:feature:interests:impl	transitive	androidx.compose.foundation:foundation-layout-android:1.10.0-alpha04	prod
:feature:interests:impl	transitive	androidx.compose.foundation:foundation-layout-android:1.10.0-beta02	dev
:feature:interests:impl	transitive	androidx.compose.foundation:foundation-layout-android:1.10.0-beta02	prod
:feature:interests:impl	transitive	androidx.compose.foundation:foundation-layout:1.10.0-alpha04	dev
:feature:interests:impl	transitive	androidx.compose.foundation:foundation-layout:1.10.0-alpha04	prod
:feature:interests:impl	transitive	androidx.compose.foundation:foundation-layout:1.10.0-beta02	dev
:feature:interests:impl	transitive	androidx.compose.foundation:foundation-layout:1.10.0-beta02	prod
:feature:interests:impl	transitive	androidx.compose.foundation:foundation:1.10.0-alpha04	dev
:feature:interests:impl	transitive	androidx.compose.foundation:foundation:1.10.0-alpha04	prod
:feature:interests:impl	transitive	androidx.compose.foundation:foundation:1.10.0-beta02	dev
:feature:interests:impl	transitive	androidx.compose.foundation:foundation:1.10.0-beta02	prod
:feature:interests:impl	transitive	androidx.compose.material3.adaptive:adaptive-android:1.3.0-alpha04	dev
:feature:interests:impl	transitive	androidx.compose.material3.adaptive:adaptive-android:1.3.0-alpha04	prod
:feature:interests:impl	transitive	androidx.compose.material3.adaptive:adaptive-layout-android:1.3.0-alpha04	dev
:feature:interests:impl	transitive	androidx.compose.material3.adaptive:adaptive-layout-android:1.3.0-alpha04	prod
:feature:interests:impl	transitive	androidx.compose.material3.adaptive:adaptive-layout:1.3.0-alpha04	dev
:feature:interests:impl	transitive	androidx.compose.material3.adaptive:adaptive-navigation-android:1.3.0-alpha04	dev
:feature:interests:impl	transitive	androidx.compose.material3.adaptive:adaptive-navigation-android:1.3.0-alpha04	prod
:feature:interests:impl	transitive	androidx.compose.material3.adaptive:adaptive-navigation3-android:1.3.0-alpha04	dev
:feature:interests:impl	transitive	androidx.compose.material3.adaptive:adaptive-navigation3-android:1.3.0-alpha04	prod
:feature:interests:impl	transitive	androidx.compose.material3.adaptive:adaptive-navigation3:1.3.0-alpha04	dev
:feature:interests:impl	transitive	androidx.compose.material3.adaptive:adaptive-navigation:1.3.0-alpha04	dev
:feature:interests:impl	transitive	androidx.compose.material3.adaptive:adaptive:1.3.0-alpha04	dev
:feature:interests:impl	transitive	androidx.compose.material3:material3-adaptive-navigation-suite-android:1.5.0-alpha04	dev
:feature:interests:impl	transitive	androidx.compose.material3:material3-adaptive-navigation-suite-android:1.5.0-alpha04	prod
:feature:interests:impl	transitive	androidx.compose.material3:material3-adaptive-navigation-suite:1.5.0-alpha04	dev
:feature:interests:impl	transitive	androidx.compose.material3:material3-adaptive-navigation-suite:1.5.0-alpha04	prod
:feature:interests:impl	transitive	androidx.compose.material3:material3-android:1.5.0-alpha04	dev
:feature:interests:impl	transitive	androidx.compose.material3:material3-android:1.5.0-alpha04	prod
:feature:interests:impl	transitive	androidx.compose.material3:material3:1.5.0-alpha04	dev
:feature:interests:impl	transitive	androidx.compose.material:material-android:1.10.0-alpha04	dev
:feature:interests:impl	transitive	androidx.compose.material:material-android:1.10.0-alpha04	prod
:feature:interests:impl	transitive	androidx.compose.material:material-icons-core-android:1.7.8	dev
:feature:interests:impl	transitive	androidx.compose.material:material-icons-core-android:1.7.8	prod
:feature:interests:impl	transitive	androidx.compose.material:material-icons-core:1.7.8	dev
:feature:interests:impl	transitive	androidx.compose.material:material-icons-core:1.7.8	prod
:feature:interests:impl	transitive	androidx.compose.material:material-icons-extended-android:1.7.8	dev
:feature:interests:impl	transitive	androidx.compose.material:material-icons-extended-android:1.7.8	prod
:feature:interests:impl	transitive	androidx.compose.material:material-icons-extended:1.7.8	dev
:feature:interests:impl	transitive	androidx.compose.material:material-icons-extended:1.7.8	prod
:feature:interests:impl	transitive	androidx.compose.material:material-ripple-android:1.10.0-alpha04	dev
:feature:interests:impl	transitive	androidx.compose.material:material-ripple-android:1.10.0-alpha04	prod
:feature:interests:impl	transitive	androidx.compose.material:material-ripple:1.10.0-alpha04	dev
:feature:interests:impl	transitive	androidx.compose.material:material-ripple:1.10.0-alpha04	prod
:feature:interests:impl	transitive	androidx.compose.material:material:1.10.0-alpha04	dev
:feature:interests:impl	transitive	androidx.compose.material:material:1.10.0-alpha04	prod
:feature:interests:impl	transitive	androidx.compose.runtime:runtime-android:1.10.0-alpha04	dev
:feature:interests:impl	transitive	androidx.compose.runtime:runtime-android:1.10.0-alpha04	prod
:feature:interests:impl	transitive	androidx.compose.runtime:runtime-android:1.10.0-beta02	dev
:feature:interests:impl	transitive	androidx.compose.runtime:runtime-android:1.10.0-beta02	prod
:feature:interests:impl	transitive	androidx.compose.runtime:runtime-annotation-android:1.10.0-alpha04	dev
:feature:interests:impl	transitive	androidx.compose.runtime:runtime-annotation-android:1.10.0-alpha04	prod
:feature:interests:impl	transitive	androidx.compose.runtime:runtime-annotation-android:1.10.0-beta02	dev
:feature:interests:impl	transitive	androidx.compose.runtime:runtime-annotation-android:1.10.0-beta02	prod
:feature:interests:impl	transitive	androidx.compose.runtime:runtime-annotation:1.10.0-alpha04	dev
:feature:interests:impl	transitive	androidx.compose.runtime:runtime-annotation:1.10.0-alpha04	prod
:feature:interests:impl	transitive	androidx.compose.runtime:runtime-annotation:1.10.0-beta02	dev
:feature:interests:impl	transitive	androidx.compose.runtime:runtime-annotation:1.10.0-beta02	prod
:feature:interests:impl	transitive	androidx.compose.runtime:runtime-retain-android:1.10.0-alpha04	dev
:feature:interests:impl	transitive	androidx.compose.runtime:runtime-retain-android:1.10.0-alpha04	prod
:feature:interests:impl	transitive	androidx.compose.runtime:runtime-retain-android:1.10.0-beta02	dev
:feature:interests:impl	transitive	androidx.compose.runtime:runtime-retain-android:1.10.0-beta02	prod
:feature:interests:impl	transitive	androidx.compose.runtime:runtime-retain:1.10.0-alpha04	dev
:feature:interests:impl	transitive	androidx.compose.runtime:runtime-retain:1.10.0-alpha04	prod
:feature:interests:impl	transitive	androidx.compose.runtime:runtime-retain:1.10.0-beta02	dev
:feature:interests:impl	transitive	androidx.compose.runtime:runtime-retain:1.10.0-beta02	prod
:feature:interests:impl	transitive	androidx.compose.runtime:runtime-saveable-android:1.10.0-alpha04	dev
:feature:interests:impl	transitive	androidx.compose.runtime:runtime-saveable-android:1.10.0-alpha04	prod
:feature:interests:impl	transitive	androidx.compose.runtime:runtime-saveable-android:1.10.0-beta02	dev
:feature:interests:impl	transitive	androidx.compose.runtime:runtime-saveable-android:1.10.0-beta02	prod
:feature:interests:impl	transitive	androidx.compose.runtime:runtime-saveable:1.10.0-alpha04	dev
:feature:interests:impl	transitive	androidx.compose.runtime:runtime-saveable:1.10.0-alpha04	prod
:feature:interests:impl	transitive	androidx.compose.runtime:runtime-saveable:1.10.0-beta02	dev
:feature:interests:impl	transitive	androidx.compose.runtime:runtime-saveable:1.10.0-beta02	prod
:feature:interests:impl	transitive	androidx.compose.runtime:runtime:1.10.0-alpha04	dev
:feature:interests:impl	transitive	androidx.compose.runtime:runtime:1.10.0-alpha04	prod
:feature:interests:impl	transitive	androidx.compose.runtime:runtime:1.10.0-beta02	dev
:feature:interests:impl	transitive	androidx.compose.runtime:runtime:1.10.0-beta02	prod
:feature:interests:impl	transitive	androidx.compose.ui:ui-android:1.10.0-alpha04	dev
:feature:interests:impl	transitive	androidx.compose.ui:ui-android:1.10.0-alpha04	prod
:feature:interests:impl	transitive	androidx.compose.ui:ui-android:1.10.0-beta02	dev
:feature:interests:impl	transitive	androidx.compose.ui:ui-android:1.10.0-beta02	prod
:feature:interests:impl	transitive	androidx.compose.ui:ui-geometry-android:1.10.0-alpha04	dev
:feature:interests:impl	transitive	androidx.compose.ui:ui-geometry-android:1.10.0-alpha04	prod
:feature:interests:impl	transitive	androidx.compose.ui:ui-geometry-android:1.10.0-beta02	dev
:feature:interests:impl	transitive	androidx.compose.ui:ui-geometry-android:1.10.0-beta02	prod
:feature:interests:impl	transitive	androidx.compose.ui:ui-geometry:1.10.0-alpha04	dev
:feature:interests:impl	transitive	androidx.compose.ui:ui-geometry:1.10.0-alpha04	prod
:feature:interests:impl	transitive	androidx.compose.ui:ui-geometry:1.10.0-beta02	dev
:feature:interests:impl	transitive	androidx.compose.ui:ui-geometry:1.10.0-beta02	prod
:feature:interests:impl	transitive	androidx.compose.ui:ui-graphics-android:1.10.0-alpha04	dev
:feature:interests:impl	transitive	androidx.compose.ui:ui-graphics-android:1.10.0-alpha04	prod
:feature:interests:impl	transitive	androidx.compose.ui:ui-graphics-android:1.10.0-beta02	dev
:feature:interests:impl	transitive	androidx.compose.ui:ui-graphics-android:1.10.0-beta02	prod
:feature:interests:impl	transitive	androidx.compose.ui:ui-graphics:1.10.0-alpha04	dev
:feature:interests:impl	transitive	androidx.compose.ui:ui-graphics:1.10.0-alpha04	prod
:feature:interests:impl	transitive	androidx.compose.ui:ui-graphics:1.10.0-beta02	dev
:feature:interests:impl	transitive	androidx.compose.ui:ui-graphics:1.10.0-beta02	prod
:feature:interests:impl	transitive	androidx.compose.ui:ui-test-android:1.10.0-alpha04	dev
:feature:interests:impl	transitive	androidx.compose.ui:ui-test-android:1.10.0-beta02	dev
:feature:interests:impl	transitive	androidx.compose.ui:ui-test-junit4-android:1.10.0-alpha04	dev
:feature:interests:impl	transitive	androidx.compose.ui:ui-test-junit4-android:1.10.0-beta02	dev
:feature:interests:impl	transitive	androidx.compose.ui:ui-test:1.10.0-alpha04	dev
:feature:interests:impl	transitive	androidx.compose.ui:ui-test:1.10.0-beta02	dev
:feature:interests:impl	transitive	androidx.compose.ui:ui-text-android:1.10.0-alpha04	dev
:feature:interests:impl	transitive	androidx.compose.ui:ui-text-android:1.10.0-alpha04	prod
:feature:interests:impl	transitive	androidx.compose.ui:ui-text-android:1.10.0-beta02	dev
:feature:interests:impl	transitive	androidx.compose.ui:ui-text-android:1.10.0-beta02	prod
:feature:interests:impl	transitive	androidx.compose.ui:ui-text:1.10.0-alpha04	dev
:feature:interests:impl	transitive	androidx.compose.ui:ui-text:1.10.0-alpha04	prod
:feature:interests:impl	transitive	androidx.compose.ui:ui-text:1.10.0-beta02	dev
:feature:interests:impl	transitive	androidx.compose.ui:ui-text:1.10.0-beta02	prod
:feature:interests:impl	transitive	androidx.compose.ui:ui-tooling-android:1.10.0-alpha04	dev
:feature:interests:impl	transitive	androidx.compose.ui:ui-tooling-android:1.10.0-alpha04	prod
:feature:interests:impl	transitive	androidx.compose.ui:ui-tooling-android:1.10.0-beta02	dev
:feature:interests:impl	transitive	androidx.compose.ui:ui-tooling-android:1.10.0-beta02	prod
:feature:interests:impl	transitive	androidx.compose.ui:ui-tooling-data-android:1.10.0-alpha04	dev
:feature:interests:impl	transitive	androidx.compose.ui:ui-tooling-data-android:1.10.0-alpha04	prod
:feature:interests:impl	transitive	androidx.compose.ui:ui-tooling-data-android:1.10.0-beta02	dev
:feature:interests:impl	transitive	androidx.compose.ui:ui-tooling-data-android:1.10.0-beta02	prod
:feature:interests:impl	transitive	androidx.compose.ui:ui-tooling-data:1.10.0-alpha04	dev
:feature:interests:impl	transitive	androidx.compose.ui:ui-tooling-data:1.10.0-alpha04	prod
:feature:interests:impl	transitive	androidx.compose.ui:ui-tooling-data:1.10.0-beta02	dev
:feature:interests:impl	transitive	androidx.compose.ui:ui-tooling-data:1.10.0-beta02	prod
:feature:interests:impl	transitive	androidx.compose.ui:ui-tooling-preview-android:1.10.0-alpha04	dev
:feature:interests:impl	transitive	androidx.compose.ui:ui-tooling-preview-android:1.10.0-alpha04	prod
:feature:interests:impl	transitive	androidx.compose.ui:ui-tooling-preview-android:1.10.0-beta02	dev
:feature:interests:impl	transitive	androidx.compose.ui:ui-tooling-preview-android:1.10.0-beta02	prod
:feature:interests:impl	transitive	androidx.compose.ui:ui-tooling-preview:1.10.0-beta02	dev
:feature:interests:impl	transitive	androidx.compose.ui:ui-tooling:1.10.0-beta02	dev
:feature:interests:impl	transitive	androidx.compose.ui:ui-unit-android:1.10.0-alpha04	dev
:feature:interests:impl	transitive	androidx.compose.ui:ui-unit-android:1.10.0-alpha04	prod
:feature:interests:impl	transitive	androidx.compose.ui:ui-unit-android:1.10.0-beta02	dev
:feature:interests:impl	transitive	androidx.compose.ui:ui-unit-android:1.10.0-beta02	prod
:feature:interests:impl	transitive	androidx.compose.ui:ui-unit:1.10.0-alpha04	dev
:feature:interests:impl	transitive	androidx.compose.ui:ui-unit:1.10.0-alpha04	prod
:feature:interests:impl	transitive	androidx.compose.ui:ui-unit:1.10.0-beta02	dev
:feature:interests:impl	transitive	androidx.compose.ui:ui-unit:1.10.0-beta02	prod
:feature:interests:impl	transitive	androidx.compose.ui:ui-util-android:1.10.0-alpha04	dev
:feature:interests:impl	transitive	androidx.compose.ui:ui-util-android:1.10.0-alpha04	prod
:feature:interests:impl	transitive	androidx.compose.ui:ui-util-android:1.10.0-beta02	dev
:feature:interests:impl	transitive	androidx.compose.ui:ui-util-android:1.10.0-beta02	prod
:feature:interests:impl	transitive	androidx.compose.ui:ui-util:1.10.0-alpha04	dev
:feature:interests:impl	transitive	androidx.compose.ui:ui-util:1.10.0-alpha04	prod
:feature:interests:impl	transitive	androidx.compose.ui:ui-util:1.10.0-beta02	dev
:feature:interests:impl	transitive	androidx.compose.ui:ui-util:1.10.0-beta02	prod
:feature:interests:impl	transitive	androidx.compose.ui:ui:1.10.0-alpha04	dev
:feature:interests:impl	transitive	androidx.compose.ui:ui:1.10.0-alpha04	prod
:feature:interests:impl	transitive	androidx.compose.ui:ui:1.10.0-beta02	dev
:feature:interests:impl	transitive	androidx.compose.ui:ui:1.10.0-beta02	prod
:feature:interests:impl	transitive	androidx.compose:compose-bom-alpha:2025.09.01	dev
:feature:interests:impl	transitive	androidx.concurrent:concurrent-futures-ktx:1.1.0	dev
:feature:interests:impl	transitive	androidx.concurrent:concurrent-futures:1.1.0	dev
:feature:interests:impl	transitive	androidx.concurrent:concurrent-futures:1.1.0	prod
:feature:interests:impl	transitive	androidx.core:core-ktx:1.16.0	dev
:feature:interests:impl	transitive	androidx.core:core-ktx:1.16.0	prod
:feature:interests:impl	transitive	androidx.core:core-viewtree:1.0.0	dev
:feature:interests:impl	transitive	androidx.core:core-viewtree:1.0.0	prod
:feature:interests:impl	transitive	androidx.core:core:1.16.0	dev
:feature:interests:impl	transitive	androidx.core:core:1.16.0	prod
:feature:interests:impl	transitive	androidx.customview:customview-poolingcontainer:1.0.0	dev
:feature:interests:impl	transitive	androidx.customview:customview-poolingcontainer:1.0.0	prod
:feature:interests:impl	transitive	androidx.customview:customview:1.0.0	dev
:feature:interests:impl	transitive	androidx.customview:customview:1.0.0	prod
:feature:interests:impl	transitive	androidx.datastore:datastore-android:1.2.0	dev
:feature:interests:impl	transitive	androidx.datastore:datastore-android:1.2.0	prod
:feature:interests:impl	transitive	androidx.datastore:datastore-core-android:1.2.0	dev
:feature:interests:impl	transitive	androidx.datastore:datastore-core-android:1.2.0	prod
:feature:interests:impl	transitive	androidx.datastore:datastore-core-okio-jvm:1.2.0	dev
:feature:interests:impl	transitive	androidx.datastore:datastore-core-okio-jvm:1.2.0	prod
:feature:interests:impl	transitive	androidx.datastore:datastore-core-okio:1.2.0	dev
:feature:interests:impl	transitive	androidx.datastore:datastore-core-okio:1.2.0	prod
:feature:interests:impl	transitive	androidx.datastore:datastore-core:1.2.0	dev
:feature:interests:impl	transitive	androidx.datastore:datastore-core:1.2.0	prod
:feature:interests:impl	transitive	androidx.datastore:datastore:1.2.0	dev
:feature:interests:impl	transitive	androidx.datastore:datastore:1.2.0	prod
:feature:interests:impl	transitive	androidx.documentfile:documentfile:1.0.0	dev
:feature:interests:impl	transitive	androidx.documentfile:documentfile:1.0.0	prod
:feature:interests:impl	transitive	androidx.dynamicanimation:dynamicanimation:1.0.0	dev
:feature:interests:impl	transitive	androidx.dynamicanimation:dynamicanimation:1.0.0	prod
:feature:interests:impl	transitive	androidx.emoji2:emoji2:1.4.0	dev
:feature:interests:impl	transitive	androidx.emoji2:emoji2:1.4.0	prod
:feature:interests:impl	transitive	androidx.exifinterface:exifinterface:1.3.7	dev
:feature:interests:impl	transitive	androidx.exifinterface:exifinterface:1.3.7	prod
:feature:interests:impl	transitive	androidx.fragment:fragment:1.5.1	dev
:feature:interests:impl	transitive	androidx.fragment:fragment:1.5.1	prod
:feature:interests:impl	transitive	androidx.graphics:graphics-path:1.0.1	dev
:feature:interests:impl	transitive	androidx.graphics:graphics-path:1.0.1	prod
:feature:interests:impl	transitive	androidx.graphics:graphics-shapes-android:1.0.1	dev
:feature:interests:impl	transitive	androidx.graphics:graphics-shapes-android:1.0.1	prod
:feature:interests:impl	transitive	androidx.graphics:graphics-shapes:1.0.1	dev
:feature:interests:impl	transitive	androidx.graphics:graphics-shapes:1.0.1	prod
:feature:interests:impl	transitive	androidx.hilt:hilt-lifecycle-viewmodel-compose:1.3.0-alpha02	dev
:feature:interests:impl	transitive	androidx.hilt:hilt-lifecycle-viewmodel:1.3.0-alpha02	dev
:feature:interests:impl	transitive	androidx.hilt:hilt-lifecycle-viewmodel:1.3.0-alpha02	prod
:feature:interests:impl	transitive	androidx.interpolator:interpolator:1.0.0	dev
:feature:interests:impl	transitive	androidx.interpolator:interpolator:1.0.0	prod
:feature:interests:impl	transitive	androidx.legacy:legacy-support-core-utils:1.0.0	dev
:feature:interests:impl	transitive	androidx.legacy:legacy-support-core-utils:1.0.0	prod
:feature:interests:impl	transitive	androidx.lifecycle:lifecycle-common-java8:2.10.0	dev
:feature:interests:impl	transitive	androidx.lifecycle:lifecycle-common-java8:2.10.0	prod
:feature:interests:impl	transitive	androidx.lifecycle:lifecycle-common-jvm:2.10.0	dev
:feature:interests:impl	transitive	androidx.lifecycle:lifecycle-common-jvm:2.10.0	prod
:feature:interests:impl	transitive	androidx.lifecycle:lifecycle-common:2.10.0	dev
:feature:interests:impl	transitive	androidx.lifecycle:lifecycle-common:2.10.0	prod
:feature:interests:impl	transitive	androidx.lifecycle:lifecycle-livedata-core-ktx:2.10.0	dev
:feature:interests:impl	transitive	androidx.lifecycle:lifecycle-livedata-core-ktx:2.10.0	prod
:feature:interests:impl	transitive	androidx.lifecycle:lifecycle-livedata-core:2.10.0	dev
:feature:interests:impl	transitive	androidx.lifecycle:lifecycle-livedata-core:2.10.0	prod
:feature:interests:impl	transitive	androidx.lifecycle:lifecycle-livedata:2.10.0	dev
:feature:interests:impl	transitive	androidx.lifecycle:lifecycle-livedata:2.10.0	prod
:feature:interests:impl	transitive	androidx.lifecycle:lifecycle-process:2.10.0	dev
:feature:interests:impl	transitive	androidx.lifecycle:lifecycle-process:2.10.0	prod
:feature:interests:impl	transitive	androidx.lifecycle:lifecycle-runtime-android:2.10.0	dev
:feature:interests:impl	transitive	androidx.lifecycle:lifecycle-runtime-android:2.10.0	prod
:feature:interests:impl	transitive	androidx.lifecycle:lifecycle-runtime-compose-android:2.10.0	dev
:feature:interests:impl	transitive	androidx.lifecycle:lifecycle-runtime-compose-android:2.10.0	prod
:feature:interests:impl	transitive	androidx.lifecycle:lifecycle-runtime-compose:2.10.0	dev
:feature:interests:impl	transitive	androidx.lifecycle:lifecycle-runtime-ktx-android:2.10.0	dev
:feature:interests:impl	transitive	androidx.lifecycle:lifecycle-runtime-ktx-android:2.10.0	prod
:feature:interests:impl	transitive	androidx.lifecycle:lifecycle-runtime-ktx:2.10.0	dev
:feature:interests:impl	transitive	androidx.lifecycle:lifecycle-runtime-ktx:2.10.0	prod
:feature:interests:impl	transitive	androidx.lifecycle:lifecycle-runtime-testing-android:2.10.0	dev
:feature:interests:impl	transitive	androidx.lifecycle:lifecycle-runtime-testing:2.10.0	dev
:feature:interests:impl	transitive	androidx.lifecycle:lifecycle-runtime:2.10.0	dev
:feature:interests:impl	transitive	androidx.lifecycle:lifecycle-runtime:2.10.0	prod
:feature:interests:impl	transitive	androidx.lifecycle:lifecycle-viewmodel-android:2.10.0	dev
:feature:interests:impl	transitive	androidx.lifecycle:lifecycle-viewmodel-android:2.10.0	prod
:feature:interests:impl	transitive	androidx.lifecycle:lifecycle-viewmodel-compose-android:2.10.0	dev
:feature:interests:impl	transitive	androidx.lifecycle:lifecycle-viewmodel-compose-android:2.10.0	prod
:feature:interests:impl	transitive	androidx.lifecycle:lifecycle-viewmodel-compose:2.10.0	dev
:feature:interests:impl	transitive	androidx.lifecycle:lifecycle-viewmodel-ktx:2.10.0	dev
:feature:interests:impl	transitive	androidx.lifecycle:lifecycle-viewmodel-ktx:2.10.0	prod
:feature:interests:impl	transitive	androidx.lifecycle:lifecycle-viewmodel-navigation3-android:2.10.0	dev
:feature:interests:impl	transitive	androidx.lifecycle:lifecycle-viewmodel-navigation3-android:2.10.0	prod
:feature:interests:impl	transitive	androidx.lifecycle:lifecycle-viewmodel-navigation3:2.10.0	dev
:feature:interests:impl	transitive	androidx.lifecycle:lifecycle-viewmodel-navigation3:2.10.0	prod
:feature:interests:impl	transitive	androidx.lifecycle:lifecycle-viewmodel-savedstate-android:2.10.0	dev
:feature:interests:impl	transitive	androidx.lifecycle:lifecycle-viewmodel-savedstate-android:2.10.0	prod
:feature:interests:impl	transitive	androidx.lifecycle:lifecycle-viewmodel-savedstate:2.10.0	dev
:feature:interests:impl	transitive	androidx.lifecycle:lifecycle-viewmodel-savedstate:2.10.0	prod
:feature:interests:impl	transitive	androidx.lifecycle:lifecycle-viewmodel:2.10.0	dev
:feature:interests:impl	transitive	androidx.lifecycle:lifecycle-viewmodel:2.10.0	prod
:feature:interests:impl	transitive	androidx.loader:loader:1.0.0	dev
:feature:interests:impl	transitive	androidx.loader:loader:1.0.0	prod
:feature:interests:impl	transitive	androidx.localbroadcastmanager:localbroadcastmanager:1.0.0	dev
:feature:interests:impl	transitive	androidx.localbroadcastmanager:localbroadcastmanager:1.0.0	prod
:feature:interests:impl	transitive	androidx.metrics:metrics-performance:1.0.0-beta01	dev
:feature:interests:impl	transitive	androidx.metrics:metrics-performance:1.0.0-beta01	prod
:feature:interests:impl	transitive	androidx.multidex:multidex:2.0.1	dev
:feature:interests:impl	transitive	androidx.navigation3:navigation3-runtime-android:1.0.0	dev
:feature:interests:impl	transitive	androidx.navigation3:navigation3-runtime-android:1.0.0	prod
:feature:interests:impl	transitive	androidx.navigation3:navigation3-runtime:1.0.0	dev
:feature:interests:impl	transitive	androidx.navigation3:navigation3-ui-android:1.0.0	dev
:feature:interests:impl	transitive	androidx.navigation3:navigation3-ui-android:1.0.0	prod
:feature:interests:impl	transitive	androidx.navigation3:navigation3-ui:1.0.0	dev
:feature:interests:impl	transitive	androidx.navigation3:navigation3-ui:1.0.0	prod
:feature:interests:impl	transitive	androidx.navigation:navigation-common:2.8.5	dev
:feature:interests:impl	transitive	androidx.navigation:navigation-runtime:2.8.5	dev
:feature:interests:impl	transitive	androidx.navigationevent:navigationevent-android:1.0.0	dev
:feature:interests:impl	transitive	androidx.navigationevent:navigationevent-android:1.0.0	prod
:feature:interests:impl	transitive	androidx.navigationevent:navigationevent-compose-android:1.0.0	dev
:feature:interests:impl	transitive	androidx.navigationevent:navigationevent-compose-android:1.0.0	prod
:feature:interests:impl	transitive	androidx.navigationevent:navigationevent-compose:1.0.0	dev
:feature:interests:impl	transitive	androidx.navigationevent:navigationevent-compose:1.0.0	prod
:feature:interests:impl	transitive	androidx.navigationevent:navigationevent:1.0.0	dev
:feature:interests:impl	transitive	androidx.navigationevent:navigationevent:1.0.0	prod
:feature:interests:impl	transitive	androidx.print:print:1.0.0	dev
:feature:interests:impl	transitive	androidx.print:print:1.0.0	prod
:feature:interests:impl	transitive	androidx.privacysandbox.ads:ads-adservices-java:1.0.0-beta05	dev
:feature:interests:impl	transitive	androidx.privacysandbox.ads:ads-adservices-java:1.0.0-beta05	prod
:feature:interests:impl	transitive	androidx.privacysandbox.ads:ads-adservices:1.0.0-beta05	dev
:feature:interests:impl	transitive	androidx.privacysandbox.ads:ads-adservices:1.0.0-beta05	prod
:feature:interests:impl	transitive	androidx.profileinstaller:profileinstaller:1.4.0	dev
:feature:interests:impl	transitive	androidx.profileinstaller:profileinstaller:1.4.0	prod
:feature:interests:impl	transitive	androidx.room:room-common-jvm:2.8.3	dev
:feature:interests:impl	transitive	androidx.room:room-common-jvm:2.8.3	prod
:feature:interests:impl	transitive	androidx.room:room-common:2.8.3	dev
:feature:interests:impl	transitive	androidx.room:room-common:2.8.3	prod
:feature:interests:impl	transitive	androidx.room:room-ktx:2.8.3	dev
:feature:interests:impl	transitive	androidx.room:room-ktx:2.8.3	prod
:feature:interests:impl	transitive	androidx.room:room-runtime-android:2.8.3	dev
:feature:interests:impl	transitive	androidx.room:room-runtime-android:2.8.3	prod
:feature:interests:impl	transitive	androidx.room:room-runtime:2.8.3	dev
:feature:interests:impl	transitive	androidx.room:room-runtime:2.8.3	prod
:feature:interests:impl	transitive	androidx.savedstate:savedstate-android:1.4.0	dev
:feature:interests:impl	transitive	androidx.savedstate:savedstate-android:1.4.0	prod
:feature:interests:impl	transitive	androidx.savedstate:savedstate-compose-android:1.4.0	dev
:feature:interests:impl	transitive	androidx.savedstate:savedstate-compose-android:1.4.0	prod
:feature:interests:impl	transitive	androidx.savedstate:savedstate-compose:1.4.0	dev
:feature:interests:impl	transitive	androidx.savedstate:savedstate-compose:1.4.0	prod
:feature:interests:impl	transitive	androidx.savedstate:savedstate-ktx:1.4.0	dev
:feature:interests:impl	transitive	androidx.savedstate:savedstate-ktx:1.4.0	prod
:feature:interests:impl	transitive	androidx.savedstate:savedstate:1.4.0	dev
:feature:interests:impl	transitive	androidx.savedstate:savedstate:1.4.0	prod
:feature:interests:impl	transitive	androidx.sqlite:sqlite-android:2.6.1	dev
:feature:interests:impl	transitive	androidx.sqlite:sqlite-android:2.6.1	prod
:feature:interests:impl	transitive	androidx.sqlite:sqlite-framework-android:2.6.1	dev
:feature:interests:impl	transitive	androidx.sqlite:sqlite-framework-android:2.6.1	prod
:feature:interests:impl	transitive	androidx.sqlite:sqlite-framework:2.6.1	dev
:feature:interests:impl	transitive	androidx.sqlite:sqlite-framework:2.6.1	prod
:feature:interests:impl	transitive	androidx.sqlite:sqlite:2.6.1	dev
:feature:interests:impl	transitive	androidx.sqlite:sqlite:2.6.1	prod
:feature:interests:impl	transitive	androidx.startup:startup-runtime:1.1.1	dev
:feature:interests:impl	transitive	androidx.startup:startup-runtime:1.1.1	prod
:feature:interests:impl	transitive	androidx.test.espresso:espresso-core:3.5.0	dev
:feature:interests:impl	transitive	androidx.test.espresso:espresso-idling-resource:3.5.0	dev
:feature:interests:impl	transitive	androidx.test.espresso:espresso-idling-resource:3.6.1	dev
:feature:interests:impl	transitive	androidx.test.espresso:espresso-idling-resource:3.7.0	dev
:feature:interests:impl	transitive	androidx.test.ext:junit:1.1.5	dev
:feature:interests:impl	transitive	androidx.test.services:storage:1.4.2	dev
:feature:interests:impl	transitive	androidx.test.services:storage:1.5.0	dev
:feature:interests:impl	transitive	androidx.test.services:storage:1.6.0-rc01	dev
:feature:interests:impl	transitive	androidx.test:annotation:1.0.1	dev
:feature:interests:impl	transitive	androidx.test:core:1.5.0	dev
:feature:interests:impl	transitive	androidx.test:core:1.6.1	dev
:feature:interests:impl	transitive	androidx.test:monitor:1.6.1	dev
:feature:interests:impl	transitive	androidx.test:monitor:1.8.0	dev
:feature:interests:impl	transitive	androidx.test:monitor:1.8.0-rc01	dev
:feature:interests:impl	transitive	androidx.test:rules:1.7.0-rc01	dev
:feature:interests:impl	transitive	androidx.test:runner:1.6.1	dev
:feature:interests:impl	transitive	androidx.test:runner:1.7.0-rc01	dev
:feature:interests:impl	transitive	androidx.tracing:tracing-ktx:1.3.0-alpha02	dev
:feature:interests:impl	transitive	androidx.tracing:tracing:1.3.0-alpha02	dev
:feature:interests:impl	transitive	androidx.tracing:tracing:1.3.0-alpha02	prod
:feature:interests:impl	transitive	androidx.transition:transition:1.6.0	dev
:feature:interests:impl	transitive	androidx.transition:transition:1.6.0	prod
:feature:interests:impl	transitive	androidx.vectordrawable:vectordrawable-animated:1.1.0	dev
:feature:interests:impl	transitive	androidx.vectordrawable:vectordrawable-animated:1.1.0	prod
:feature:interests:impl	transitive	androidx.vectordrawable:vectordrawable:1.1.0	dev
:feature:interests:impl	transitive	androidx.vectordrawable:vectordrawable:1.1.0	prod
:feature:interests:impl	transitive	androidx.versionedparcelable:versionedparcelable:1.1.1	dev
:feature:interests:impl	transitive	androidx.versionedparcelable:versionedparcelable:1.1.1	prod
:feature:interests:impl	transitive	androidx.viewpager:viewpager:1.0.0	dev
:feature:interests:impl	transitive	androidx.viewpager:viewpager:1.0.0	prod
:feature:interests:impl	transitive	androidx.window:window-core-android:1.5.0	dev
:feature:interests:impl	transitive	androidx.window:window-core-android:1.5.0	prod
:feature:interests:impl	transitive	androidx.window:window-core:1.5.0	dev
:feature:interests:impl	transitive	androidx.window:window-core:1.5.0	prod
:feature:interests:impl	transitive	androidx.window:window:1.5.0	dev
:feature:interests:impl	transitive	androidx.window:window:1.5.0	prod
:feature:interests:impl	transitive	com.almworks.sqlite4java:sqlite4java:1.0.392	dev
:feature:interests:impl	transitive	com.caverock:androidsvg-aar:1.4	dev
:feature:interests:impl	transitive	com.caverock:androidsvg-aar:1.4	prod
:feature:interests:impl	transitive	com.google.accompanist:accompanist-drawablepainter:0.32.0	dev
:feature:interests:impl	transitive	com.google.accompanist:accompanist-drawablepainter:0.32.0	prod
:feature:interests:impl	transitive	com.google.android.gms:play-services-ads-identifier:18.0.0	dev
:feature:interests:impl	transitive	com.google.android.gms:play-services-ads-identifier:18.0.0	prod
:feature:interests:impl	transitive	com.google.android.gms:play-services-base:18.5.0	dev
:feature:interests:impl	transitive	com.google.android.gms:play-services-base:18.5.0	prod
:feature:interests:impl	transitive	com.google.android.gms:play-services-basement:18.4.0	dev
:feature:interests:impl	transitive	com.google.android.gms:play-services-basement:18.4.0	prod
:feature:interests:impl	transitive	com.google.android.gms:play-services-measurement-api:22.1.2	dev
:feature:interests:impl	transitive	com.google.android.gms:play-services-measurement-api:22.1.2	prod
:feature:interests:impl	transitive	com.google.android.gms:play-services-measurement-base:22.1.2	dev
:feature:interests:impl	transitive	com.google.android.gms:play-services-measurement-base:22.1.2	prod
:feature:interests:impl	transitive	com.google.android.gms:play-services-measurement-impl:22.1.2	dev
:feature:interests:impl	transitive	com.google.android.gms:play-services-measurement-impl:22.1.2	prod
:feature:interests:impl	transitive	com.google.android.gms:play-services-measurement-sdk-api:22.1.2	dev
:feature:interests:impl	transitive	com.google.android.gms:play-services-measurement-sdk-api:22.1.2	prod
:feature:interests:impl	transitive	com.google.android.gms:play-services-measurement-sdk:22.1.2	dev
:feature:interests:impl	transitive	com.google.android.gms:play-services-measurement-sdk:22.1.2	prod
:feature:interests:impl	transitive	com.google.android.gms:play-services-measurement:22.1.2	dev
:feature:interests:impl	transitive	com.google.android.gms:play-services-measurement:22.1.2	prod
:feature:interests:impl	transitive	com.google.android.gms:play-services-stats:17.0.2	dev
:feature:interests:impl	transitive	com.google.android.gms:play-services-stats:17.0.2	prod
:feature:interests:impl	transitive	com.google.android.gms:play-services-tasks:18.2.0	dev
:feature:interests:impl	transitive	com.google.android.gms:play-services-tasks:18.2.0	prod
:feature:interests:impl	transitive	com.google.auto.value:auto-value-annotations:1.11.0	dev
:feature:interests:impl	transitive	com.google.code.findbugs:jsr305:3.0.2	dev
:feature:interests:impl	transitive	com.google.code.findbugs:jsr305:3.0.2	prod
:feature:interests:impl	transitive	com.google.dagger:dagger-lint-aar:2.59	dev
:feature:interests:impl	transitive	com.google.dagger:dagger-lint-aar:2.59	prod
:feature:interests:impl	transitive	com.google.dagger:dagger:2.59	dev
:feature:interests:impl	transitive	com.google.dagger:dagger:2.59	prod
:feature:interests:impl	transitive	com.google.dagger:hilt-android-testing:2.59	dev
:feature:interests:impl	transitive	com.google.dagger:hilt-android:2.59	dev
:feature:interests:impl	transitive	com.google.dagger:hilt-core:2.59	dev
:feature:interests:impl	transitive	com.google.dagger:hilt-core:2.59	prod
:feature:interests:impl	transitive	com.google.errorprone:error_prone_annotation:2.41.0	dev
:feature:interests:impl	transitive	com.google.errorprone:error_prone_annotations:2.26.0	dev
:feature:interests:impl	transitive	com.google.errorprone:error_prone_annotations:2.26.0	prod
:feature:interests:impl	transitive	com.google.errorprone:error_prone_annotations:2.36.0	dev
:feature:interests:impl	transitive	com.google.firebase:firebase-analytics:22.1.2	dev
:feature:interests:impl	transitive	com.google.firebase:firebase-analytics:22.1.2	prod
:feature:interests:impl	transitive	com.google.firebase:firebase-annotations:16.2.0	dev
:feature:interests:impl	transitive	com.google.firebase:firebase-annotations:16.2.0	prod
:feature:interests:impl	transitive	com.google.firebase:firebase-bom:33.7.0	dev
:feature:interests:impl	transitive	com.google.firebase:firebase-bom:33.7.0	prod
:feature:interests:impl	transitive	com.google.firebase:firebase-common-ktx:21.0.0	dev
:feature:interests:impl	transitive	com.google.firebase:firebase-common-ktx:21.0.0	prod
:feature:interests:impl	transitive	com.google.firebase:firebase-common:21.0.0	dev
:feature:interests:impl	transitive	com.google.firebase:firebase-common:21.0.0	prod
:feature:interests:impl	transitive	com.google.firebase:firebase-components:18.0.0	dev
:feature:interests:impl	transitive	com.google.firebase:firebase-components:18.0.0	prod
:feature:interests:impl	transitive	com.google.firebase:firebase-installations-interop:17.1.1	dev
:feature:interests:impl	transitive	com.google.firebase:firebase-installations-interop:17.1.1	prod
:feature:interests:impl	transitive	com.google.firebase:firebase-installations:18.0.0	dev
:feature:interests:impl	transitive	com.google.firebase:firebase-installations:18.0.0	prod
:feature:interests:impl	transitive	com.google.firebase:firebase-measurement-connector:19.0.0	dev
:feature:interests:impl	transitive	com.google.firebase:firebase-measurement-connector:19.0.0	prod
:feature:interests:impl	transitive	com.google.guava:failureaccess:1.0.1	dev
:feature:interests:impl	transitive	com.google.guava:failureaccess:1.0.1	prod
:feature:interests:impl	transitive	com.google.guava:failureaccess:1.0.3	dev
:feature:interests:impl	transitive	com.google.guava:guava:31.1-android	dev
:feature:interests:impl	transitive	com.google.guava:guava:31.1-android	prod
:feature:interests:impl	transitive	com.google.guava:guava:33.4.8-jre	dev
:feature:interests:impl	transitive	com.google.guava:listenablefuture:1.0	dev
:feature:interests:impl	transitive	com.google.guava:listenablefuture:1.0	prod
:feature:interests:impl	transitive	com.google.guava:listenablefuture:9999.0-empty-to-avoid-conflict-with-guava	dev
:feature:interests:impl	transitive	com.google.guava:listenablefuture:9999.0-empty-to-avoid-conflict-with-guava	prod
:feature:interests:impl	transitive	com.google.j2objc:j2objc-annotations:1.3	dev
:feature:interests:impl	transitive	com.google.j2objc:j2objc-annotations:1.3	prod
:feature:interests:impl	transitive	com.google.j2objc:j2objc-annotations:3.0.0	dev
:feature:interests:impl	transitive	com.google.protobuf:protobuf-javalite:4.29.2	dev
:feature:interests:impl	transitive	com.google.protobuf:protobuf-javalite:4.29.2	prod
:feature:interests:impl	transitive	com.google.protobuf:protobuf-kotlin-lite:4.29.2	dev
:feature:interests:impl	transitive	com.google.protobuf:protobuf-kotlin-lite:4.29.2	prod
:feature:interests:impl	transitive	com.google.testparameterinjector:test-parameter-injector:1.18	dev
:feature:interests:impl	transitive	com.ibm.icu:icu4j:77.1	dev
:feature:interests:impl	transitive	com.squareup.okhttp3:logging-interceptor:4.12.0	dev
:feature:interests:impl	transitive	com.squareup.okhttp3:logging-interceptor:4.12.0	prod
:feature:interests:impl	transitive	com.squareup.okhttp3:okhttp:4.12.0	dev
:feature:interests:impl	transitive	com.squareup.okhttp3:okhttp:4.12.0	prod
:feature:interests:impl	transitive	com.squareup.okio:okio-jvm:3.9.1	dev
:feature:interests:impl	transitive	com.squareup.okio:okio-jvm:3.9.1	prod
:feature:interests:impl	transitive	com.squareup.okio:okio:3.9.1	dev
:feature:interests:impl	transitive	com.squareup.okio:okio:3.9.1	prod
:feature:interests:impl	transitive	com.squareup.retrofit2:converter-kotlinx-serialization:2.11.0	dev
:feature:interests:impl	transitive	com.squareup.retrofit2:converter-kotlinx-serialization:2.11.0	prod
:feature:interests:impl	transitive	com.squareup.retrofit2:retrofit:2.11.0	dev
:feature:interests:impl	transitive	com.squareup.retrofit2:retrofit:2.11.0	prod
:feature:interests:impl	transitive	com.squareup:javawriter:2.1.1	dev
:feature:interests:impl	transitive	io.coil-kt:coil-base:2.7.0	dev
:feature:interests:impl	transitive	io.coil-kt:coil-base:2.7.0	prod
:feature:interests:impl	transitive	io.coil-kt:coil-compose-base:2.7.0	dev
:feature:interests:impl	transitive	io.coil-kt:coil-compose-base:2.7.0	prod
:feature:interests:impl	transitive	io.coil-kt:coil-compose:2.7.0	dev
:feature:interests:impl	transitive	io.coil-kt:coil-compose:2.7.0	prod
:feature:interests:impl	transitive	io.coil-kt:coil-svg:2.7.0	dev
:feature:interests:impl	transitive	io.coil-kt:coil-svg:2.7.0	prod
:feature:interests:impl	transitive	io.coil-kt:coil:2.7.0	dev
:feature:interests:impl	transitive	io.coil-kt:coil:2.7.0	prod
:feature:interests:impl	transitive	jakarta.inject:jakarta.inject-api:2.0.1	dev
:feature:interests:impl	transitive	jakarta.inject:jakarta.inject-api:2.0.1	prod
:feature:interests:impl	transitive	javax.annotation:javax.annotation-api:1.3.2	dev
:feature:interests:impl	transitive	javax.inject:javax.inject:1	dev
:feature:interests:impl	transitive	javax.inject:javax.inject:1	prod
:feature:interests:impl	transitive	junit:junit:4.13.2	dev
:feature:interests:impl	transitive	org.bouncycastle:bcprov-jdk18on:1.81	dev
:feature:interests:impl	transitive	org.checkerframework:checker-qual:3.12.0	dev
:feature:interests:impl	transitive	org.checkerframework:checker-qual:3.12.0	prod
:feature:interests:impl	transitive	org.conscrypt:conscrypt-openjdk-uber:2.5.2	dev
:feature:interests:impl	transitive	org.hamcrest:hamcrest-core:1.3	dev
:feature:interests:impl	transitive	org.hamcrest:hamcrest-integration:1.3	dev
:feature:interests:impl	transitive	org.hamcrest:hamcrest-library:1.3	dev
:feature:interests:impl	transitive	org.jetbrains.kotlin:kotlin-stdlib-common:2.3.0	dev
:feature:interests:impl	transitive	org.jetbrains.kotlin:kotlin-stdlib-common:2.3.0	prod
:feature:interests:impl	transitive	org.jetbrains.kotlin:kotlin-stdlib-jdk7:1.9.0	dev
:feature:interests:impl	transitive	org.jetbrains.kotlin:kotlin-stdlib-jdk7:1.9.0	prod
:feature:interests:impl	transitive	org.jetbrains.kotlin:kotlin-stdlib-jdk8:1.9.0	dev
:feature:interests:impl	transitive	org.jetbrains.kotlin:kotlin-stdlib-jdk8:1.9.0	prod
:feature:interests:impl	transitive	org.jetbrains.kotlin:kotlin-stdlib:2.3.0	dev
:feature:interests:impl	transitive	org.jetbrains.kotlinx:kotlinx-coroutines-android:1.10.1	dev
:feature:interests:impl	transitive	org.jetbrains.kotlinx:kotlinx-coroutines-android:1.10.1	prod
:feature:interests:impl	transitive	org.jetbrains.kotlinx:kotlinx-coroutines-android:1.9.0	prod
:feature:interests:impl	transitive	org.jetbrains.kotlinx:kotlinx-coroutines-bom:1.10.1	dev
:feature:interests:impl	transitive	org.jetbrains.kotlinx:kotlinx-coroutines-bom:1.10.1	prod
:feature:interests:impl	transitive	org.jetbrains.kotlinx:kotlinx-coroutines-bom:1.9.0	prod
:feature:interests:impl	transitive	org.jetbrains.kotlinx:kotlinx-coroutines-core-jvm:1.10.1	dev
:feature:interests:impl	transitive	org.jetbrains.kotlinx:kotlinx-coroutines-core-jvm:1.10.1	prod
:feature:interests:impl	transitive	org.jetbrains.kotlinx:kotlinx-coroutines-core-jvm:1.9.0	prod
:feature:interests:impl	transitive	org.jetbrains.kotlinx:kotlinx-coroutines-core:1.10.1	dev
:feature:interests:impl	transitive	org.jetbrains.kotlinx:kotlinx-coroutines-core:1.10.1	prod
:feature:interests:impl	transitive	org.jetbrains.kotlinx:kotlinx-coroutines-core:1.9.0	prod
:feature:interests:impl	transitive	org.jetbrains.kotlinx:kotlinx-coroutines-play-services:1.10.1	dev
:feature:interests:impl	transitive	org.jetbrains.kotlinx:kotlinx-coroutines-play-services:1.10.1	prod
:feature:interests:impl	transitive	org.jetbrains.kotlinx:kotlinx-coroutines-test-jvm:1.10.1	dev
:feature:interests:impl	transitive	org.jetbrains.kotlinx:kotlinx-coroutines-test:1.10.1	dev
:feature:interests:impl	transitive	org.jetbrains.kotlinx:kotlinx-datetime-jvm:0.6.1	dev
:feature:interests:impl	transitive	org.jetbrains.kotlinx:kotlinx-datetime-jvm:0.6.1	prod
:feature:interests:impl	transitive	org.jetbrains.kotlinx:kotlinx-datetime:0.6.1	dev
:feature:interests:impl	transitive	org.jetbrains.kotlinx:kotlinx-datetime:0.6.1	prod
:feature:interests:impl	transitive	org.jetbrains.kotlinx:kotlinx-serialization-bom:1.7.3	dev
:feature:interests:impl	transitive	org.jetbrains.kotlinx:kotlinx-serialization-bom:1.7.3	prod
:feature:interests:impl	transitive	org.jetbrains.kotlinx:kotlinx-serialization-bom:1.8.0	dev
:feature:interests:impl	transitive	org.jetbrains.kotlinx:kotlinx-serialization-bom:1.8.0	prod
:feature:interests:impl	transitive	org.jetbrains.kotlinx:kotlinx-serialization-core-jvm:1.7.3	dev
:feature:interests:impl	transitive	org.jetbrains.kotlinx:kotlinx-serialization-core-jvm:1.7.3	prod
:feature:interests:impl	transitive	org.jetbrains.kotlinx:kotlinx-serialization-core-jvm:1.8.0	dev
:feature:interests:impl	transitive	org.jetbrains.kotlinx:kotlinx-serialization-core-jvm:1.8.0	prod
:feature:interests:impl	transitive	org.jetbrains.kotlinx:kotlinx-serialization-core:1.7.3	dev
:feature:interests:impl	transitive	org.jetbrains.kotlinx:kotlinx-serialization-core:1.7.3	prod
:feature:interests:impl	transitive	org.jetbrains.kotlinx:kotlinx-serialization-core:1.8.0	dev
:feature:interests:impl	transitive	org.jetbrains.kotlinx:kotlinx-serialization-core:1.8.0	prod
:feature:interests:impl	transitive	org.jetbrains.kotlinx:kotlinx-serialization-json-jvm:1.8.0	dev
:feature:interests:impl	transitive	org.jetbrains.kotlinx:kotlinx-serialization-json-jvm:1.8.0	prod
:feature:interests:impl	transitive	org.jetbrains.kotlinx:kotlinx-serialization-json:1.8.0	dev
:feature:interests:impl	transitive	org.jetbrains.kotlinx:kotlinx-serialization-json:1.8.0	prod
:feature:interests:impl	transitive	org.jetbrains:annotations:23.0.0	dev
:feature:interests:impl	transitive	org.jetbrains:annotations:23.0.0	prod
:feature:interests:impl	transitive	org.jspecify:jspecify:1.0.0	dev
:feature:interests:impl	transitive	org.jspecify:jspecify:1.0.0	prod
:feature:interests:impl	transitive	org.ow2.asm:asm-commons:9.8	dev
:feature:interests:impl	transitive	org.ow2.asm:asm-tree:9.8	dev
:feature:interests:impl	transitive	org.ow2.asm:asm:9.8	dev
:feature:interests:impl	transitive	org.robolectric:annotations:4.16	dev
:feature:interests:impl	transitive	org.robolectric:junit:4.16	dev
:feature:interests:impl	transitive	org.robolectric:nativeruntime-dist-compat:1.0.18	dev
:feature:interests:impl	transitive	org.robolectric:nativeruntime:4.16	dev
:feature:interests:impl	transitive	org.robolectric:pluginapi:4.16	dev
:feature:interests:impl	transitive	org.robolectric:plugins-maven-dependency-resolver:4.16	dev
:feature:interests:impl	transitive	org.robolectric:resources:4.16	dev
:feature:interests:impl	transitive	org.robolectric:sandbox:4.16	dev
:feature:interests:impl	transitive	org.robolectric:shadowapi:4.16	dev
:feature:interests:impl	transitive	org.robolectric:shadows-framework:4.16	dev
:feature:interests:impl	transitive	org.robolectric:utils-reflector:4.16	dev
:feature:interests:impl	transitive	org.robolectric:utils:4.16	dev
:feature:interests:impl	transitive	org.yaml:snakeyaml:2.4	dev
