:m01	direct	org.jetbrains.kotlin:kotlin-dom-api-compat:2.4.10
:m01	direct	org.jetbrains.kotlin:kotlin-stdlib:2.4.10
:m01	transitive	org.jetbrains.kotlin:kotlin-stdlib-js:2.4.10
:m01	transitive	org.jetbrains.kotlin:kotlin-stdlib-wasm-js:2.4.10
:m01	transitive	org.jetbrains:annotations:13.0
:m02	direct	org.jetbrains.kotlin:kotlin-dom-api-compat:2.4.10
:m02	direct	org.jetbrains.kotlin:kotlin-stdlib:2.4.10
:m02	transitive	org.jetbrains.kotlin:kotlin-stdlib-js:2.4.10
:m02	transitive	org.jetbrains.kotlin:kotlin-stdlib-wasm-js:2.4.10
:m02	transitive	org.jetbrains:annotations:13.0
:m03	direct	io.ktor:ktor-client-content-negotiation:3.5.1
:m03	direct	io.ktor:ktor-client-core:3.5.1
:m03	direct	io.ktor:ktor-serialization-kotlinx-json:3.5.1
:m03	direct	org.jetbrains.kotlin:kotlin-stdlib:2.4.10
:m03	direct	org.jetbrains.kotlin:kotlin-test:2.4.10
:m03	transitive	io.ktor:ktor-client-content-negotiation-jvm:3.5.1
:m03	transitive	io.ktor:ktor-client-content-negotiation-wasm-js:3.5.1
:m03	transitive	io.ktor:ktor-client-core-jvm:3.5.1
:m03	transitive	io.ktor:ktor-client-core-wasm-js:3.5.1
:m03	transitive	io.ktor:ktor-events-jvm:3.5.1
:m03	transitive	io.ktor:ktor-events-wasm-js:3.5.1
:m03	transitive	io.ktor:ktor-events:3.5.1
:m03	transitive	io.ktor:ktor-http-cio-jvm:3.5.1
:m03	transitive	io.ktor:ktor-http-cio-wasm-js:3.5.1
:m03	transitive	io.ktor:ktor-http-cio:3.5.1
:m03	transitive	io.ktor:ktor-http-jvm:3.5.1
:m03	transitive	io.ktor:ktor-http-wasm-js:3.5.1
:m03	transitive	io.ktor:ktor-http:3.5.1
:m03	transitive	io.ktor:ktor-io-jvm:3.5.1
:m03	transitive	io.ktor:ktor-io-wasm-js:3.5.1
:m03	transitive	io.ktor:ktor-io:3.5.1
:m03	transitive	io.ktor:ktor-network-jvm:3.5.1
:m03	transitive	io.ktor:ktor-network:3.5.1
:m03	transitive	io.ktor:ktor-resources-jvm:3.5.1
:m03	transitive	io.ktor:ktor-resources-wasm-js:3.5.1
:m03	transitive	io.ktor:ktor-resources:3.5.1
:m03	transitive	io.ktor:ktor-serialization-jvm:3.5.1
:m03	transitive	io.ktor:ktor-serialization-kotlinx-json-jvm:3.5.1
:m03	transitive	io.ktor:ktor-serialization-kotlinx-json-wasm-js:3.5.1
:m03	transitive	io.ktor:ktor-serialization-kotlinx-jvm:3.5.1
:m03	transitive	io.ktor:ktor-serialization-kotlinx-wasm-js:3.5.1
:m03	transitive	io.ktor:ktor-serialization-kotlinx:3.5.1
:m03	transitive	io.ktor:ktor-serialization-wasm-js:3.5.1
:m03	transitive	io.ktor:ktor-serialization:3.5.1
:m03	transitive	io.ktor:ktor-sse-jvm:3.5.1
:m03	transitive	io.ktor:ktor-sse-wasm-js:3.5.1
:m03	transitive	io.ktor:ktor-sse:3.5.1
:m03	transitive	io.ktor:ktor-utils-jvm:3.5.1
:m03	transitive	io.ktor:ktor-utils-wasm-js:3.5.1
:m03	transitive	io.ktor:ktor-utils:3.5.1
:m03	transitive	io.ktor:ktor-websocket-serialization-jvm:3.5.1
:m03	transitive	io.ktor:ktor-websocket-serialization-wasm-js:3.5.1
:m03	transitive	io.ktor:ktor-websocket-serialization:3.5.1
:m03	transitive	io.ktor:ktor-websockets-jvm:3.5.1
:m03	transitive	io.ktor:ktor-websockets-wasm-js:3.5.1
:m03	transitive	io.ktor:ktor-websockets:3.5.1
:m03	transitive	org.jetbrains.kotlin:kotlin-stdlib-common:2.4.10
:m03	transitive	org.jetbrains.kotlin:kotlin-stdlib-wasm-js:2.4.10
:m03	transitive	org.jetbrains.kotlin:kotlin-test-wasm-js:2.4.10
:m03	transitive	org.jetbrains.kotlinx:atomicfu-wasm-js:0.32.1
:m03	transitive	org.jetbrains.kotlinx:atomicfu:0.23.1
:m03	transitive	org.jetbrains.kotlinx:atomicfu:0.32.1
:m03	transitive	org.jetbrains.kotlinx:kotlinx-browser-wasm-js:0.5.0
:m03	transitive	org.jetbrains.kotlinx:kotlinx-browser:0.5.0
:m03	transitive	org.jetbrains.kotlinx:kotlinx-coroutines-bom:1.11.0
:m03	transitive	org.jetbrains.kotlinx:kotlinx-coroutines-core-jvm:1.11.0
:m03	transitive	org.jetbrains.kotlinx:kotlinx-coroutines-core-wasm-js:1.11.0
:m03	transitive	org.jetbrains.kotlinx:kotlinx-coroutines-core:1.11.0
:m03	transitive	org.jetbrains.kotlinx:kotlinx-coroutines-slf4j:1.11.0
:m03	transitive	org.jetbrains.kotlinx:kotlinx-io-bytestring-jvm:0.9.0
:m03	transitive	org.jetbrains.kotlinx:kotlinx-io-bytestring-wasm-js:0.9.0
:m03	transitive	org.jetbrains.kotlinx:kotlinx-io-bytestring:0.9.0
:m03	transitive	org.jetbrains.kotlinx:kotlinx-io-core-jvm:0.9.0
:m03	transitive	org.jetbrains.kotlinx:kotlinx-io-core-wasm-js:0.9.0
:m03	transitive	org.jetbrains.kotlinx:kotlinx-io-core:0.9.0
:m03	transitive	org.jetbrains.kotlinx:kotlinx-serialization-bom:1.11.0
:m03	transitive	org.jetbrains.kotlinx:kotlinx-serialization-core-jvm:1.11.0
:m03	transitive	org.jetbrains.kotlinx:kotlinx-serialization-core-wasm-js:1.11.0
:m03	transitive	org.jetbrains.kotlinx:kotlinx-serialization-core:1.11.0
:m03	transitive	org.jetbrains.kotlinx:kotlinx-serialization-json-io-jvm:1.11.0
:m03	transitive	org.jetbrains.kotlinx:kotlinx-serialization-json-io-wasm-js:1.11.0
:m03	transitive	org.jetbrains.kotlinx:kotlinx-serialization-json-io:1.11.0
:m03	transitive	org.jetbrains.kotlinx:kotlinx-serialization-json-jvm:1.11.0
:m03	transitive	org.jetbrains.kotlinx:kotlinx-serialization-json-wasm-js:1.11.0
:m03	transitive	org.jetbrains.kotlinx:kotlinx-serialization-json:1.11.0
:m03	transitive	org.jetbrains:annotations:23.0.0
:m03	transitive	org.slf4j:slf4j-api:2.0.18
:m04	direct	io.ktor:ktor-resources:3.5.1
:m04	direct	org.jetbrains.kotlin:kotlin-dom-api-compat:2.4.10
:m04	direct	org.jetbrains.kotlin:kotlin-stdlib:2.4.10
:m04	direct	org.jetbrains.kotlin:kotlin-test:2.4.10
:m04	direct	org.jetbrains.kotlinx:kotlinx-datetime:0.8.0
:m04	direct	org.jetbrains.kotlinx:kotlinx-serialization-json:1.11.0
:m04	transitive	io.ktor:ktor-http-iosarm64:3.5.1
:m04	transitive	io.ktor:ktor-http-iossimulatorarm64:3.5.1
:m04	transitive	io.ktor:ktor-http-js:3.5.1
:m04	transitive	io.ktor:ktor-http-jvm:3.5.1
:m04	transitive	io.ktor:ktor-http-wasm-js:3.5.1
:m04	transitive	io.ktor:ktor-http:3.5.1
:m04	transitive	io.ktor:ktor-io-iosarm64:3.5.1
:m04	transitive	io.ktor:ktor-io-iossimulatorarm64:3.5.1
:m04	transitive	io.ktor:ktor-io-js:3.5.1
:m04	transitive	io.ktor:ktor-io-jvm:3.5.1
:m04	transitive	io.ktor:ktor-io-wasm-js:3.5.1
:m04	transitive	io.ktor:ktor-io:3.5.1
:m04	transitive	io.ktor:ktor-resources-iosarm64:3.5.1
:m04	transitive	io.ktor:ktor-resources-iossimulatorarm64:3.5.1
:m04	transitive	io.ktor:ktor-resources-js:3.5.1
:m04	transitive	io.ktor:ktor-resources-jvm:3.5.1
:m04	transitive	io.ktor:ktor-resources-wasm-js:3.5.1
:m04	transitive	io.ktor:ktor-utils-iosarm64:3.5.1
:m04	transitive	io.ktor:ktor-utils-iossimulatorarm64:3.5.1
:m04	transitive	io.ktor:ktor-utils-js:3.5.1
:m04	transitive	io.ktor:ktor-utils-jvm:3.5.1
:m04	transitive	io.ktor:ktor-utils-wasm-js:3.5.1
:m04	transitive	io.ktor:ktor-utils:3.5.1
:m04	transitive	junit:junit:4.13.2
:m04	transitive	org.hamcrest:hamcrest-core:1.3
:m04	transitive	org.jetbrains.kotlin:kotlin-stdlib-common:2.4.10
:m04	transitive	org.jetbrains.kotlin:kotlin-stdlib-js:2.4.10
:m04	transitive	org.jetbrains.kotlin:kotlin-stdlib-wasm-js:2.4.10
:m04	transitive	org.jetbrains.kotlin:kotlin-test-js:2.4.10
:m04	transitive	org.jetbrains.kotlin:kotlin-test-junit:2.4.10
:m04	transitive	org.jetbrains.kotlin:kotlin-test-wasm-js:2.4.10
:m04	transitive	org.jetbrains.kotlinx:atomicfu-iosarm64:0.32.1
:m04	transitive	org.jetbrains.kotlinx:atomicfu-iossimulatorarm64:0.32.1
:m04	transitive	org.jetbrains.kotlinx:atomicfu-js:0.32.1
:m04	transitive	org.jetbrains.kotlinx:atomicfu-wasm-js:0.32.1
:m04	transitive	org.jetbrains.kotlinx:atomicfu:0.23.1
:m04	transitive	org.jetbrains.kotlinx:atomicfu:0.32.1
:m04	transitive	org.jetbrains.kotlinx:kotlinx-browser-js:0.5.0
:m04	transitive	org.jetbrains.kotlinx:kotlinx-browser-wasm-js:0.5.0
:m04	transitive	org.jetbrains.kotlinx:kotlinx-browser:0.5.0
:m04	transitive	org.jetbrains.kotlinx:kotlinx-coroutines-bom:1.11.0
:m04	transitive	org.jetbrains.kotlinx:kotlinx-coroutines-core-iosarm64:1.11.0
:m04	transitive	org.jetbrains.kotlinx:kotlinx-coroutines-core-iossimulatorarm64:1.11.0
:m04	transitive	org.jetbrains.kotlinx:kotlinx-coroutines-core-js:1.11.0
:m04	transitive	org.jetbrains.kotlinx:kotlinx-coroutines-core-jvm:1.11.0
:m04	transitive	org.jetbrains.kotlinx:kotlinx-coroutines-core-wasm-js:1.11.0
:m04	transitive	org.jetbrains.kotlinx:kotlinx-coroutines-core:1.11.0
:m04	transitive	org.jetbrains.kotlinx:kotlinx-datetime-iosarm64:0.8.0
:m04	transitive	org.jetbrains.kotlinx:kotlinx-datetime-iossimulatorarm64:0.8.0
:m04	transitive	org.jetbrains.kotlinx:kotlinx-datetime-js:0.8.0
:m04	transitive	org.jetbrains.kotlinx:kotlinx-datetime-jvm:0.8.0
:m04	transitive	org.jetbrains.kotlinx:kotlinx-datetime-wasm-js:0.8.0
:m04	transitive	org.jetbrains.kotlinx:kotlinx-io-bytestring-iosarm64:0.9.0
:m04	transitive	org.jetbrains.kotlinx:kotlinx-io-bytestring-iossimulatorarm64:0.9.0
:m04	transitive	org.jetbrains.kotlinx:kotlinx-io-bytestring-js:0.9.0
:m04	transitive	org.jetbrains.kotlinx:kotlinx-io-bytestring-jvm:0.9.0
:m04	transitive	org.jetbrains.kotlinx:kotlinx-io-bytestring-wasm-js:0.9.0
:m04	transitive	org.jetbrains.kotlinx:kotlinx-io-bytestring:0.9.0
:m04	transitive	org.jetbrains.kotlinx:kotlinx-io-core-iosarm64:0.9.0
:m04	transitive	org.jetbrains.kotlinx:kotlinx-io-core-iossimulatorarm64:0.9.0
:m04	transitive	org.jetbrains.kotlinx:kotlinx-io-core-js:0.9.0
:m04	transitive	org.jetbrains.kotlinx:kotlinx-io-core-jvm:0.9.0
:m04	transitive	org.jetbrains.kotlinx:kotlinx-io-core-wasm-js:0.9.0
:m04	transitive	org.jetbrains.kotlinx:kotlinx-io-core:0.9.0
:m04	transitive	org.jetbrains.kotlinx:kotlinx-serialization-bom:1.11.0
:m04	transitive	org.jetbrains.kotlinx:kotlinx-serialization-core-iosarm64:1.11.0
:m04	transitive	org.jetbrains.kotlinx:kotlinx-serialization-core-iossimulatorarm64:1.11.0
:m04	transitive	org.jetbrains.kotlinx:kotlinx-serialization-core-js:1.11.0
:m04	transitive	org.jetbrains.kotlinx:kotlinx-serialization-core-jvm:1.11.0
:m04	transitive	org.jetbrains.kotlinx:kotlinx-serialization-core-wasm-js:1.11.0
:m04	transitive	org.jetbrains.kotlinx:kotlinx-serialization-core:1.11.0
:m04	transitive	org.jetbrains.kotlinx:kotlinx-serialization-json-iosarm64:1.11.0
:m04	transitive	org.jetbrains.kotlinx:kotlinx-serialization-json-iossimulatorarm64:1.11.0
:m04	transitive	org.jetbrains.kotlinx:kotlinx-serialization-json-js:1.11.0
:m04	transitive	org.jetbrains.kotlinx:kotlinx-serialization-json-jvm:1.11.0
:m04	transitive	org.jetbrains.kotlinx:kotlinx-serialization-json-wasm-js:1.11.0
:m04	transitive	org.jetbrains:annotations:23.0.0
:m04	transitive	org.slf4j:slf4j-api:2.0.18
:m05	direct	org.jetbrains.kotlin:kotlin-stdlib:2.4.10
:m05	direct	org.jetbrains.kotlin:kotlin-test:2.4.10
:m05	transitive	io.ktor:ktor-http-jvm:3.5.1
:m05	transitive	io.ktor:ktor-http-wasm-js:3.5.1
:m05	transitive	io.ktor:ktor-http:3.5.1
:m05	transitive	io.ktor:ktor-io-jvm:3.5.1
:m05	transitive	io.ktor:ktor-io-wasm-js:3.5.1
:m05	transitive	io.ktor:ktor-io:3.5.1
:m05	transitive	io.ktor:ktor-resources-jvm:3.5.1
:m05	transitive	io.ktor:ktor-resources-wasm-js:3.5.1
:m05	transitive	io.ktor:ktor-resources:3.5.1
:m05	transitive	io.ktor:ktor-utils-jvm:3.5.1
:m05	transitive	io.ktor:ktor-utils-wasm-js:3.5.1
:m05	transitive	io.ktor:ktor-utils:3.5.1
:m05	transitive	org.jetbrains.kotlin:kotlin-stdlib-wasm-js:2.4.10
:m05	transitive	org.jetbrains.kotlin:kotlin-test-wasm-js:2.4.10
:m05	transitive	org.jetbrains.kotlinx:atomicfu-wasm-js:0.32.1
:m05	transitive	org.jetbrains.kotlinx:atomicfu:0.32.1
:m05	transitive	org.jetbrains.kotlinx:kotlinx-browser-wasm-js:0.5.0
:m05	transitive	org.jetbrains.kotlinx:kotlinx-browser:0.5.0
:m05	transitive	org.jetbrains.kotlinx:kotlinx-coroutines-bom:1.11.0
:m05	transitive	org.jetbrains.kotlinx:kotlinx-coroutines-core-jvm:1.11.0
:m05	transitive	org.jetbrains.kotlinx:kotlinx-coroutines-core-wasm-js:1.11.0
:m05	transitive	org.jetbrains.kotlinx:kotlinx-coroutines-core:1.11.0
:m05	transitive	org.jetbrains.kotlinx:kotlinx-io-bytestring-jvm:0.9.0
:m05	transitive	org.jetbrains.kotlinx:kotlinx-io-bytestring-wasm-js:0.9.0
:m05	transitive	org.jetbrains.kotlinx:kotlinx-io-bytestring:0.9.0
:m05	transitive	org.jetbrains.kotlinx:kotlinx-io-core-jvm:0.9.0
:m05	transitive	org.jetbrains.kotlinx:kotlinx-io-core-wasm-js:0.9.0
:m05	transitive	org.jetbrains.kotlinx:kotlinx-io-core:0.9.0
:m05	transitive	org.jetbrains.kotlinx:kotlinx-serialization-bom:1.11.0
:m05	transitive	org.jetbrains.kotlinx:kotlinx-serialization-core-jvm:1.11.0
:m05	transitive	org.jetbrains.kotlinx:kotlinx-serialization-core-wasm-js:1.11.0
:m05	transitive	org.jetbrains.kotlinx:kotlinx-serialization-core:1.11.0
:m05	transitive	org.jetbrains.kotlinx:kotlinx-serialization-json-jvm:1.11.0
:m05	transitive	org.jetbrains.kotlinx:kotlinx-serialization-json-wasm-js:1.11.0
:m05	transitive	org.jetbrains.kotlinx:kotlinx-serialization-json:1.11.0
:m05	transitive	org.jetbrains:annotations:13.0
:m05	transitive	org.jetbrains:annotations:23.0.0
:m05	transitive	org.slf4j:slf4j-api:2.0.18
:m06	direct	com.google.android.play:integrity:1.4.0
:m06	direct	org.jetbrains.kotlin:kotlin-stdlib:2.4.10
:m06	direct	org.jetbrains.kotlinx:kotlinx-coroutines-play-services:1.9.0
:m06	transitive	androidx.activity:activity:1.0.0
:m06	transitive	androidx.annotation:annotation:1.1.0
:m06	transitive	androidx.arch.core:core-common:2.1.0
:m06	transitive	androidx.arch.core:core-runtime:2.0.0
:m06	transitive	androidx.collection:collection:1.1.0
:m06	transitive	androidx.core:core:1.2.0
:m06	transitive	androidx.customview:customview:1.0.0
:m06	transitive	androidx.fragment:fragment:1.1.0
:m06	transitive	androidx.lifecycle:lifecycle-common:2.1.0
:m06	transitive	androidx.lifecycle:lifecycle-livedata-core:2.0.0
:m06	transitive	androidx.lifecycle:lifecycle-livedata:2.0.0
:m06	transitive	androidx.lifecycle:lifecycle-runtime:2.1.0
:m06	transitive	androidx.lifecycle:lifecycle-viewmodel:2.1.0
:m06	transitive	androidx.loader:loader:1.0.0
:m06	transitive	androidx.savedstate:savedstate:1.0.0
:m06	transitive	androidx.versionedparcelable:versionedparcelable:1.1.0
:m06	transitive	androidx.viewpager:viewpager:1.0.0
:m06	transitive	com.google.android.gms:play-services-basement:18.4.0
:m06	transitive	com.google.android.gms:play-services-tasks:18.2.0
:m06	transitive	com.google.android.play:core-common:2.0.4
:m06	transitive	org.jetbrains.kotlin:kotlin-stdlib-wasm-js:2.4.10
:m06	transitive	org.jetbrains.kotlinx:kotlinx-coroutines-bom:1.9.0
:m06	transitive	org.jetbrains.kotlinx:kotlinx-coroutines-core-jvm:1.9.0
:m06	transitive	org.jetbrains.kotlinx:kotlinx-coroutines-core:1.9.0
:m06	transitive	org.jetbrains:annotations:13.0
:m06	transitive	org.jetbrains:annotations:23.0.0
:m07	direct	androidx.core:core-ktx:1.19.0
:m07	direct	org.jetbrains.kotlin:kotlin-dom-api-compat:2.4.10
:m07	direct	org.jetbrains.kotlin:kotlin-stdlib:2.4.10
:m07	direct	org.jetbrains.kotlin:kotlin-test:2.4.10
:m07	direct	org.jetbrains.kotlinx:kotlinx-coroutines-test:1.11.0
:m07	transitive	androidx.annotation:annotation-experimental:1.4.1
:m07	transitive	androidx.annotation:annotation-jvm:1.10.0
:m07	transitive	androidx.annotation:annotation:1.10.0
:m07	transitive	androidx.arch.core:core-common:2.2.0
:m07	transitive	androidx.arch.core:core-runtime:2.2.0
:m07	transitive	androidx.collection:collection-jvm:1.4.2
:m07	transitive	androidx.collection:collection:1.0.0
:m07	transitive	androidx.collection:collection:1.4.2
:m07	transitive	androidx.concurrent:concurrent-futures:1.1.0
:m07	transitive	androidx.core:core-viewtree:1.0.0
:m07	transitive	androidx.core:core:1.19.0
:m07	transitive	androidx.interpolator:interpolator:1.0.0
:m07	transitive	androidx.lifecycle:lifecycle-common:2.6.2
:m07	transitive	androidx.lifecycle:lifecycle-runtime:2.6.2
:m07	transitive	androidx.profileinstaller:profileinstaller:1.3.0
:m07	transitive	androidx.startup:startup-runtime:1.1.1
:m07	transitive	androidx.tracing:tracing:1.2.0
:m07	transitive	androidx.versionedparcelable:versionedparcelable:1.1.1
:m07	transitive	com.google.guava:listenablefuture:1.0
:m07	transitive	org.jetbrains.kotlin:kotlin-stdlib-js:2.4.10
:m07	transitive	org.jetbrains.kotlin:kotlin-stdlib-wasm-js:2.4.10
:m07	transitive	org.jetbrains.kotlin:kotlin-test-js:2.4.10
:m07	transitive	org.jetbrains.kotlin:kotlin-test-wasm-js:2.4.10
:m07	transitive	org.jetbrains.kotlinx:atomicfu-iosarm64:0.32.1
:m07	transitive	org.jetbrains.kotlinx:atomicfu-iossimulatorarm64:0.32.1
:m07	transitive	org.jetbrains.kotlinx:atomicfu-js:0.32.1
:m07	transitive	org.jetbrains.kotlinx:atomicfu-wasm-js:0.32.1
:m07	transitive	org.jetbrains.kotlinx:atomicfu:0.32.1
:m07	transitive	org.jetbrains.kotlinx:kotlinx-coroutines-android:1.9.0
:m07	transitive	org.jetbrains.kotlinx:kotlinx-coroutines-bom:1.9.0
:m07	transitive	org.jetbrains.kotlinx:kotlinx-coroutines-core-iosarm64:1.11.0
:m07	transitive	org.jetbrains.kotlinx:kotlinx-coroutines-core-iossimulatorarm64:1.11.0
:m07	transitive	org.jetbrains.kotlinx:kotlinx-coroutines-core-js:1.11.0
:m07	transitive	org.jetbrains.kotlinx:kotlinx-coroutines-core-jvm:1.9.0
:m07	transitive	org.jetbrains.kotlinx:kotlinx-coroutines-core-wasm-js:1.11.0
:m07	transitive	org.jetbrains.kotlinx:kotlinx-coroutines-core:1.11.0
:m07	transitive	org.jetbrains.kotlinx:kotlinx-coroutines-core:1.9.0
:m07	transitive	org.jetbrains.kotlinx:kotlinx-coroutines-test-iosarm64:1.11.0
:m07	transitive	org.jetbrains.kotlinx:kotlinx-coroutines-test-iossimulatorarm64:1.11.0
:m07	transitive	org.jetbrains.kotlinx:kotlinx-coroutines-test-js:1.11.0
:m07	transitive	org.jetbrains.kotlinx:kotlinx-coroutines-test-wasm-js:1.11.0
:m07	transitive	org.jetbrains:annotations:13.0
:m07	transitive	org.jetbrains:annotations:23.0.0
:m07	transitive	org.jspecify:jspecify:1.0.0
:m08	direct	io.ktor:ktor-resources:3.5.1
:m08	direct	org.jetbrains.kotlin:kotlin-stdlib:2.4.10
:m08	direct	org.jetbrains.kotlin:kotlin-test:2.4.10
:m08	direct	org.jetbrains.kotlinx:kotlinx-serialization-json:1.11.0
:m08	transitive	io.ktor:ktor-http-jvm:3.5.1
:m08	transitive	io.ktor:ktor-http-wasm-js:3.5.1
:m08	transitive	io.ktor:ktor-http:3.5.1
:m08	transitive	io.ktor:ktor-io-jvm:3.5.1
:m08	transitive	io.ktor:ktor-io-wasm-js:3.5.1
:m08	transitive	io.ktor:ktor-io:3.5.1
:m08	transitive	io.ktor:ktor-resources-jvm:3.5.1
:m08	transitive	io.ktor:ktor-resources-wasm-js:3.5.1
:m08	transitive	io.ktor:ktor-utils-jvm:3.5.1
:m08	transitive	io.ktor:ktor-utils-wasm-js:3.5.1
:m08	transitive	io.ktor:ktor-utils:3.5.1
:m08	transitive	org.jetbrains.kotlin:kotlin-stdlib-common:2.4.10
:m08	transitive	org.jetbrains.kotlin:kotlin-stdlib-wasm-js:2.4.10
:m08	transitive	org.jetbrains.kotlin:kotlin-test-wasm-js:2.4.10
:m08	transitive	org.jetbrains.kotlinx:atomicfu-wasm-js:0.32.1
:m08	transitive	org.jetbrains.kotlinx:atomicfu:0.23.1
:m08	transitive	org.jetbrains.kotlinx:atomicfu:0.32.1
:m08	transitive	org.jetbrains.kotlinx:kotlinx-browser-wasm-js:0.5.0
:m08	transitive	org.jetbrains.kotlinx:kotlinx-browser:0.5.0
:m08	transitive	org.jetbrains.kotlinx:kotlinx-coroutines-bom:1.11.0
:m08	transitive	org.jetbrains.kotlinx:kotlinx-coroutines-core-jvm:1.11.0
:m08	transitive	org.jetbrains.kotlinx:kotlinx-coroutines-core-wasm-js:1.11.0
:m08	transitive	org.jetbrains.kotlinx:kotlinx-coroutines-core:1.11.0
:m08	transitive	org.jetbrains.kotlinx:kotlinx-io-bytestring-jvm:0.9.0
:m08	transitive	org.jetbrains.kotlinx:kotlinx-io-bytestring-wasm-js:0.9.0
:m08	transitive	org.jetbrains.kotlinx:kotlinx-io-bytestring:0.9.0
:m08	transitive	org.jetbrains.kotlinx:kotlinx-io-core-jvm:0.9.0
:m08	transitive	org.jetbrains.kotlinx:kotlinx-io-core-wasm-js:0.9.0
:m08	transitive	org.jetbrains.kotlinx:kotlinx-io-core:0.9.0
:m08	transitive	org.jetbrains.kotlinx:kotlinx-serialization-bom:1.11.0
:m08	transitive	org.jetbrains.kotlinx:kotlinx-serialization-core-jvm:1.11.0
:m08	transitive	org.jetbrains.kotlinx:kotlinx-serialization-core-wasm-js:1.11.0
:m08	transitive	org.jetbrains.kotlinx:kotlinx-serialization-core:1.11.0
:m08	transitive	org.jetbrains.kotlinx:kotlinx-serialization-json-jvm:1.11.0
:m08	transitive	org.jetbrains.kotlinx:kotlinx-serialization-json-wasm-js:1.11.0
:m08	transitive	org.jetbrains:annotations:23.0.0
:m08	transitive	org.slf4j:slf4j-api:2.0.18
:m09	direct	com.google.firebase:firebase-auth:24.2.0
:m09	direct	com.google.firebase:firebase-bom:34.17.0
:m09	direct	com.google.firebase:firebase-common:22.2.0
:m09	direct	dev.gitlive:firebase-analytics:2.5.0
:m09	direct	dev.gitlive:firebase-app:2.5.0
:m09	direct	dev.gitlive:firebase-auth:2.5.0
:m09	direct	dev.gitlive:firebase-config:2.5.0
:m09	direct	dev.gitlive:firebase-crashlytics:2.5.0
:m09	direct	dev.gitlive:firebase-installations:2.5.0
:m09	direct	dev.gitlive:firebase-messaging:2.5.0
:m09	direct	io.insert-koin:koin-android:4.2.2
:m09	direct	io.insert-koin:koin-core:4.2.2
:m09	direct	org.jetbrains.kotlin:kotlin-dom-api-compat:2.4.10
:m09	direct	org.jetbrains.kotlin:kotlin-stdlib:2.4.10
:m09	direct	org.jetbrains.kotlin:kotlin-test:2.4.10
:m09	direct	org.jetbrains.kotlinx:kotlinx-coroutines-core:1.11.0
:m09	transitive	androidx.activity:activity-ktx:1.12.4
:m09	transitive	androidx.activity:activity:1.12.4
:m09	transitive	androidx.annotation:annotation-experimental:1.4.1
:m09	transitive	androidx.annotation:annotation-jvm:1.9.1
:m09	transitive	androidx.annotation:annotation:1.9.1
:m09	transitive	androidx.appcompat:appcompat-resources:1.7.1
:m09	transitive	androidx.appcompat:appcompat:1.7.1
:m09	transitive	androidx.arch.core:core-common:2.2.0
:m09	transitive	androidx.arch.core:core-runtime:2.2.0
:m09	transitive	androidx.browser:browser:1.4.0
:m09	transitive	androidx.collection:collection-jvm:1.4.2
:m09	transitive	androidx.collection:collection-jvm:1.4.3
:m09	transitive	androidx.collection:collection-ktx:1.1.0
:m09	transitive	androidx.collection:collection-ktx:1.4.2
:m09	transitive	androidx.collection:collection:1.1.0
:m09	transitive	androidx.collection:collection:1.4.2
:m09	transitive	androidx.collection:collection:1.4.3
:m09	transitive	androidx.compose.runtime:runtime-annotation-android:1.9.0
:m09	transitive	androidx.compose.runtime:runtime-annotation:1.9.0
:m09	transitive	androidx.concurrent:concurrent-futures:1.1.0
:m09	transitive	androidx.core:core-ktx:1.16.0
:m09	transitive	androidx.core:core-viewtree:1.0.0
:m09	transitive	androidx.core:core:1.16.0
:m09	transitive	androidx.credentials:credentials-play-services-auth:1.2.0-rc01
:m09	transitive	androidx.credentials:credentials:1.2.0-rc01
:m09	transitive	androidx.cursoradapter:cursoradapter:1.0.0
:m09	transitive	androidx.customview:customview:1.0.0
:m09	transitive	androidx.datastore:datastore-android:1.1.7
:m09	transitive	androidx.datastore:datastore-core-android:1.1.7
:m09	transitive	androidx.datastore:datastore-core-okio-jvm:1.1.7
:m09	transitive	androidx.datastore:datastore-core-okio:1.1.7
:m09	transitive	androidx.datastore:datastore-core:1.1.7
:m09	transitive	androidx.datastore:datastore-preferences-android:1.1.7
:m09	transitive	androidx.datastore:datastore-preferences-core-android:1.1.7
:m09	transitive	androidx.datastore:datastore-preferences-core:1.1.7
:m09	transitive	androidx.datastore:datastore-preferences-external-protobuf:1.1.7
:m09	transitive	androidx.datastore:datastore-preferences-proto:1.1.7
:m09	transitive	androidx.datastore:datastore-preferences:1.1.7
:m09	transitive	androidx.datastore:datastore:1.1.7
:m09	transitive	androidx.documentfile:documentfile:1.0.0
:m09	transitive	androidx.drawerlayout:drawerlayout:1.0.0
:m09	transitive	androidx.emoji2:emoji2-views-helper:1.3.0
:m09	transitive	androidx.emoji2:emoji2:1.3.0
:m09	transitive	androidx.fragment:fragment-ktx:1.8.9
:m09	transitive	androidx.fragment:fragment:1.8.9
:m09	transitive	androidx.interpolator:interpolator:1.0.0
:m09	transitive	androidx.legacy:legacy-support-core-utils:1.0.0
:m09	transitive	androidx.lifecycle:lifecycle-common-jvm:2.10.0
:m09	transitive	androidx.lifecycle:lifecycle-common-jvm:2.10.0-alpha01
:m09	transitive	androidx.lifecycle:lifecycle-common:2.10.0
:m09	transitive	androidx.lifecycle:lifecycle-common:2.10.0-alpha01
:m09	transitive	androidx.lifecycle:lifecycle-livedata-core-ktx:2.10.0
:m09	transitive	androidx.lifecycle:lifecycle-livedata-core:2.10.0
:m09	transitive	androidx.lifecycle:lifecycle-livedata:2.10.0
:m09	transitive	androidx.lifecycle:lifecycle-process:2.10.0
:m09	transitive	androidx.lifecycle:lifecycle-runtime-android:2.10.0
:m09	transitive	androidx.lifecycle:lifecycle-runtime-ktx-android:2.10.0
:m09	transitive	androidx.lifecycle:lifecycle-runtime-ktx:2.10.0
:m09	transitive	androidx.lifecycle:lifecycle-runtime:2.10.0
:m09	transitive	androidx.lifecycle:lifecycle-viewmodel-android:2.10.0
:m09	transitive	androidx.lifecycle:lifecycle-viewmodel-desktop:2.10.0-alpha01
:m09	transitive	androidx.lifecycle:lifecycle-viewmodel-ktx:2.10.0
:m09	transitive	androidx.lifecycle:lifecycle-viewmodel-savedstate-android:2.10.0
:m09	transitive	androidx.lifecycle:lifecycle-viewmodel-savedstate:2.10.0
:m09	transitive	androidx.lifecycle:lifecycle-viewmodel:2.10.0
:m09	transitive	androidx.lifecycle:lifecycle-viewmodel:2.10.0-alpha01
:m09	transitive	androidx.loader:loader:1.0.0
:m09	transitive	androidx.localbroadcastmanager:localbroadcastmanager:1.0.0
:m09	transitive	androidx.navigationevent:navigationevent-android:1.0.2
:m09	transitive	androidx.navigationevent:navigationevent:1.0.2
:m09	transitive	androidx.print:print:1.0.0
:m09	transitive	androidx.privacysandbox.ads:ads-adservices-java:1.1.0-beta11
:m09	transitive	androidx.privacysandbox.ads:ads-adservices:1.1.0-beta11
:m09	transitive	androidx.profileinstaller:profileinstaller:1.4.0
:m09	transitive	androidx.resourceinspection:resourceinspection-annotation:1.0.1
:m09	transitive	androidx.savedstate:savedstate-android:1.4.0
:m09	transitive	androidx.savedstate:savedstate-ktx:1.4.0
:m09	transitive	androidx.savedstate:savedstate:1.4.0
:m09	transitive	androidx.startup:startup-runtime:1.1.1
:m09	transitive	androidx.tracing:tracing:1.2.0
:m09	transitive	androidx.vectordrawable:vectordrawable-animated:1.1.0
:m09	transitive	androidx.vectordrawable:vectordrawable:1.1.0
:m09	transitive	androidx.versionedparcelable:versionedparcelable:1.1.1
:m09	transitive	androidx.viewpager:viewpager:1.0.0
:m09	transitive	co.touchlab:stately-concurrency-iosarm64:2.1.0
:m09	transitive	co.touchlab:stately-concurrency-iossimulatorarm64:2.1.0
:m09	transitive	co.touchlab:stately-concurrency-js:2.1.0
:m09	transitive	co.touchlab:stately-concurrency-jvm:2.1.0
:m09	transitive	co.touchlab:stately-concurrency-wasm-js:2.1.0
:m09	transitive	co.touchlab:stately-concurrency:2.1.0
:m09	transitive	co.touchlab:stately-concurrent-collections-iosarm64:2.1.0
:m09	transitive	co.touchlab:stately-concurrent-collections-iossimulatorarm64:2.1.0
:m09	transitive	co.touchlab:stately-concurrent-collections-js:2.1.0
:m09	transitive	co.touchlab:stately-concurrent-collections-jvm:2.1.0
:m09	transitive	co.touchlab:stately-concurrent-collections-wasm-js:2.1.0
:m09	transitive	co.touchlab:stately-concurrent-collections:2.1.0
:m09	transitive	co.touchlab:stately-strict-iosarm64:2.1.0
:m09	transitive	co.touchlab:stately-strict-iossimulatorarm64:2.1.0
:m09	transitive	co.touchlab:stately-strict-js:2.1.0
:m09	transitive	co.touchlab:stately-strict-jvm:2.1.0
:m09	transitive	co.touchlab:stately-strict-wasm-js:2.1.0
:m09	transitive	co.touchlab:stately-strict:2.1.0
:m09	transitive	com.google.android.datatransport:transport-api:3.0.0
:m09	transitive	com.google.android.datatransport:transport-api:3.2.0
:m09	transitive	com.google.android.datatransport:transport-backend-cct:3.1.9
:m09	transitive	com.google.android.datatransport:transport-backend-cct:3.3.0
:m09	transitive	com.google.android.datatransport:transport-runtime:3.1.9
:m09	transitive	com.google.android.datatransport:transport-runtime:3.3.0
:m09	transitive	com.google.android.gms:play-services-ads-identifier:18.0.0
:m09	transitive	com.google.android.gms:play-services-auth-api-phone:18.0.2
:m09	transitive	com.google.android.gms:play-services-auth-base:18.0.4
:m09	transitive	com.google.android.gms:play-services-auth:20.7.0
:m09	transitive	com.google.android.gms:play-services-base:18.5.0
:m09	transitive	com.google.android.gms:play-services-base:18.9.0
:m09	transitive	com.google.android.gms:play-services-basement:18.9.0
:m09	transitive	com.google.android.gms:play-services-cloud-messaging:17.4.0
:m09	transitive	com.google.android.gms:play-services-fido:20.1.0
:m09	transitive	com.google.android.gms:play-services-measurement-api:23.2.0
:m09	transitive	com.google.android.gms:play-services-measurement-base:23.2.0
:m09	transitive	com.google.android.gms:play-services-measurement-impl:23.2.0
:m09	transitive	com.google.android.gms:play-services-measurement-sdk-api:23.2.0
:m09	transitive	com.google.android.gms:play-services-measurement-sdk:23.2.0
:m09	transitive	com.google.android.gms:play-services-measurement:23.2.0
:m09	transitive	com.google.android.gms:play-services-stats:17.0.2
:m09	transitive	com.google.android.gms:play-services-tasks:18.4.0
:m09	transitive	com.google.android.libraries.identity.googleid:googleid:1.1.0
:m09	transitive	com.google.android.play:core-common:2.0.3
:m09	transitive	com.google.android.play:integrity:1.3.0
:m09	transitive	com.google.android.recaptcha:recaptcha:18.6.1
:m09	transitive	com.google.android:annotations:4.1.1.4
:m09	transitive	com.google.code.findbugs:jsr305:3.0.2
:m09	transitive	com.google.code.gson:gson:2.11.0
:m09	transitive	com.google.errorprone:error_prone_annotations:2.11.0
:m09	transitive	com.google.errorprone:error_prone_annotations:2.26.0
:m09	transitive	com.google.errorprone:error_prone_annotations:2.28.0
:m09	transitive	com.google.firebase:firebase-abt:21.1.1
:m09	transitive	com.google.firebase:firebase-analytics:23.2.0
:m09	transitive	com.google.firebase:firebase-annotations:17.0.0
:m09	transitive	com.google.firebase:firebase-appcheck-interop:17.0.0
:m09	transitive	com.google.firebase:firebase-auth-interop:20.0.0
:m09	transitive	com.google.firebase:firebase-components:19.0.0
:m09	transitive	com.google.firebase:firebase-config-interop:16.0.1
:m09	transitive	com.google.firebase:firebase-config:23.1.0
:m09	transitive	com.google.firebase:firebase-crashlytics:20.1.0
:m09	transitive	com.google.firebase:firebase-datatransport:18.2.0
:m09	transitive	com.google.firebase:firebase-datatransport:19.0.0
:m09	transitive	com.google.firebase:firebase-encoders-json:18.0.1
:m09	transitive	com.google.firebase:firebase-encoders-proto:16.0.0
:m09	transitive	com.google.firebase:firebase-encoders:17.0.0
:m09	transitive	com.google.firebase:firebase-iid-interop:17.1.0
:m09	transitive	com.google.firebase:firebase-installations-interop:17.3.0
:m09	transitive	com.google.firebase:firebase-installations:19.1.2
:m09	transitive	com.google.firebase:firebase-measurement-connector:20.0.1
:m09	transitive	com.google.firebase:firebase-messaging:25.1.1
:m09	transitive	com.google.firebase:firebase-sessions:3.0.7
:m09	transitive	com.google.guava:failureaccess:1.0.1
:m09	transitive	com.google.guava:failureaccess:1.0.2
:m09	transitive	com.google.guava:guava:31.1-android
:m09	transitive	com.google.guava:guava:33.2.1-android
:m09	transitive	com.google.guava:listenablefuture:9999.0-empty-to-avoid-conflict-with-guava
:m09	transitive	com.google.j2objc:j2objc-annotations:1.3
:m09	transitive	com.google.protobuf:protobuf-javalite:3.25.3
:m09	transitive	com.squareup.okhttp3:okhttp:3.12.13
:m09	transitive	com.squareup.okio:okio-jvm:3.4.0
:m09	transitive	com.squareup.okio:okio:3.4.0
:m09	transitive	dev.gitlive:firebase-analytics-android:2.5.0
:m09	transitive	dev.gitlive:firebase-analytics-iosarm64:2.5.0
:m09	transitive	dev.gitlive:firebase-analytics-iossimulatorarm64:2.5.0
:m09	transitive	dev.gitlive:firebase-analytics-js:2.5.0
:m09	transitive	dev.gitlive:firebase-app-android:2.5.0
:m09	transitive	dev.gitlive:firebase-app-iosarm64:2.5.0
:m09	transitive	dev.gitlive:firebase-app-iossimulatorarm64:2.5.0
:m09	transitive	dev.gitlive:firebase-app-js:2.5.0
:m09	transitive	dev.gitlive:firebase-app-jvm:2.5.0
:m09	transitive	dev.gitlive:firebase-auth-android:2.5.0
:m09	transitive	dev.gitlive:firebase-auth-iosarm64:2.5.0
:m09	transitive	dev.gitlive:firebase-auth-iossimulatorarm64:2.5.0
:m09	transitive	dev.gitlive:firebase-auth-js:2.5.0
:m09	transitive	dev.gitlive:firebase-auth-jvm:2.5.0
:m09	transitive	dev.gitlive:firebase-common-android:2.5.0
:m09	transitive	dev.gitlive:firebase-common-iosarm64:2.5.0
:m09	transitive	dev.gitlive:firebase-common-iossimulatorarm64:2.5.0
:m09	transitive	dev.gitlive:firebase-common-js:2.5.0
:m09	transitive	dev.gitlive:firebase-common-jvm:2.5.0
:m09	transitive	dev.gitlive:firebase-common:2.5.0
:m09	transitive	dev.gitlive:firebase-config-android:2.5.0
:m09	transitive	dev.gitlive:firebase-config-iosarm64:2.5.0
:m09	transitive	dev.gitlive:firebase-config-iossimulatorarm64:2.5.0
:m09	transitive	dev.gitlive:firebase-config-js:2.5.0
:m09	transitive	dev.gitlive:firebase-crashlytics-android:2.5.0
:m09	transitive	dev.gitlive:firebase-crashlytics-iosarm64:2.5.0
:m09	transitive	dev.gitlive:firebase-crashlytics-iossimulatorarm64:2.5.0
:m09	transitive	dev.gitlive:firebase-installations-android:2.5.0
:m09	transitive	dev.gitlive:firebase-installations-iosarm64:2.5.0
:m09	transitive	dev.gitlive:firebase-installations-iossimulatorarm64:2.5.0
:m09	transitive	dev.gitlive:firebase-installations-js:2.5.0
:m09	transitive	dev.gitlive:firebase-installations-jvm:2.5.0
:m09	transitive	dev.gitlive:firebase-java-sdk:0.6.3
:m09	transitive	dev.gitlive:firebase-messaging-android:2.5.0
:m09	transitive	dev.gitlive:firebase-messaging-iosarm64:2.5.0
:m09	transitive	dev.gitlive:firebase-messaging-iossimulatorarm64:2.5.0
:m09	transitive	dev.gitlive:firebase-messaging-js:2.5.0
:m09	transitive	io.grpc:grpc-api:1.68.0
:m09	transitive	io.grpc:grpc-context:1.68.0
:m09	transitive	io.grpc:grpc-core:1.68.0
:m09	transitive	io.grpc:grpc-okhttp:1.68.0
:m09	transitive	io.grpc:grpc-protobuf-lite:1.68.0
:m09	transitive	io.grpc:grpc-stub:1.68.0
:m09	transitive	io.grpc:grpc-util:1.68.0
:m09	transitive	io.insert-koin:koin-core-iosarm64:4.2.2
:m09	transitive	io.insert-koin:koin-core-iossimulatorarm64:4.2.2
:m09	transitive	io.insert-koin:koin-core-js:4.2.2
:m09	transitive	io.insert-koin:koin-core-jvm:4.2.2
:m09	transitive	io.insert-koin:koin-core-viewmodel-android:4.2.2
:m09	transitive	io.insert-koin:koin-core-viewmodel:4.2.2
:m09	transitive	io.insert-koin:koin-core-wasm-js:4.2.2
:m09	transitive	io.perfmark:perfmark-api:0.27.0
:m09	transitive	javax.inject:javax.inject:1
:m09	transitive	junit:junit:4.13.2
:m09	transitive	org.checkerframework:checker-qual:3.12.0
:m09	transitive	org.checkerframework:checker-qual:3.42.0
:m09	transitive	org.codehaus.mojo:animal-sniffer-annotations:1.24
:m09	transitive	org.hamcrest:hamcrest-core:1.3
:m09	transitive	org.jetbrains.androidx.lifecycle:lifecycle-viewmodel-savedstate:2.9.6
:m09	transitive	org.jetbrains.androidx.lifecycle:lifecycle-viewmodel:2.9.6
:m09	transitive	org.jetbrains.androidx.savedstate:savedstate:1.3.6
:m09	transitive	org.jetbrains.kotlin:kotlin-android-extensions-runtime:1.9.22
:m09	transitive	org.jetbrains.kotlin:kotlin-parcelize-runtime:1.9.22
:m09	transitive	org.jetbrains.kotlin:kotlin-stdlib-common:2.4.10
:m09	transitive	org.jetbrains.kotlin:kotlin-stdlib-jdk7:1.8.0
:m09	transitive	org.jetbrains.kotlin:kotlin-stdlib-jdk7:1.8.22
:m09	transitive	org.jetbrains.kotlin:kotlin-stdlib-jdk8:1.8.0
:m09	transitive	org.jetbrains.kotlin:kotlin-stdlib-jdk8:1.8.22
:m09	transitive	org.jetbrains.kotlin:kotlin-stdlib-js:2.4.10
:m09	transitive	org.jetbrains.kotlin:kotlin-stdlib-wasm-js:2.4.10
:m09	transitive	org.jetbrains.kotlin:kotlin-test-js:2.4.10
:m09	transitive	org.jetbrains.kotlin:kotlin-test-junit:2.4.10
:m09	transitive	org.jetbrains.kotlin:kotlin-test-wasm-js:2.4.10
:m09	transitive	org.jetbrains.kotlinx:atomicfu-iosarm64:0.32.1
:m09	transitive	org.jetbrains.kotlinx:atomicfu-iossimulatorarm64:0.32.1
:m09	transitive	org.jetbrains.kotlinx:atomicfu-js:0.32.1
:m09	transitive	org.jetbrains.kotlinx:atomicfu-wasm-js:0.32.1
:m09	transitive	org.jetbrains.kotlinx:atomicfu:0.23.1
:m09	transitive	org.jetbrains.kotlinx:atomicfu:0.32.1
:m09	transitive	org.jetbrains.kotlinx:kotlinx-coroutines-android:1.11.0
:m09	transitive	org.jetbrains.kotlinx:kotlinx-coroutines-bom:1.11.0
:m09	transitive	org.jetbrains.kotlinx:kotlinx-coroutines-core-iosarm64:1.11.0
:m09	transitive	org.jetbrains.kotlinx:kotlinx-coroutines-core-iossimulatorarm64:1.11.0
:m09	transitive	org.jetbrains.kotlinx:kotlinx-coroutines-core-js:1.11.0
:m09	transitive	org.jetbrains.kotlinx:kotlinx-coroutines-core-jvm:1.11.0
:m09	transitive	org.jetbrains.kotlinx:kotlinx-coroutines-core-wasm-js:1.11.0
:m09	transitive	org.jetbrains.kotlinx:kotlinx-coroutines-play-services:1.11.0
:m09	transitive	org.jetbrains.kotlinx:kotlinx-datetime-iosarm64:0.7.1
:m09	transitive	org.jetbrains.kotlinx:kotlinx-datetime-iossimulatorarm64:0.7.1
:m09	transitive	org.jetbrains.kotlinx:kotlinx-datetime-js:0.7.1
:m09	transitive	org.jetbrains.kotlinx:kotlinx-datetime-jvm:0.7.1
:m09	transitive	org.jetbrains.kotlinx:kotlinx-datetime:0.7.1
:m09	transitive	org.jetbrains.kotlinx:kotlinx-serialization-bom:1.7.3
:m09	transitive	org.jetbrains.kotlinx:kotlinx-serialization-bom:1.9.0
:m09	transitive	org.jetbrains.kotlinx:kotlinx-serialization-core-iosarm64:1.9.0
:m09	transitive	org.jetbrains.kotlinx:kotlinx-serialization-core-iossimulatorarm64:1.9.0
:m09	transitive	org.jetbrains.kotlinx:kotlinx-serialization-core-js:1.6.2
:m09	transitive	org.jetbrains.kotlinx:kotlinx-serialization-core-js:1.9.0
:m09	transitive	org.jetbrains.kotlinx:kotlinx-serialization-core-jvm:1.7.3
:m09	transitive	org.jetbrains.kotlinx:kotlinx-serialization-core-jvm:1.9.0
:m09	transitive	org.jetbrains.kotlinx:kotlinx-serialization-core:1.6.2
:m09	transitive	org.jetbrains.kotlinx:kotlinx-serialization-core:1.7.3
:m09	transitive	org.jetbrains.kotlinx:kotlinx-serialization-core:1.9.0
:m09	transitive	org.jetbrains.kotlinx:kotlinx-serialization-json-jvm:1.9.0
:m09	transitive	org.jetbrains.kotlinx:kotlinx-serialization-json:1.9.0
:m09	transitive	org.jetbrains:annotations:23.0.0
:m09	transitive	org.jspecify:jspecify:1.0.0
:m09	transitive	org.slf4j:slf4j-api:1.7.36
:m09	transitive	org.xerial:sqlite-jdbc:3.46.1.0
:m10	direct	androidx.startup:startup-runtime:1.2.0
:m10	direct	io.ktor:ktor-client-cio:3.5.1
:m10	direct	io.ktor:ktor-client-content-negotiation:3.5.1
:m10	direct	io.ktor:ktor-client-core:3.5.1
:m10	direct	io.ktor:ktor-client-darwin:3.5.1
:m10	direct	io.ktor:ktor-client-js:3.5.1
:m10	direct	io.ktor:ktor-client-mock:3.5.1
:m10	direct	io.ktor:ktor-client-resources:3.5.1
:m10	direct	io.ktor:ktor-serialization-kotlinx-json:3.5.1
:m10	direct	org.jetbrains.kotlin:kotlin-dom-api-compat:2.4.10
:m10	direct	org.jetbrains.kotlin:kotlin-stdlib:2.4.10
:m10	direct	org.jetbrains.kotlin:kotlin-test:2.4.10
:m10	direct	org.jetbrains.kotlinx:kotlinx-coroutines-core:1.11.0
:m10	direct	org.jetbrains.kotlinx:kotlinx-coroutines-test:1.11.0
:m10	direct	org.jetbrains.kotlinx:kotlinx-serialization-json:1.11.0
:m10	transitive	androidx.annotation:annotation-experimental:1.4.1
:m10	transitive	androidx.annotation:annotation-jvm:1.10.0
:m10	transitive	androidx.annotation:annotation:1.10.0
:m10	transitive	androidx.arch.core:core-common:2.2.0
:m10	transitive	androidx.arch.core:core-runtime:2.2.0
:m10	transitive	androidx.collection:collection-jvm:1.4.2
:m10	transitive	androidx.collection:collection:1.4.2
:m10	transitive	androidx.concurrent:concurrent-futures:1.1.0
:m10	transitive	androidx.core:core-ktx:1.19.0
:m10	transitive	androidx.core:core-viewtree:1.0.0
:m10	transitive	androidx.core:core:1.19.0
:m10	transitive	androidx.interpolator:interpolator:1.0.0
:m10	transitive	androidx.lifecycle:lifecycle-common:2.6.2
:m10	transitive	androidx.lifecycle:lifecycle-runtime:2.6.2
:m10	transitive	androidx.profileinstaller:profileinstaller:1.3.0
:m10	transitive	androidx.tracing:tracing:1.2.0
:m10	transitive	androidx.versionedparcelable:versionedparcelable:1.1.1
:m10	transitive	com.google.guava:listenablefuture:1.0
:m10	transitive	io.ktor:ktor-client-cio-jvm:3.5.1
:m10	transitive	io.ktor:ktor-client-content-negotiation-iosarm64:3.5.1
:m10	transitive	io.ktor:ktor-client-content-negotiation-iossimulatorarm64:3.5.1
:m10	transitive	io.ktor:ktor-client-content-negotiation-js:3.5.1
:m10	transitive	io.ktor:ktor-client-content-negotiation-jvm:3.5.1
:m10	transitive	io.ktor:ktor-client-content-negotiation-wasm-js:3.5.1
:m10	transitive	io.ktor:ktor-client-core-iosarm64:3.5.1
:m10	transitive	io.ktor:ktor-client-core-iossimulatorarm64:3.5.1
:m10	transitive	io.ktor:ktor-client-core-js:3.5.1
:m10	transitive	io.ktor:ktor-client-core-jvm:3.5.1
:m10	transitive	io.ktor:ktor-client-core-wasm-js:3.5.1
:m10	transitive	io.ktor:ktor-client-darwin-iosarm64:3.5.1
:m10	transitive	io.ktor:ktor-client-darwin-iossimulatorarm64:3.5.1
:m10	transitive	io.ktor:ktor-client-js-js:3.5.1
:m10	transitive	io.ktor:ktor-client-js-wasm-js:3.5.1
:m10	transitive	io.ktor:ktor-client-mock-iosarm64:3.5.1
:m10	transitive	io.ktor:ktor-client-mock-iossimulatorarm64:3.5.1
:m10	transitive	io.ktor:ktor-client-mock-js:3.5.1
:m10	transitive	io.ktor:ktor-client-mock-jvm:3.5.1
:m10	transitive	io.ktor:ktor-client-mock-wasm-js:3.5.1
:m10	transitive	io.ktor:ktor-client-resources-iosarm64:3.5.1
:m10	transitive	io.ktor:ktor-client-resources-iossimulatorarm64:3.5.1
:m10	transitive	io.ktor:ktor-client-resources-js:3.5.1
:m10	transitive	io.ktor:ktor-client-resources-jvm:3.5.1
:m10	transitive	io.ktor:ktor-client-resources-wasm-js:3.5.1
:m10	transitive	io.ktor:ktor-events-iosarm64:3.5.1
:m10	transitive	io.ktor:ktor-events-iossimulatorarm64:3.5.1
:m10	transitive	io.ktor:ktor-events-js:3.5.1
:m10	transitive	io.ktor:ktor-events-jvm:3.5.1
:m10	transitive	io.ktor:ktor-events-wasm-js:3.5.1
:m10	transitive	io.ktor:ktor-events:3.5.1
:m10	transitive	io.ktor:ktor-http-cio-iosarm64:3.5.1
:m10	transitive	io.ktor:ktor-http-cio-iossimulatorarm64:3.5.1
:m10	transitive	io.ktor:ktor-http-cio-js:3.5.1
:m10	transitive	io.ktor:ktor-http-cio-jvm:3.5.1
:m10	transitive	io.ktor:ktor-http-cio-wasm-js:3.5.1
:m10	transitive	io.ktor:ktor-http-cio:3.5.1
:m10	transitive	io.ktor:ktor-http-iosarm64:3.5.1
:m10	transitive	io.ktor:ktor-http-iossimulatorarm64:3.5.1
:m10	transitive	io.ktor:ktor-http-js:3.5.1
:m10	transitive	io.ktor:ktor-http-jvm:3.5.1
:m10	transitive	io.ktor:ktor-http-wasm-js:3.5.1
:m10	transitive	io.ktor:ktor-http:3.5.1
:m10	transitive	io.ktor:ktor-io-iosarm64:3.5.1
:m10	transitive	io.ktor:ktor-io-iossimulatorarm64:3.5.1
:m10	transitive	io.ktor:ktor-io-js:3.5.1
:m10	transitive	io.ktor:ktor-io-jvm:3.5.1
:m10	transitive	io.ktor:ktor-io-wasm-js:3.5.1
:m10	transitive	io.ktor:ktor-io:3.5.1
:m10	transitive	io.ktor:ktor-network-iosarm64:3.5.1
:m10	transitive	io.ktor:ktor-network-iossimulatorarm64:3.5.1
:m10	transitive	io.ktor:ktor-network-jvm:3.5.1
:m10	transitive	io.ktor:ktor-network-tls-iosarm64:3.5.1
:m10	transitive	io.ktor:ktor-network-tls-iossimulatorarm64:3.5.1
:m10	transitive	io.ktor:ktor-network-tls-jvm:3.5.1
:m10	transitive	io.ktor:ktor-network-tls:3.5.1
:m10	transitive	io.ktor:ktor-network:3.5.1
:m10	transitive	io.ktor:ktor-resources-iosarm64:3.5.1
:m10	transitive	io.ktor:ktor-resources-iossimulatorarm64:3.5.1
:m10	transitive	io.ktor:ktor-resources-js:3.5.1
:m10	transitive	io.ktor:ktor-resources-jvm:3.5.1
:m10	transitive	io.ktor:ktor-resources-wasm-js:3.5.1
:m10	transitive	io.ktor:ktor-resources:3.5.1
:m10	transitive	io.ktor:ktor-serialization-iosarm64:3.5.1
:m10	transitive	io.ktor:ktor-serialization-iossimulatorarm64:3.5.1
:m10	transitive	io.ktor:ktor-serialization-js:3.5.1
:m10	transitive	io.ktor:ktor-serialization-jvm:3.5.1
:m10	transitive	io.ktor:ktor-serialization-kotlinx-iosarm64:3.5.1
:m10	transitive	io.ktor:ktor-serialization-kotlinx-iossimulatorarm64:3.5.1
:m10	transitive	io.ktor:ktor-serialization-kotlinx-js:3.5.1
:m10	transitive	io.ktor:ktor-serialization-kotlinx-json-iosarm64:3.5.1
:m10	transitive	io.ktor:ktor-serialization-kotlinx-json-iossimulatorarm64:3.5.1
:m10	transitive	io.ktor:ktor-serialization-kotlinx-json-js:3.5.1
:m10	transitive	io.ktor:ktor-serialization-kotlinx-json-jvm:3.5.1
:m10	transitive	io.ktor:ktor-serialization-kotlinx-json-wasm-js:3.5.1
:m10	transitive	io.ktor:ktor-serialization-kotlinx-jvm:3.5.1
:m10	transitive	io.ktor:ktor-serialization-kotlinx-wasm-js:3.5.1
:m10	transitive	io.ktor:ktor-serialization-kotlinx:3.5.1
:m10	transitive	io.ktor:ktor-serialization-wasm-js:3.5.1
:m10	transitive	io.ktor:ktor-serialization:3.5.1
:m10	transitive	io.ktor:ktor-sse-iosarm64:3.5.1
:m10	transitive	io.ktor:ktor-sse-iossimulatorarm64:3.5.1
:m10	transitive	io.ktor:ktor-sse-js:3.5.1
:m10	transitive	io.ktor:ktor-sse-jvm:3.5.1
:m10	transitive	io.ktor:ktor-sse-wasm-js:3.5.1
:m10	transitive	io.ktor:ktor-sse:3.5.1
:m10	transitive	io.ktor:ktor-utils-iosarm64:3.5.1
:m10	transitive	io.ktor:ktor-utils-iossimulatorarm64:3.5.1
:m10	transitive	io.ktor:ktor-utils-js:3.5.1
:m10	transitive	io.ktor:ktor-utils-jvm:3.5.1
:m10	transitive	io.ktor:ktor-utils-wasm-js:3.5.1
:m10	transitive	io.ktor:ktor-utils:3.5.1
:m10	transitive	io.ktor:ktor-websocket-serialization-iosarm64:3.5.1
:m10	transitive	io.ktor:ktor-websocket-serialization-iossimulatorarm64:3.5.1
:m10	transitive	io.ktor:ktor-websocket-serialization-js:3.5.1
:m10	transitive	io.ktor:ktor-websocket-serialization-jvm:3.5.1
:m10	transitive	io.ktor:ktor-websocket-serialization-wasm-js:3.5.1
:m10	transitive	io.ktor:ktor-websocket-serialization:3.5.1
:m10	transitive	io.ktor:ktor-websockets-iosarm64:3.5.1
:m10	transitive	io.ktor:ktor-websockets-iossimulatorarm64:3.5.1
:m10	transitive	io.ktor:ktor-websockets-js:3.5.1
:m10	transitive	io.ktor:ktor-websockets-jvm:3.5.1
:m10	transitive	io.ktor:ktor-websockets-wasm-js:3.5.1
:m10	transitive	io.ktor:ktor-websockets:3.5.1
:m10	transitive	junit:junit:4.13.2
:m10	transitive	org.hamcrest:hamcrest-core:1.3
:m10	transitive	org.jetbrains.kotlin:kotlin-stdlib-common:2.4.10
:m10	transitive	org.jetbrains.kotlin:kotlin-stdlib-js:2.4.10
:m10	transitive	org.jetbrains.kotlin:kotlin-stdlib-wasm-js:2.4.10
:m10	transitive	org.jetbrains.kotlin:kotlin-test-js:2.4.10
:m10	transitive	org.jetbrains.kotlin:kotlin-test-junit:2.4.10
:m10	transitive	org.jetbrains.kotlin:kotlin-test-wasm-js:2.4.10
:m10	transitive	org.jetbrains.kotlinx:atomicfu-iosarm64:0.32.1
:m10	transitive	org.jetbrains.kotlinx:atomicfu-iossimulatorarm64:0.32.1
:m10	transitive	org.jetbrains.kotlinx:atomicfu-js:0.32.1
:m10	transitive	org.jetbrains.kotlinx:atomicfu-wasm-js:0.32.1
:m10	transitive	org.jetbrains.kotlinx:atomicfu:0.23.1
:m10	transitive	org.jetbrains.kotlinx:atomicfu:0.32.1
:m10	transitive	org.jetbrains.kotlinx:kotlinx-browser-js:0.5.0
:m10	transitive	org.jetbrains.kotlinx:kotlinx-browser-wasm-js:0.5.0
:m10	transitive	org.jetbrains.kotlinx:kotlinx-browser:0.5.0
:m10	transitive	org.jetbrains.kotlinx:kotlinx-coroutines-android:1.11.0
:m10	transitive	org.jetbrains.kotlinx:kotlinx-coroutines-bom:1.11.0
:m10	transitive	org.jetbrains.kotlinx:kotlinx-coroutines-core-iosarm64:1.11.0
:m10	transitive	org.jetbrains.kotlinx:kotlinx-coroutines-core-iossimulatorarm64:1.11.0
:m10	transitive	org.jetbrains.kotlinx:kotlinx-coroutines-core-js:1.11.0
:m10	transitive	org.jetbrains.kotlinx:kotlinx-coroutines-core-jvm:1.11.0
:m10	transitive	org.jetbrains.kotlinx:kotlinx-coroutines-core-wasm-js:1.11.0
:m10	transitive	org.jetbrains.kotlinx:kotlinx-coroutines-slf4j:1.11.0
:m10	transitive	org.jetbrains.kotlinx:kotlinx-coroutines-test-iosarm64:1.11.0
:m10	transitive	org.jetbrains.kotlinx:kotlinx-coroutines-test-iossimulatorarm64:1.11.0
:m10	transitive	org.jetbrains.kotlinx:kotlinx-coroutines-test-js:1.11.0
:m10	transitive	org.jetbrains.kotlinx:kotlinx-coroutines-test-jvm:1.11.0
:m10	transitive	org.jetbrains.kotlinx:kotlinx-coroutines-test-wasm-js:1.11.0
:m10	transitive	org.jetbrains.kotlinx:kotlinx-datetime-iosarm64:0.8.0
:m10	transitive	org.jetbrains.kotlinx:kotlinx-datetime-iossimulatorarm64:0.8.0
:m10	transitive	org.jetbrains.kotlinx:kotlinx-datetime-js:0.8.0
:m10	transitive	org.jetbrains.kotlinx:kotlinx-datetime-jvm:0.8.0
:m10	transitive	org.jetbrains.kotlinx:kotlinx-datetime-wasm-js:0.8.0
:m10	transitive	org.jetbrains.kotlinx:kotlinx-datetime:0.8.0
:m10	transitive	org.jetbrains.kotlinx:kotlinx-io-bytestring-iosarm64:0.9.0
:m10	transitive	org.jetbrains.kotlinx:kotlinx-io-bytestring-iossimulatorarm64:0.9.0
:m10	transitive	org.jetbrains.kotlinx:kotlinx-io-bytestring-js:0.9.0
:m10	transitive	org.jetbrains.kotlinx:kotlinx-io-bytestring-jvm:0.9.0
:m10	transitive	org.jetbrains.kotlinx:kotlinx-io-bytestring-wasm-js:0.9.0
:m10	transitive	org.jetbrains.kotlinx:kotlinx-io-bytestring:0.9.0
:m10	transitive	org.jetbrains.kotlinx:kotlinx-io-core-iosarm64:0.9.0
:m10	transitive	org.jetbrains.kotlinx:kotlinx-io-core-iossimulatorarm64:0.9.0
:m10	transitive	org.jetbrains.kotlinx:kotlinx-io-core-js:0.9.0
:m10	transitive	org.jetbrains.kotlinx:kotlinx-io-core-jvm:0.9.0
:m10	transitive	org.jetbrains.kotlinx:kotlinx-io-core-wasm-js:0.9.0
:m10	transitive	org.jetbrains.kotlinx:kotlinx-io-core:0.9.0
:m10	transitive	org.jetbrains.kotlinx:kotlinx-serialization-bom:1.11.0
:m10	transitive	org.jetbrains.kotlinx:kotlinx-serialization-core-iosarm64:1.11.0
:m10	transitive	org.jetbrains.kotlinx:kotlinx-serialization-core-iossimulatorarm64:1.11.0
:m10	transitive	org.jetbrains.kotlinx:kotlinx-serialization-core-js:1.11.0
:m10	transitive	org.jetbrains.kotlinx:kotlinx-serialization-core-jvm:1.11.0
:m10	transitive	org.jetbrains.kotlinx:kotlinx-serialization-core-wasm-js:1.11.0
:m10	transitive	org.jetbrains.kotlinx:kotlinx-serialization-core:1.11.0
:m10	transitive	org.jetbrains.kotlinx:kotlinx-serialization-json-io-iosarm64:1.11.0
:m10	transitive	org.jetbrains.kotlinx:kotlinx-serialization-json-io-iossimulatorarm64:1.11.0
:m10	transitive	org.jetbrains.kotlinx:kotlinx-serialization-json-io-js:1.11.0
:m10	transitive	org.jetbrains.kotlinx:kotlinx-serialization-json-io-jvm:1.11.0
:m10	transitive	org.jetbrains.kotlinx:kotlinx-serialization-json-io-wasm-js:1.11.0
:m10	transitive	org.jetbrains.kotlinx:kotlinx-serialization-json-io:1.11.0
:m10	transitive	org.jetbrains.kotlinx:kotlinx-serialization-json-iosarm64:1.11.0
:m10	transitive	org.jetbrains.kotlinx:kotlinx-serialization-json-iossimulatorarm64:1.11.0
:m10	transitive	org.jetbrains.kotlinx:kotlinx-serialization-json-js:1.11.0
:m10	transitive	org.jetbrains.kotlinx:kotlinx-serialization-json-jvm:1.11.0
:m10	transitive	org.jetbrains.kotlinx:kotlinx-serialization-json-wasm-js:1.11.0
:m10	transitive	org.jetbrains:annotations:23.0.0
:m10	transitive	org.jspecify:jspecify:1.0.0
:m10	transitive	org.slf4j:slf4j-api:2.0.18
:m11	direct	org.jetbrains.kotlin:kotlin-dom-api-compat:2.4.10
:m11	direct	org.jetbrains.kotlin:kotlin-stdlib:2.4.10
:m11	transitive	androidx.activity:activity-ktx:1.12.4
:m11	transitive	androidx.activity:activity:1.12.4
:m11	transitive	androidx.annotation:annotation-experimental:1.4.1
:m11	transitive	androidx.annotation:annotation-jvm:1.9.1
:m11	transitive	androidx.annotation:annotation:1.9.1
:m11	transitive	androidx.appcompat:appcompat-resources:1.7.1
:m11	transitive	androidx.appcompat:appcompat:1.7.1
:m11	transitive	androidx.arch.core:core-common:2.2.0
:m11	transitive	androidx.arch.core:core-runtime:2.2.0
:m11	transitive	androidx.browser:browser:1.4.0
:m11	transitive	androidx.collection:collection-jvm:1.4.2
:m11	transitive	androidx.collection:collection-jvm:1.4.3
:m11	transitive	androidx.collection:collection-ktx:1.4.2
:m11	transitive	androidx.collection:collection:1.4.2
:m11	transitive	androidx.collection:collection:1.4.3
:m11	transitive	androidx.compose.runtime:runtime-annotation-android:1.9.0
:m11	transitive	androidx.compose.runtime:runtime-annotation:1.9.0
:m11	transitive	androidx.concurrent:concurrent-futures:1.1.0
:m11	transitive	androidx.core:core-ktx:1.16.0
:m11	transitive	androidx.core:core-viewtree:1.0.0
:m11	transitive	androidx.core:core:1.16.0
:m11	transitive	androidx.credentials:credentials-play-services-auth:1.2.0-rc01
:m11	transitive	androidx.credentials:credentials:1.2.0-rc01
:m11	transitive	androidx.cursoradapter:cursoradapter:1.0.0
:m11	transitive	androidx.customview:customview:1.0.0
:m11	transitive	androidx.datastore:datastore-android:1.1.7
:m11	transitive	androidx.datastore:datastore-core-android:1.1.7
:m11	transitive	androidx.datastore:datastore-core-okio-jvm:1.1.7
:m11	transitive	androidx.datastore:datastore-core-okio:1.1.7
:m11	transitive	androidx.datastore:datastore-core:1.1.7
:m11	transitive	androidx.datastore:datastore-preferences-android:1.1.7
:m11	transitive	androidx.datastore:datastore-preferences-core-android:1.1.7
:m11	transitive	androidx.datastore:datastore-preferences-core:1.1.7
:m11	transitive	androidx.datastore:datastore-preferences-external-protobuf:1.1.7
:m11	transitive	androidx.datastore:datastore-preferences-proto:1.1.7
:m11	transitive	androidx.datastore:datastore-preferences:1.1.7
:m11	transitive	androidx.datastore:datastore:1.1.7
:m11	transitive	androidx.documentfile:documentfile:1.0.0
:m11	transitive	androidx.drawerlayout:drawerlayout:1.0.0
:m11	transitive	androidx.emoji2:emoji2-views-helper:1.3.0
:m11	transitive	androidx.emoji2:emoji2:1.3.0
:m11	transitive	androidx.fragment:fragment-ktx:1.8.9
:m11	transitive	androidx.fragment:fragment:1.8.9
:m11	transitive	androidx.interpolator:interpolator:1.0.0
:m11	transitive	androidx.legacy:legacy-support-core-utils:1.0.0
:m11	transitive	androidx.lifecycle:lifecycle-common-jvm:2.10.0
:m11	transitive	androidx.lifecycle:lifecycle-common-jvm:2.10.0-alpha01
:m11	transitive	androidx.lifecycle:lifecycle-common:2.10.0
:m11	transitive	androidx.lifecycle:lifecycle-common:2.10.0-alpha01
:m11	transitive	androidx.lifecycle:lifecycle-livedata-core-ktx:2.10.0
:m11	transitive	androidx.lifecycle:lifecycle-livedata-core:2.10.0
:m11	transitive	androidx.lifecycle:lifecycle-livedata:2.10.0
:m11	transitive	androidx.lifecycle:lifecycle-process:2.10.0
:m11	transitive	androidx.lifecycle:lifecycle-runtime-android:2.10.0
:m11	transitive	androidx.lifecycle:lifecycle-runtime-ktx-android:2.10.0
:m11	transitive	androidx.lifecycle:lifecycle-runtime-ktx:2.10.0
:m11	transitive	androidx.lifecycle:lifecycle-runtime:2.10.0
:m11	transitive	androidx.lifecycle:lifecycle-viewmodel-android:2.10.0
:m11	transitive	androidx.lifecycle:lifecycle-viewmodel-desktop:2.10.0-alpha01
:m11	transitive	androidx.lifecycle:lifecycle-viewmodel-ktx:2.10.0
:m11	transitive	androidx.lifecycle:lifecycle-viewmodel-savedstate-android:2.10.0
:m11	transitive	androidx.lifecycle:lifecycle-viewmodel-savedstate:2.10.0
:m11	transitive	androidx.lifecycle:lifecycle-viewmodel:2.10.0
:m11	transitive	androidx.lifecycle:lifecycle-viewmodel:2.10.0-alpha01
:m11	transitive	androidx.loader:loader:1.0.0
:m11	transitive	androidx.localbroadcastmanager:localbroadcastmanager:1.0.0
:m11	transitive	androidx.navigationevent:navigationevent-android:1.0.2
:m11	transitive	androidx.navigationevent:navigationevent:1.0.2
:m11	transitive	androidx.print:print:1.0.0
:m11	transitive	androidx.privacysandbox.ads:ads-adservices-java:1.1.0-beta11
:m11	transitive	androidx.privacysandbox.ads:ads-adservices:1.1.0-beta11
:m11	transitive	androidx.profileinstaller:profileinstaller:1.4.0
:m11	transitive	androidx.resourceinspection:resourceinspection-annotation:1.0.1
:m11	transitive	androidx.savedstate:savedstate-android:1.4.0
:m11	transitive	androidx.savedstate:savedstate-ktx:1.4.0
:m11	transitive	androidx.savedstate:savedstate:1.4.0
:m11	transitive	androidx.startup:startup-runtime:1.1.1
:m11	transitive	androidx.tracing:tracing:1.2.0
:m11	transitive	androidx.vectordrawable:vectordrawable-animated:1.1.0
:m11	transitive	androidx.vectordrawable:vectordrawable:1.1.0
:m11	transitive	androidx.versionedparcelable:versionedparcelable:1.1.1
:m11	transitive	androidx.viewpager:viewpager:1.0.0
:m11	transitive	co.touchlab:stately-concurrency-iosarm64:2.1.0
:m11	transitive	co.touchlab:stately-concurrency-iossimulatorarm64:2.1.0
:m11	transitive	co.touchlab:stately-concurrency-js:2.1.0
:m11	transitive	co.touchlab:stately-concurrency-jvm:2.1.0
:m11	transitive	co.touchlab:stately-concurrency-wasm-js:2.1.0
:m11	transitive	co.touchlab:stately-concurrency:2.1.0
:m11	transitive	co.touchlab:stately-concurrent-collections-iosarm64:2.1.0
:m11	transitive	co.touchlab:stately-concurrent-collections-iossimulatorarm64:2.1.0
:m11	transitive	co.touchlab:stately-concurrent-collections-js:2.1.0
:m11	transitive	co.touchlab:stately-concurrent-collections-jvm:2.1.0
:m11	transitive	co.touchlab:stately-concurrent-collections-wasm-js:2.1.0
:m11	transitive	co.touchlab:stately-concurrent-collections:2.1.0
:m11	transitive	co.touchlab:stately-strict-iosarm64:2.1.0
:m11	transitive	co.touchlab:stately-strict-iossimulatorarm64:2.1.0
:m11	transitive	co.touchlab:stately-strict-js:2.1.0
:m11	transitive	co.touchlab:stately-strict-jvm:2.1.0
:m11	transitive	co.touchlab:stately-strict-wasm-js:2.1.0
:m11	transitive	co.touchlab:stately-strict:2.1.0
:m11	transitive	com.google.android.datatransport:transport-api:3.2.0
:m11	transitive	com.google.android.datatransport:transport-backend-cct:3.3.0
:m11	transitive	com.google.android.datatransport:transport-runtime:3.3.0
:m11	transitive	com.google.android.gms:play-services-ads-identifier:18.0.0
:m11	transitive	com.google.android.gms:play-services-auth-api-phone:18.0.2
:m11	transitive	com.google.android.gms:play-services-auth-base:18.0.4
:m11	transitive	com.google.android.gms:play-services-auth:20.7.0
:m11	transitive	com.google.android.gms:play-services-base:18.9.0
:m11	transitive	com.google.android.gms:play-services-basement:16.0.1
:m11	transitive	com.google.android.gms:play-services-basement:18.9.0
:m11	transitive	com.google.android.gms:play-services-cloud-messaging:17.4.0
:m11	transitive	com.google.android.gms:play-services-fido:20.1.0
:m11	transitive	com.google.android.gms:play-services-measurement-api:23.2.0
:m11	transitive	com.google.android.gms:play-services-measurement-base:23.2.0
:m11	transitive	com.google.android.gms:play-services-measurement-impl:23.2.0
:m11	transitive	com.google.android.gms:play-services-measurement-sdk-api:23.2.0
:m11	transitive	com.google.android.gms:play-services-measurement-sdk:23.2.0
:m11	transitive	com.google.android.gms:play-services-measurement:23.2.0
:m11	transitive	com.google.android.gms:play-services-stats:17.0.2
:m11	transitive	com.google.android.gms:play-services-tasks:16.0.1
:m11	transitive	com.google.android.gms:play-services-tasks:18.4.0
:m11	transitive	com.google.android.libraries.identity.googleid:googleid:1.1.0
:m11	transitive	com.google.android.play:core-common:2.0.3
:m11	transitive	com.google.android.play:integrity:1.3.0
:m11	transitive	com.google.android.recaptcha:recaptcha:18.6.1
:m11	transitive	com.google.android:annotations:4.1.1.4
:m11	transitive	com.google.code.findbugs:jsr305:3.0.2
:m11	transitive	com.google.code.gson:gson:2.11.0
:m11	transitive	com.google.errorprone:error_prone_annotations:2.26.0
:m11	transitive	com.google.errorprone:error_prone_annotations:2.28.0
:m11	transitive	com.google.firebase:firebase-abt:21.1.1
:m11	transitive	com.google.firebase:firebase-analytics:23.2.0
:m11	transitive	com.google.firebase:firebase-annotations:17.0.0
:m11	transitive	com.google.firebase:firebase-appcheck-interop:17.0.0
:m11	transitive	com.google.firebase:firebase-auth-interop:20.0.0
:m11	transitive	com.google.firebase:firebase-auth:24.2.0
:m11	transitive	com.google.firebase:firebase-bom:34.17.0
:m11	transitive	com.google.firebase:firebase-common:22.2.0
:m11	transitive	com.google.firebase:firebase-components:19.0.0
:m11	transitive	com.google.firebase:firebase-config-interop:16.0.1
:m11	transitive	com.google.firebase:firebase-config:23.1.0
:m11	transitive	com.google.firebase:firebase-crashlytics:20.1.0
:m11	transitive	com.google.firebase:firebase-datatransport:19.0.0
:m11	transitive	com.google.firebase:firebase-encoders-json:18.0.1
:m11	transitive	com.google.firebase:firebase-encoders-proto:16.0.0
:m11	transitive	com.google.firebase:firebase-encoders:17.0.0
:m11	transitive	com.google.firebase:firebase-iid-interop:17.1.0
:m11	transitive	com.google.firebase:firebase-installations-interop:17.3.0
:m11	transitive	com.google.firebase:firebase-installations:19.1.2
:m11	transitive	com.google.firebase:firebase-measurement-connector:20.0.1
:m11	transitive	com.google.firebase:firebase-messaging:25.1.1
:m11	transitive	com.google.firebase:firebase-sessions:3.0.7
:m11	transitive	com.google.guava:failureaccess:1.0.1
:m11	transitive	com.google.guava:failureaccess:1.0.2
:m11	transitive	com.google.guava:guava:31.1-android
:m11	transitive	com.google.guava:guava:33.2.1-android
:m11	transitive	com.google.guava:listenablefuture:9999.0-empty-to-avoid-conflict-with-guava
:m11	transitive	com.google.j2objc:j2objc-annotations:1.3
:m11	transitive	com.google.protobuf:protobuf-javalite:3.25.3
:m11	transitive	com.squareup.okhttp3:okhttp:3.12.13
:m11	transitive	com.squareup.okio:okio-jvm:3.4.0
:m11	transitive	com.squareup.okio:okio:3.4.0
:m11	transitive	dev.gitlive:firebase-analytics-android:2.5.0
:m11	transitive	dev.gitlive:firebase-analytics-iosarm64:2.5.0
:m11	transitive	dev.gitlive:firebase-analytics-iossimulatorarm64:2.5.0
:m11	transitive	dev.gitlive:firebase-analytics-js:2.5.0
:m11	transitive	dev.gitlive:firebase-analytics:2.5.0
:m11	transitive	dev.gitlive:firebase-app-android:2.5.0
:m11	transitive	dev.gitlive:firebase-app-iosarm64:2.5.0
:m11	transitive	dev.gitlive:firebase-app-iossimulatorarm64:2.5.0
:m11	transitive	dev.gitlive:firebase-app-js:2.5.0
:m11	transitive	dev.gitlive:firebase-app-jvm:2.5.0
:m11	transitive	dev.gitlive:firebase-app:2.5.0
:m11	transitive	dev.gitlive:firebase-auth-android:2.5.0
:m11	transitive	dev.gitlive:firebase-auth-iosarm64:2.5.0
:m11	transitive	dev.gitlive:firebase-auth-iossimulatorarm64:2.5.0
:m11	transitive	dev.gitlive:firebase-auth-js:2.5.0
:m11	transitive	dev.gitlive:firebase-auth-jvm:2.5.0
:m11	transitive	dev.gitlive:firebase-auth:2.5.0
:m11	transitive	dev.gitlive:firebase-common-android:2.5.0
:m11	transitive	dev.gitlive:firebase-common-iosarm64:2.5.0
:m11	transitive	dev.gitlive:firebase-common-iossimulatorarm64:2.5.0
:m11	transitive	dev.gitlive:firebase-common-js:2.5.0
:m11	transitive	dev.gitlive:firebase-common-jvm:2.5.0
:m11	transitive	dev.gitlive:firebase-common:2.5.0
:m11	transitive	dev.gitlive:firebase-config-android:2.5.0
:m11	transitive	dev.gitlive:firebase-config-iosarm64:2.5.0
:m11	transitive	dev.gitlive:firebase-config-iossimulatorarm64:2.5.0
:m11	transitive	dev.gitlive:firebase-config-js:2.5.0
:m11	transitive	dev.gitlive:firebase-config:2.5.0
:m11	transitive	dev.gitlive:firebase-crashlytics-android:2.5.0
:m11	transitive	dev.gitlive:firebase-crashlytics-iosarm64:2.5.0
:m11	transitive	dev.gitlive:firebase-crashlytics-iossimulatorarm64:2.5.0
:m11	transitive	dev.gitlive:firebase-crashlytics:2.5.0
:m11	transitive	dev.gitlive:firebase-installations-android:2.5.0
:m11	transitive	dev.gitlive:firebase-installations-iosarm64:2.5.0
:m11	transitive	dev.gitlive:firebase-installations-iossimulatorarm64:2.5.0
:m11	transitive	dev.gitlive:firebase-installations-js:2.5.0
:m11	transitive	dev.gitlive:firebase-installations-jvm:2.5.0
:m11	transitive	dev.gitlive:firebase-installations:2.5.0
:m11	transitive	dev.gitlive:firebase-java-sdk:0.6.3
:m11	transitive	dev.gitlive:firebase-messaging-android:2.5.0
:m11	transitive	dev.gitlive:firebase-messaging-iosarm64:2.5.0
:m11	transitive	dev.gitlive:firebase-messaging-iossimulatorarm64:2.5.0
:m11	transitive	dev.gitlive:firebase-messaging-js:2.5.0
:m11	transitive	dev.gitlive:firebase-messaging:2.5.0
:m11	transitive	io.grpc:grpc-api:1.68.0
:m11	transitive	io.grpc:grpc-context:1.68.0
:m11	transitive	io.grpc:grpc-core:1.68.0
:m11	transitive	io.grpc:grpc-okhttp:1.68.0
:m11	transitive	io.grpc:grpc-protobuf-lite:1.68.0
:m11	transitive	io.grpc:grpc-stub:1.68.0
:m11	transitive	io.grpc:grpc-util:1.68.0
:m11	transitive	io.insert-koin:koin-android:4.2.2
:m11	transitive	io.insert-koin:koin-core-iosarm64:4.2.2
:m11	transitive	io.insert-koin:koin-core-iossimulatorarm64:4.2.2
:m11	transitive	io.insert-koin:koin-core-js:4.2.2
:m11	transitive	io.insert-koin:koin-core-jvm:4.2.2
:m11	transitive	io.insert-koin:koin-core-viewmodel-android:4.2.2
:m11	transitive	io.insert-koin:koin-core-viewmodel:4.2.2
:m11	transitive	io.insert-koin:koin-core-wasm-js:4.2.2
:m11	transitive	io.insert-koin:koin-core:4.2.2
:m11	transitive	io.perfmark:perfmark-api:0.27.0
:m11	transitive	javax.inject:javax.inject:1
:m11	transitive	org.checkerframework:checker-qual:3.12.0
:m11	transitive	org.checkerframework:checker-qual:3.42.0
:m11	transitive	org.codehaus.mojo:animal-sniffer-annotations:1.24
:m11	transitive	org.jetbrains.androidx.lifecycle:lifecycle-viewmodel-savedstate:2.9.6
:m11	transitive	org.jetbrains.androidx.lifecycle:lifecycle-viewmodel:2.9.6
:m11	transitive	org.jetbrains.androidx.savedstate:savedstate:1.3.6
:m11	transitive	org.jetbrains.kotlin:kotlin-android-extensions-runtime:1.9.22
:m11	transitive	org.jetbrains.kotlin:kotlin-parcelize-runtime:1.9.22
:m11	transitive	org.jetbrains.kotlin:kotlin-stdlib-common:2.4.10
:m11	transitive	org.jetbrains.kotlin:kotlin-stdlib-jdk7:1.8.0
:m11	transitive	org.jetbrains.kotlin:kotlin-stdlib-jdk7:1.8.22
:m11	transitive	org.jetbrains.kotlin:kotlin-stdlib-jdk8:1.8.0
:m11	transitive	org.jetbrains.kotlin:kotlin-stdlib-jdk8:1.8.22
:m11	transitive	org.jetbrains.kotlin:kotlin-stdlib-js:2.4.10
:m11	transitive	org.jetbrains.kotlin:kotlin-stdlib-wasm-js:2.4.10
:m11	transitive	org.jetbrains.kotlinx:atomicfu-iosarm64:0.32.1
:m11	transitive	org.jetbrains.kotlinx:atomicfu-iossimulatorarm64:0.32.1
:m11	transitive	org.jetbrains.kotlinx:atomicfu-js:0.32.1
:m11	transitive	org.jetbrains.kotlinx:atomicfu-wasm-js:0.32.1
:m11	transitive	org.jetbrains.kotlinx:atomicfu:0.23.1
:m11	transitive	org.jetbrains.kotlinx:atomicfu:0.32.1
:m11	transitive	org.jetbrains.kotlinx:kotlinx-coroutines-android:1.11.0
:m11	transitive	org.jetbrains.kotlinx:kotlinx-coroutines-bom:1.11.0
:m11	transitive	org.jetbrains.kotlinx:kotlinx-coroutines-bom:1.9.0
:m11	transitive	org.jetbrains.kotlinx:kotlinx-coroutines-core-iosarm64:1.11.0
:m11	transitive	org.jetbrains.kotlinx:kotlinx-coroutines-core-iossimulatorarm64:1.11.0
:m11	transitive	org.jetbrains.kotlinx:kotlinx-coroutines-core-js:1.11.0
:m11	transitive	org.jetbrains.kotlinx:kotlinx-coroutines-core-jvm:1.11.0
:m11	transitive	org.jetbrains.kotlinx:kotlinx-coroutines-core-jvm:1.9.0
:m11	transitive	org.jetbrains.kotlinx:kotlinx-coroutines-core-wasm-js:1.11.0
:m11	transitive	org.jetbrains.kotlinx:kotlinx-coroutines-core:1.11.0
:m11	transitive	org.jetbrains.kotlinx:kotlinx-coroutines-core:1.9.0
:m11	transitive	org.jetbrains.kotlinx:kotlinx-coroutines-play-services:1.11.0
:m11	transitive	org.jetbrains.kotlinx:kotlinx-coroutines-play-services:1.9.0
:m11	transitive	org.jetbrains.kotlinx:kotlinx-datetime-iosarm64:0.7.1
:m11	transitive	org.jetbrains.kotlinx:kotlinx-datetime-iossimulatorarm64:0.7.1
:m11	transitive	org.jetbrains.kotlinx:kotlinx-datetime-js:0.7.1
:m11	transitive	org.jetbrains.kotlinx:kotlinx-datetime-jvm:0.7.1
:m11	transitive	org.jetbrains.kotlinx:kotlinx-datetime:0.7.1
:m11	transitive	org.jetbrains.kotlinx:kotlinx-serialization-bom:1.9.0
:m11	transitive	org.jetbrains.kotlinx:kotlinx-serialization-core-iosarm64:1.9.0
:m11	transitive	org.jetbrains.kotlinx:kotlinx-serialization-core-iossimulatorarm64:1.9.0
:m11	transitive	org.jetbrains.kotlinx:kotlinx-serialization-core-js:1.9.0
:m11	transitive	org.jetbrains.kotlinx:kotlinx-serialization-core-jvm:1.9.0
:m11	transitive	org.jetbrains.kotlinx:kotlinx-serialization-core:1.9.0
:m11	transitive	org.jetbrains.kotlinx:kotlinx-serialization-json-jvm:1.9.0
:m11	transitive	org.jetbrains.kotlinx:kotlinx-serialization-json:1.9.0
:m11	transitive	org.jetbrains:annotations:13.0
:m11	transitive	org.jetbrains:annotations:23.0.0
:m11	transitive	org.jspecify:jspecify:1.0.0
:m11	transitive	org.slf4j:slf4j-api:1.7.36
:m11	transitive	org.xerial:sqlite-jdbc:3.46.1.0
:m12	direct	org.jetbrains.compose.components:components-resources:1.11.1
:m12	direct	org.jetbrains.compose.foundation:foundation:1.11.1
:m12	direct	org.jetbrains.compose.hot-reload:hot-reload-runtime-jvm:1.1.1
:m12	direct	org.jetbrains.compose.material3:material3:1.10.0-alpha05
:m12	direct	org.jetbrains.compose.runtime:runtime:1.11.1
:m12	direct	org.jetbrains.compose.ui:ui-tooling-preview:1.11.1
:m12	direct	org.jetbrains.compose.ui:ui-tooling:1.11.1
:m12	direct	org.jetbrains.compose.ui:ui:1.11.1
:m12	direct	org.jetbrains.kotlin:kotlin-dom-api-compat:2.4.10
:m12	direct	org.jetbrains.kotlin:kotlin-stdlib:2.4.10
:m12	direct	org.jetbrains.kotlin:kotlin-test:2.4.10
:m12	direct	org.jetbrains.kotlinx:kotlinx-coroutines-core:1.11.0
:m12	transitive	androidx.activity:activity-compose:1.8.2
:m12	transitive	androidx.activity:activity-ktx:1.8.2
:m12	transitive	androidx.activity:activity:1.8.2
:m12	transitive	androidx.annotation:annotation-experimental:1.4.1
:m12	transitive	androidx.annotation:annotation-iosarm64:1.9.1
:m12	transitive	androidx.annotation:annotation-iossimulatorarm64:1.9.1
:m12	transitive	androidx.annotation:annotation-js:1.9.1
:m12	transitive	androidx.annotation:annotation-jvm:1.9.1
:m12	transitive	androidx.annotation:annotation-wasm-js:1.9.1
:m12	transitive	androidx.annotation:annotation:1.9.1
:m12	transitive	androidx.arch.core:core-common:2.2.0
:m12	transitive	androidx.arch.core:core-runtime:2.2.0
:m12	transitive	androidx.autofill:autofill:1.0.0
:m12	transitive	androidx.collection:collection-iosarm64:1.5.0
:m12	transitive	androidx.collection:collection-iossimulatorarm64:1.5.0
:m12	transitive	androidx.collection:collection-js:1.5.0
:m12	transitive	androidx.collection:collection-jvm:1.5.0
:m12	transitive	androidx.collection:collection-ktx:1.5.0
:m12	transitive	androidx.collection:collection-wasm-js:1.5.0
:m12	transitive	androidx.collection:collection:1.5.0
:m12	transitive	androidx.compose.animation:animation-android:1.11.2
:m12	transitive	androidx.compose.animation:animation-core-android:1.11.2
:m12	transitive	androidx.compose.animation:animation-core:1.11.2
:m12	transitive	androidx.compose.animation:animation:1.11.2
:m12	transitive	androidx.compose.foundation:foundation-android:1.11.2
:m12	transitive	androidx.compose.foundation:foundation-layout-android:1.11.2
:m12	transitive	androidx.compose.foundation:foundation-layout:1.11.2
:m12	transitive	androidx.compose.foundation:foundation:1.11.2
:m12	transitive	androidx.compose.material3:material3-android:1.5.0-alpha08
:m12	transitive	androidx.compose.material3:material3:1.5.0-alpha08
:m12	transitive	androidx.compose.material:material-ripple-android:1.9.4
:m12	transitive	androidx.compose.material:material-ripple:1.9.4
:m12	transitive	androidx.compose.runtime:runtime-android:1.11.2
:m12	transitive	androidx.compose.runtime:runtime-annotation-android:1.11.2
:m12	transitive	androidx.compose.runtime:runtime-annotation-iosarm64:1.11.2
:m12	transitive	androidx.compose.runtime:runtime-annotation-iossimulatorarm64:1.11.2
:m12	transitive	androidx.compose.runtime:runtime-annotation-js:1.11.2
:m12	transitive	androidx.compose.runtime:runtime-annotation-jvm:1.11.2
:m12	transitive	androidx.compose.runtime:runtime-annotation-wasm-js:1.11.2
:m12	transitive	androidx.compose.runtime:runtime-annotation:1.11.2
:m12	transitive	androidx.compose.runtime:runtime-desktop:1.11.2
:m12	transitive	androidx.compose.runtime:runtime-iosarm64:1.11.2
:m12	transitive	androidx.compose.runtime:runtime-iossimulatorarm64:1.11.2
:m12	transitive	androidx.compose.runtime:runtime-js:1.11.2
:m12	transitive	androidx.compose.runtime:runtime-retain-android:1.11.2
:m12	transitive	androidx.compose.runtime:runtime-retain-desktop:1.11.2
:m12	transitive	androidx.compose.runtime:runtime-retain-iosarm64:1.11.2
:m12	transitive	androidx.compose.runtime:runtime-retain-iossimulatorarm64:1.11.2
:m12	transitive	androidx.compose.runtime:runtime-retain-js:1.11.2
:m12	transitive	androidx.compose.runtime:runtime-retain-wasm-js:1.11.2
:m12	transitive	androidx.compose.runtime:runtime-retain:1.11.2
:m12	transitive	androidx.compose.runtime:runtime-saveable-android:1.11.2
:m12	transitive	androidx.compose.runtime:runtime-saveable-desktop:1.11.2
:m12	transitive	androidx.compose.runtime:runtime-saveable-iosarm64:1.11.2
:m12	transitive	androidx.compose.runtime:runtime-saveable-iossimulatorarm64:1.11.2
:m12	transitive	androidx.compose.runtime:runtime-saveable-js:1.11.2
:m12	transitive	androidx.compose.runtime:runtime-saveable-wasm-js:1.11.2
:m12	transitive	androidx.compose.runtime:runtime-saveable:1.11.2
:m12	transitive	androidx.compose.runtime:runtime-wasm-js:1.11.2
:m12	transitive	androidx.compose.runtime:runtime:1.11.2
:m12	transitive	androidx.compose.ui:ui-android:1.11.2
:m12	transitive	androidx.compose.ui:ui-geometry-android:1.11.2
:m12	transitive	androidx.compose.ui:ui-geometry:1.11.2
:m12	transitive	androidx.compose.ui:ui-graphics-android:1.11.2
:m12	transitive	androidx.compose.ui:ui-graphics:1.11.2
:m12	transitive	androidx.compose.ui:ui-text-android:1.11.2
:m12	transitive	androidx.compose.ui:ui-text:1.11.2
:m12	transitive	androidx.compose.ui:ui-tooling-android:1.11.2
:m12	transitive	androidx.compose.ui:ui-tooling-data-android:1.11.2
:m12	transitive	androidx.compose.ui:ui-tooling-data:1.11.2
:m12	transitive	androidx.compose.ui:ui-tooling-preview-android:1.11.2
:m12	transitive	androidx.compose.ui:ui-tooling-preview:1.11.2
:m12	transitive	androidx.compose.ui:ui-tooling:1.11.2
:m12	transitive	androidx.compose.ui:ui-unit-android:1.11.2
:m12	transitive	androidx.compose.ui:ui-unit:1.11.2
:m12	transitive	androidx.compose.ui:ui-util-android:1.11.2
:m12	transitive	androidx.compose.ui:ui-util:1.11.2
:m12	transitive	androidx.compose.ui:ui:1.11.2
:m12	transitive	androidx.concurrent:concurrent-futures:1.1.0
:m12	transitive	androidx.core:core-ktx:1.16.0
:m12	transitive	androidx.core:core-viewtree:1.0.0
:m12	transitive	androidx.core:core:1.16.0
:m12	transitive	androidx.customview:customview-poolingcontainer:1.0.0
:m12	transitive	androidx.documentfile:documentfile:1.0.0
:m12	transitive	androidx.dynamicanimation:dynamicanimation:1.0.0
:m12	transitive	androidx.emoji2:emoji2:1.4.0
:m12	transitive	androidx.graphics:graphics-path:1.0.1
:m12	transitive	androidx.graphics:graphics-shapes-android:1.1.0
:m12	transitive	androidx.graphics:graphics-shapes-desktop:1.1.0
:m12	transitive	androidx.graphics:graphics-shapes-iosarm64:1.1.0
:m12	transitive	androidx.graphics:graphics-shapes-iossimulatorarm64:1.1.0
:m12	transitive	androidx.graphics:graphics-shapes-js:1.1.0
:m12	transitive	androidx.graphics:graphics-shapes-wasm-js:1.1.0
:m12	transitive	androidx.graphics:graphics-shapes:1.1.0
:m12	transitive	androidx.interpolator:interpolator:1.0.0
:m12	transitive	androidx.legacy:legacy-support-core-utils:1.0.0
:m12	transitive	androidx.lifecycle:lifecycle-common-iosarm64:2.9.4
:m12	transitive	androidx.lifecycle:lifecycle-common-iossimulatorarm64:2.9.4
:m12	transitive	androidx.lifecycle:lifecycle-common-java8:2.9.4
:m12	transitive	androidx.lifecycle:lifecycle-common-js:2.9.4
:m12	transitive	androidx.lifecycle:lifecycle-common-jvm:2.9.4
:m12	transitive	androidx.lifecycle:lifecycle-common-wasm-js:2.9.4
:m12	transitive	androidx.lifecycle:lifecycle-common:2.9.4
:m12	transitive	androidx.lifecycle:lifecycle-livedata-core-ktx:2.9.4
:m12	transitive	androidx.lifecycle:lifecycle-livedata-core:2.9.4
:m12	transitive	androidx.lifecycle:lifecycle-livedata:2.9.4
:m12	transitive	androidx.lifecycle:lifecycle-process:2.9.4
:m12	transitive	androidx.lifecycle:lifecycle-runtime-android:2.9.4
:m12	transitive	androidx.lifecycle:lifecycle-runtime-compose-android:2.9.4
:m12	transitive	androidx.lifecycle:lifecycle-runtime-compose-desktop:2.9.4
:m12	transitive	androidx.lifecycle:lifecycle-runtime-compose-iosarm64:2.9.4
:m12	transitive	androidx.lifecycle:lifecycle-runtime-compose-iossimulatorarm64:2.9.4
:m12	transitive	androidx.lifecycle:lifecycle-runtime-compose-js:2.9.4
:m12	transitive	androidx.lifecycle:lifecycle-runtime-compose-wasm-js:2.9.4
:m12	transitive	androidx.lifecycle:lifecycle-runtime-compose:2.9.4
:m12	transitive	androidx.lifecycle:lifecycle-runtime-desktop:2.9.4
:m12	transitive	androidx.lifecycle:lifecycle-runtime-iosarm64:2.9.4
:m12	transitive	androidx.lifecycle:lifecycle-runtime-iossimulatorarm64:2.9.4
:m12	transitive	androidx.lifecycle:lifecycle-runtime-js:2.9.4
:m12	transitive	androidx.lifecycle:lifecycle-runtime-ktx-android:2.9.4
:m12	transitive	androidx.lifecycle:lifecycle-runtime-ktx:2.9.4
:m12	transitive	androidx.lifecycle:lifecycle-runtime-wasm-js:2.9.4
:m12	transitive	androidx.lifecycle:lifecycle-runtime:2.9.4
:m12	transitive	androidx.lifecycle:lifecycle-viewmodel-android:2.9.4
:m12	transitive	androidx.lifecycle:lifecycle-viewmodel-desktop:2.9.4
:m12	transitive	androidx.lifecycle:lifecycle-viewmodel-iosarm64:2.9.4
:m12	transitive	androidx.lifecycle:lifecycle-viewmodel-iossimulatorarm64:2.9.4
:m12	transitive	androidx.lifecycle:lifecycle-viewmodel-js:2.9.4
:m12	transitive	androidx.lifecycle:lifecycle-viewmodel-ktx:2.9.4
:m12	transitive	androidx.lifecycle:lifecycle-viewmodel-savedstate-android:2.9.4
:m12	transitive	androidx.lifecycle:lifecycle-viewmodel-savedstate-desktop:2.9.4
:m12	transitive	androidx.lifecycle:lifecycle-viewmodel-savedstate-iosarm64:2.9.4
:m12	transitive	androidx.lifecycle:lifecycle-viewmodel-savedstate-iossimulatorarm64:2.9.4
:m12	transitive	androidx.lifecycle:lifecycle-viewmodel-savedstate-js:2.9.4
:m12	transitive	androidx.lifecycle:lifecycle-viewmodel-savedstate-wasm-js:2.9.4
:m12	transitive	androidx.lifecycle:lifecycle-viewmodel-savedstate:2.9.4
:m12	transitive	androidx.lifecycle:lifecycle-viewmodel-wasm-js:2.9.4
:m12	transitive	androidx.lifecycle:lifecycle-viewmodel:2.9.4
:m12	transitive	androidx.loader:loader:1.0.0
:m12	transitive	androidx.localbroadcastmanager:localbroadcastmanager:1.0.0
:m12	transitive	androidx.navigationevent:navigationevent-desktop:1.0.1
:m12	transitive	androidx.navigationevent:navigationevent-iosarm64:1.0.1
:m12	transitive	androidx.navigationevent:navigationevent-iossimulatorarm64:1.0.1
:m12	transitive	androidx.navigationevent:navigationevent-js:1.0.1
:m12	transitive	androidx.navigationevent:navigationevent-wasm-js:1.0.1
:m12	transitive	androidx.navigationevent:navigationevent:1.0.1
:m12	transitive	androidx.print:print:1.0.0
:m12	transitive	androidx.profileinstaller:profileinstaller:1.4.0
:m12	transitive	androidx.savedstate:savedstate-android:1.4.0
:m12	transitive	androidx.savedstate:savedstate-compose-android:1.4.0
:m12	transitive	androidx.savedstate:savedstate-compose-desktop:1.4.0
:m12	transitive	androidx.savedstate:savedstate-compose-iosarm64:1.4.0
:m12	transitive	androidx.savedstate:savedstate-compose-iossimulatorarm64:1.4.0
:m12	transitive	androidx.savedstate:savedstate-compose-js:1.4.0
:m12	transitive	androidx.savedstate:savedstate-compose-wasm-js:1.4.0
:m12	transitive	androidx.savedstate:savedstate-compose:1.4.0
:m12	transitive	androidx.savedstate:savedstate-desktop:1.4.0
:m12	transitive	androidx.savedstate:savedstate-iosarm64:1.4.0
:m12	transitive	androidx.savedstate:savedstate-iossimulatorarm64:1.4.0
:m12	transitive	androidx.savedstate:savedstate-js:1.4.0
:m12	transitive	androidx.savedstate:savedstate-ktx:1.4.0
:m12	transitive	androidx.savedstate:savedstate-wasm-js:1.4.0
:m12	transitive	androidx.savedstate:savedstate:1.4.0
:m12	transitive	androidx.startup:startup-runtime:1.1.1
:m12	transitive	androidx.tracing:tracing:1.2.0
:m12	transitive	androidx.transition:transition:1.6.0
:m12	transitive	androidx.versionedparcelable:versionedparcelable:1.1.1
:m12	transitive	androidx.window:window-core-android:1.5.0
:m12	transitive	androidx.window:window-core:1.5.0
:m12	transitive	androidx.window:window:1.5.0
:m12	transitive	com.google.guava:listenablefuture:1.0
:m12	transitive	junit:junit:4.13.2
:m12	transitive	org.hamcrest:hamcrest-core:1.3
:m12	transitive	org.jetbrains.androidx.lifecycle:lifecycle-common-js:2.9.6
:m12	transitive	org.jetbrains.androidx.lifecycle:lifecycle-common-wasm-js:2.9.6
:m12	transitive	org.jetbrains.androidx.lifecycle:lifecycle-common:2.9.6
:m12	transitive	org.jetbrains.androidx.lifecycle:lifecycle-runtime-compose-desktop:2.9.6
:m12	transitive	org.jetbrains.androidx.lifecycle:lifecycle-runtime-compose-js:2.9.6
:m12	transitive	org.jetbrains.androidx.lifecycle:lifecycle-runtime-compose-uikitarm64:2.9.6
:m12	transitive	org.jetbrains.androidx.lifecycle:lifecycle-runtime-compose-uikitsimarm64:2.9.6
:m12	transitive	org.jetbrains.androidx.lifecycle:lifecycle-runtime-compose-wasm-js:2.9.6
:m12	transitive	org.jetbrains.androidx.lifecycle:lifecycle-runtime-compose:2.9.6
:m12	transitive	org.jetbrains.androidx.lifecycle:lifecycle-runtime-js:2.9.6
:m12	transitive	org.jetbrains.androidx.lifecycle:lifecycle-runtime-wasm-js:2.9.6
:m12	transitive	org.jetbrains.androidx.lifecycle:lifecycle-runtime:2.9.6
:m12	transitive	org.jetbrains.androidx.lifecycle:lifecycle-viewmodel-js:2.9.6
:m12	transitive	org.jetbrains.androidx.lifecycle:lifecycle-viewmodel-savedstate-js:2.9.6
:m12	transitive	org.jetbrains.androidx.lifecycle:lifecycle-viewmodel-savedstate-wasm-js:2.9.6
:m12	transitive	org.jetbrains.androidx.lifecycle:lifecycle-viewmodel-savedstate:2.9.6
:m12	transitive	org.jetbrains.androidx.lifecycle:lifecycle-viewmodel-wasm-js:2.9.6
:m12	transitive	org.jetbrains.androidx.lifecycle:lifecycle-viewmodel:2.9.6
:m12	transitive	org.jetbrains.androidx.savedstate:savedstate-compose-desktop:1.3.6
:m12	transitive	org.jetbrains.androidx.savedstate:savedstate-compose-js:1.3.6
:m12	transitive	org.jetbrains.androidx.savedstate:savedstate-compose-uikitarm64:1.3.6
:m12	transitive	org.jetbrains.androidx.savedstate:savedstate-compose-uikitsimarm64:1.3.6
:m12	transitive	org.jetbrains.androidx.savedstate:savedstate-compose-wasm-js:1.3.6
:m12	transitive	org.jetbrains.androidx.savedstate:savedstate-compose:1.3.6
:m12	transitive	org.jetbrains.androidx.savedstate:savedstate-js:1.3.6
:m12	transitive	org.jetbrains.androidx.savedstate:savedstate-wasm-js:1.3.6
:m12	transitive	org.jetbrains.androidx.savedstate:savedstate:1.3.6
:m12	transitive	org.jetbrains.compose.animation:animation-core-desktop:1.11.1
:m12	transitive	org.jetbrains.compose.animation:animation-core-iosarm64:1.11.1
:m12	transitive	org.jetbrains.compose.animation:animation-core-iossimulatorarm64:1.11.1
:m12	transitive	org.jetbrains.compose.animation:animation-core-js:1.11.1
:m12	transitive	org.jetbrains.compose.animation:animation-core-wasm-js:1.11.1
:m12	transitive	org.jetbrains.compose.animation:animation-core:1.11.1
:m12	transitive	org.jetbrains.compose.animation:animation-desktop:1.11.1
:m12	transitive	org.jetbrains.compose.animation:animation-iosarm64:1.11.1
:m12	transitive	org.jetbrains.compose.animation:animation-iossimulatorarm64:1.11.1
:m12	transitive	org.jetbrains.compose.animation:animation-js:1.11.1
:m12	transitive	org.jetbrains.compose.animation:animation-wasm-js:1.11.1
:m12	transitive	org.jetbrains.compose.animation:animation:1.11.1
:m12	transitive	org.jetbrains.compose.annotation-internal:annotation-js:1.10.0
:m12	transitive	org.jetbrains.compose.annotation-internal:annotation-wasm-js:1.10.0
:m12	transitive	org.jetbrains.compose.annotation-internal:annotation:1.10.0
:m12	transitive	org.jetbrains.compose.annotation-internal:annotation:1.9.3
:m12	transitive	org.jetbrains.compose.collection-internal:collection-js:1.10.0
:m12	transitive	org.jetbrains.compose.collection-internal:collection-wasm-js:1.10.0
:m12	transitive	org.jetbrains.compose.collection-internal:collection:1.10.0
:m12	transitive	org.jetbrains.compose.collection-internal:collection:1.9.3
:m12	transitive	org.jetbrains.compose.components:components-resources-android:1.11.1
:m12	transitive	org.jetbrains.compose.components:components-resources-desktop:1.11.1
:m12	transitive	org.jetbrains.compose.components:components-resources-iosArm64:1.11.1
:m12	transitive	org.jetbrains.compose.components:components-resources-iosSimulatorArm64:1.11.1
:m12	transitive	org.jetbrains.compose.components:components-resources-js:1.11.1
:m12	transitive	org.jetbrains.compose.components:components-resources-wasmJs:1.11.1
:m12	transitive	org.jetbrains.compose.foundation:foundation-desktop:1.11.1
:m12	transitive	org.jetbrains.compose.foundation:foundation-iosarm64:1.11.1
:m12	transitive	org.jetbrains.compose.foundation:foundation-iossimulatorarm64:1.11.1
:m12	transitive	org.jetbrains.compose.foundation:foundation-js:1.11.1
:m12	transitive	org.jetbrains.compose.foundation:foundation-layout-desktop:1.11.1
:m12	transitive	org.jetbrains.compose.foundation:foundation-layout-iosarm64:1.11.1
:m12	transitive	org.jetbrains.compose.foundation:foundation-layout-iossimulatorarm64:1.11.1
:m12	transitive	org.jetbrains.compose.foundation:foundation-layout-js:1.11.1
:m12	transitive	org.jetbrains.compose.foundation:foundation-layout-wasm-js:1.11.1
:m12	transitive	org.jetbrains.compose.foundation:foundation-layout:1.11.1
:m12	transitive	org.jetbrains.compose.foundation:foundation-wasm-js:1.11.1
:m12	transitive	org.jetbrains.compose.hot-reload:hot-reload-annotations-jvm:1.1.1
:m12	transitive	org.jetbrains.compose.hot-reload:hot-reload-annotations:1.1.1
:m12	transitive	org.jetbrains.compose.hot-reload:hot-reload-core:1.1.1
:m12	transitive	org.jetbrains.compose.hot-reload:hot-reload-devtools-api:1.1.1
:m12	transitive	org.jetbrains.compose.hot-reload:hot-reload-orchestration:1.1.1
:m12	transitive	org.jetbrains.compose.material3:material3-desktop:1.10.0-alpha05
:m12	transitive	org.jetbrains.compose.material3:material3-js:1.10.0-alpha05
:m12	transitive	org.jetbrains.compose.material3:material3-uikitarm64:1.10.0-alpha05
:m12	transitive	org.jetbrains.compose.material3:material3-uikitsimarm64:1.10.0-alpha05
:m12	transitive	org.jetbrains.compose.material3:material3-wasm-js:1.10.0-alpha05
:m12	transitive	org.jetbrains.compose.material:material-ripple-desktop:1.9.3
:m12	transitive	org.jetbrains.compose.material:material-ripple-js:1.9.3
:m12	transitive	org.jetbrains.compose.material:material-ripple-uikitarm64:1.9.3
:m12	transitive	org.jetbrains.compose.material:material-ripple-uikitsimarm64:1.9.3
:m12	transitive	org.jetbrains.compose.material:material-ripple-wasm-js:1.9.3
:m12	transitive	org.jetbrains.compose.material:material-ripple:1.9.3
:m12	transitive	org.jetbrains.compose.runtime:runtime-desktop:1.11.1
:m12	transitive	org.jetbrains.compose.runtime:runtime-iosarm64:1.11.1
:m12	transitive	org.jetbrains.compose.runtime:runtime-iossimulatorarm64:1.11.1
:m12	transitive	org.jetbrains.compose.runtime:runtime-js:1.11.1
:m12	transitive	org.jetbrains.compose.runtime:runtime-saveable-desktop:1.11.1
:m12	transitive	org.jetbrains.compose.runtime:runtime-saveable-iosarm64:1.11.1
:m12	transitive	org.jetbrains.compose.runtime:runtime-saveable-iossimulatorarm64:1.11.1
:m12	transitive	org.jetbrains.compose.runtime:runtime-saveable-js:1.11.1
:m12	transitive	org.jetbrains.compose.runtime:runtime-saveable-wasm-js:1.11.1
:m12	transitive	org.jetbrains.compose.runtime:runtime-saveable:1.11.1
:m12	transitive	org.jetbrains.compose.runtime:runtime-wasm-js:1.11.1
:m12	transitive	org.jetbrains.compose.ui:ui-backhandler-android:1.9.3
:m12	transitive	org.jetbrains.compose.ui:ui-backhandler-desktop:1.11.1
:m12	transitive	org.jetbrains.compose.ui:ui-backhandler-iosarm64:1.11.1
:m12	transitive	org.jetbrains.compose.ui:ui-backhandler-iossimulatorarm64:1.11.1
:m12	transitive	org.jetbrains.compose.ui:ui-backhandler-js:1.11.1
:m12	transitive	org.jetbrains.compose.ui:ui-backhandler-wasm-js:1.11.1
:m12	transitive	org.jetbrains.compose.ui:ui-backhandler:1.11.1
:m12	transitive	org.jetbrains.compose.ui:ui-backhandler:1.9.3
:m12	transitive	org.jetbrains.compose.ui:ui-desktop:1.11.1
:m12	transitive	org.jetbrains.compose.ui:ui-geometry-desktop:1.11.1
:m12	transitive	org.jetbrains.compose.ui:ui-geometry-iosarm64:1.11.1
:m12	transitive	org.jetbrains.compose.ui:ui-geometry-iossimulatorarm64:1.11.1
:m12	transitive	org.jetbrains.compose.ui:ui-geometry-js:1.11.1
:m12	transitive	org.jetbrains.compose.ui:ui-geometry-wasm-js:1.11.1
:m12	transitive	org.jetbrains.compose.ui:ui-geometry:1.11.1
:m12	transitive	org.jetbrains.compose.ui:ui-graphics-desktop:1.11.1
:m12	transitive	org.jetbrains.compose.ui:ui-graphics-iosarm64:1.11.1
:m12	transitive	org.jetbrains.compose.ui:ui-graphics-iossimulatorarm64:1.11.1
:m12	transitive	org.jetbrains.compose.ui:ui-graphics-js:1.11.1
:m12	transitive	org.jetbrains.compose.ui:ui-graphics-wasm-js:1.11.1
:m12	transitive	org.jetbrains.compose.ui:ui-graphics:1.11.1
:m12	transitive	org.jetbrains.compose.ui:ui-iosarm64:1.11.1
:m12	transitive	org.jetbrains.compose.ui:ui-iossimulatorarm64:1.11.1
:m12	transitive	org.jetbrains.compose.ui:ui-js:1.11.1
:m12	transitive	org.jetbrains.compose.ui:ui-text-desktop:1.11.1
:m12	transitive	org.jetbrains.compose.ui:ui-text-iosarm64:1.11.1
:m12	transitive	org.jetbrains.compose.ui:ui-text-iossimulatorarm64:1.11.1
:m12	transitive	org.jetbrains.compose.ui:ui-text-js:1.11.1
:m12	transitive	org.jetbrains.compose.ui:ui-text-wasm-js:1.11.1
:m12	transitive	org.jetbrains.compose.ui:ui-text:1.11.1
:m12	transitive	org.jetbrains.compose.ui:ui-tooling-data:1.11.1
:m12	transitive	org.jetbrains.compose.ui:ui-tooling-preview-desktop:1.11.1
:m12	transitive	org.jetbrains.compose.ui:ui-tooling-preview-iosarm64:1.11.1
:m12	transitive	org.jetbrains.compose.ui:ui-tooling-preview-iossimulatorarm64:1.11.1
:m12	transitive	org.jetbrains.compose.ui:ui-tooling-preview-js:1.11.1
:m12	transitive	org.jetbrains.compose.ui:ui-tooling-preview-wasm-js:1.11.1
:m12	transitive	org.jetbrains.compose.ui:ui-uikit-iosarm64:1.11.1
:m12	transitive	org.jetbrains.compose.ui:ui-uikit-iossimulatorarm64:1.11.1
:m12	transitive	org.jetbrains.compose.ui:ui-uikit:1.11.1
:m12	transitive	org.jetbrains.compose.ui:ui-unit-desktop:1.11.1
:m12	transitive	org.jetbrains.compose.ui:ui-unit-iosarm64:1.11.1
:m12	transitive	org.jetbrains.compose.ui:ui-unit-iossimulatorarm64:1.11.1
:m12	transitive	org.jetbrains.compose.ui:ui-unit-js:1.11.1
:m12	transitive	org.jetbrains.compose.ui:ui-unit-wasm-js:1.11.1
:m12	transitive	org.jetbrains.compose.ui:ui-unit:1.11.1
:m12	transitive	org.jetbrains.compose.ui:ui-util-desktop:1.11.1
:m12	transitive	org.jetbrains.compose.ui:ui-util-iosarm64:1.11.1
:m12	transitive	org.jetbrains.compose.ui:ui-util-iossimulatorarm64:1.11.1
:m12	transitive	org.jetbrains.compose.ui:ui-util-js:1.11.1
:m12	transitive	org.jetbrains.compose.ui:ui-util-wasm-js:1.11.1
:m12	transitive	org.jetbrains.compose.ui:ui-util:1.11.1
:m12	transitive	org.jetbrains.compose.ui:ui-wasm-js:1.11.1
:m12	transitive	org.jetbrains.kotlin:kotlin-stdlib-js:2.4.10
:m12	transitive	org.jetbrains.kotlin:kotlin-stdlib-wasm-js:2.4.10
:m12	transitive	org.jetbrains.kotlin:kotlin-test-js:2.4.10
:m12	transitive	org.jetbrains.kotlin:kotlin-test-junit:2.4.10
:m12	transitive	org.jetbrains.kotlin:kotlin-test-wasm-js:2.4.10
:m12	transitive	org.jetbrains.kotlin:kotlinx-atomicfu-runtime:2.2.20
:m12	transitive	org.jetbrains.kotlinx:atomicfu-iosarm64:0.32.1
:m12	transitive	org.jetbrains.kotlinx:atomicfu-iossimulatorarm64:0.32.1
:m12	transitive	org.jetbrains.kotlinx:atomicfu-js:0.32.1
:m12	transitive	org.jetbrains.kotlinx:atomicfu-jvm:0.28.0
:m12	transitive	org.jetbrains.kotlinx:atomicfu-wasm-js:0.32.1
:m12	transitive	org.jetbrains.kotlinx:atomicfu:0.28.0
:m12	transitive	org.jetbrains.kotlinx:atomicfu:0.32.1
:m12	transitive	org.jetbrains.kotlinx:kotlinx-browser-js:0.5.0
:m12	transitive	org.jetbrains.kotlinx:kotlinx-browser-wasm-js:0.5.0
:m12	transitive	org.jetbrains.kotlinx:kotlinx-browser:0.5.0
:m12	transitive	org.jetbrains.kotlinx:kotlinx-coroutines-android:1.11.0
:m12	transitive	org.jetbrains.kotlinx:kotlinx-coroutines-bom:1.11.0
:m12	transitive	org.jetbrains.kotlinx:kotlinx-coroutines-core-iosarm64:1.11.0
:m12	transitive	org.jetbrains.kotlinx:kotlinx-coroutines-core-iossimulatorarm64:1.11.0
:m12	transitive	org.jetbrains.kotlinx:kotlinx-coroutines-core-js:1.11.0
:m12	transitive	org.jetbrains.kotlinx:kotlinx-coroutines-core-jvm:1.11.0
:m12	transitive	org.jetbrains.kotlinx:kotlinx-coroutines-core-wasm-js:1.11.0
:m12	transitive	org.jetbrains.kotlinx:kotlinx-datetime-iosarm64:0.7.1
:m12	transitive	org.jetbrains.kotlinx:kotlinx-datetime-iossimulatorarm64:0.7.1
:m12	transitive	org.jetbrains.kotlinx:kotlinx-datetime-js:0.7.1
:m12	transitive	org.jetbrains.kotlinx:kotlinx-datetime-jvm:0.7.1
:m12	transitive	org.jetbrains.kotlinx:kotlinx-datetime-wasm-js:0.7.1
:m12	transitive	org.jetbrains.kotlinx:kotlinx-datetime:0.7.1
:m12	transitive	org.jetbrains.kotlinx:kotlinx-serialization-bom:1.7.3
:m12	transitive	org.jetbrains.kotlinx:kotlinx-serialization-core-iosarm64:1.7.3
:m12	transitive	org.jetbrains.kotlinx:kotlinx-serialization-core-iossimulatorarm64:1.7.3
:m12	transitive	org.jetbrains.kotlinx:kotlinx-serialization-core-js:1.7.3
:m12	transitive	org.jetbrains.kotlinx:kotlinx-serialization-core-jvm:1.7.3
:m12	transitive	org.jetbrains.kotlinx:kotlinx-serialization-core-wasm-js:1.7.3
:m12	transitive	org.jetbrains.kotlinx:kotlinx-serialization-core:1.7.3
:m12	transitive	org.jetbrains.runtime:jbr-api:1.9.0
:m12	transitive	org.jetbrains.skiko:skiko-awt:0.144.6
:m12	transitive	org.jetbrains.skiko:skiko-iosarm64:0.144.6
:m12	transitive	org.jetbrains.skiko:skiko-iossimulatorarm64:0.144.6
:m12	transitive	org.jetbrains.skiko:skiko-js-wasm-runtime:0.144.6
:m12	transitive	org.jetbrains.skiko:skiko-js:0.144.6
:m12	transitive	org.jetbrains.skiko:skiko-wasm-js:0.144.6
:m12	transitive	org.jetbrains.skiko:skiko:0.144.6
:m12	transitive	org.jetbrains:annotations:23.0.0
:m12	transitive	org.jspecify:jspecify:1.0.0
:m13	direct	io.insert-koin:koin-compose:4.2.2
:m13	direct	org.jetbrains.compose.components:components-resources:1.11.1
:m13	direct	org.jetbrains.compose.foundation:foundation:1.11.1
:m13	direct	org.jetbrains.compose.hot-reload:hot-reload-runtime-jvm:1.1.1
:m13	direct	org.jetbrains.compose.material3:material3:1.10.0-alpha05
:m13	direct	org.jetbrains.compose.runtime:runtime:1.11.1
:m13	direct	org.jetbrains.compose.ui:ui:1.11.1
:m13	direct	org.jetbrains.kotlin:kotlin-dom-api-compat:2.4.10
:m13	direct	org.jetbrains.kotlin:kotlin-stdlib:2.4.10
:m13	direct	org.jetbrains.kotlin:kotlin-test:2.4.10
:m13	transitive	androidx.activity:activity-compose:1.12.4
:m13	transitive	androidx.activity:activity-ktx:1.12.4
:m13	transitive	androidx.activity:activity:1.12.4
:m13	transitive	androidx.annotation:annotation-experimental:1.4.1
:m13	transitive	androidx.annotation:annotation-iosarm64:1.9.1
:m13	transitive	androidx.annotation:annotation-iossimulatorarm64:1.9.1
:m13	transitive	androidx.annotation:annotation-js:1.9.1
:m13	transitive	androidx.annotation:annotation-jvm:1.10.0
:m13	transitive	androidx.annotation:annotation-jvm:1.9.1
:m13	transitive	androidx.annotation:annotation-wasm-js:1.9.1
:m13	transitive	androidx.annotation:annotation:1.10.0
:m13	transitive	androidx.annotation:annotation:1.9.1
:m13	transitive	androidx.appcompat:appcompat-resources:1.7.1
:m13	transitive	androidx.appcompat:appcompat:1.7.1
:m13	transitive	androidx.arch.core:core-common:2.2.0
:m13	transitive	androidx.arch.core:core-runtime:2.2.0
:m13	transitive	androidx.autofill:autofill:1.0.0
:m13	transitive	androidx.collection:collection-iosarm64:1.5.0
:m13	transitive	androidx.collection:collection-iossimulatorarm64:1.5.0
:m13	transitive	androidx.collection:collection-js:1.5.0
:m13	transitive	androidx.collection:collection-jvm:1.5.0
:m13	transitive	androidx.collection:collection-ktx:1.5.0
:m13	transitive	androidx.collection:collection-wasm-js:1.5.0
:m13	transitive	androidx.collection:collection:1.5.0
:m13	transitive	androidx.compose.animation:animation-android:1.11.2
:m13	transitive	androidx.compose.animation:animation-core-android:1.11.2
:m13	transitive	androidx.compose.animation:animation-core:1.11.2
:m13	transitive	androidx.compose.animation:animation:1.11.2
:m13	transitive	androidx.compose.foundation:foundation-android:1.11.2
:m13	transitive	androidx.compose.foundation:foundation-layout-android:1.11.2
:m13	transitive	androidx.compose.foundation:foundation-layout:1.11.2
:m13	transitive	androidx.compose.foundation:foundation:1.11.2
:m13	transitive	androidx.compose.material3:material3-android:1.5.0-alpha08
:m13	transitive	androidx.compose.material3:material3:1.5.0-alpha08
:m13	transitive	androidx.compose.material:material-ripple-android:1.9.4
:m13	transitive	androidx.compose.material:material-ripple:1.9.4
:m13	transitive	androidx.compose.runtime:runtime-android:1.11.2
:m13	transitive	androidx.compose.runtime:runtime-annotation-android:1.11.2
:m13	transitive	androidx.compose.runtime:runtime-annotation-iosarm64:1.11.2
:m13	transitive	androidx.compose.runtime:runtime-annotation-iossimulatorarm64:1.11.2
:m13	transitive	androidx.compose.runtime:runtime-annotation-js:1.11.2
:m13	transitive	androidx.compose.runtime:runtime-annotation-jvm:1.11.2
:m13	transitive	androidx.compose.runtime:runtime-annotation-wasm-js:1.11.2
:m13	transitive	androidx.compose.runtime:runtime-annotation:1.11.2
:m13	transitive	androidx.compose.runtime:runtime-desktop:1.11.2
:m13	transitive	androidx.compose.runtime:runtime-iosarm64:1.11.2
:m13	transitive	androidx.compose.runtime:runtime-iossimulatorarm64:1.11.2
:m13	transitive	androidx.compose.runtime:runtime-js:1.11.2
:m13	transitive	androidx.compose.runtime:runtime-retain-android:1.11.2
:m13	transitive	androidx.compose.runtime:runtime-retain-desktop:1.11.2
:m13	transitive	androidx.compose.runtime:runtime-retain-iosarm64:1.11.2
:m13	transitive	androidx.compose.runtime:runtime-retain-iossimulatorarm64:1.11.2
:m13	transitive	androidx.compose.runtime:runtime-retain-js:1.11.2
:m13	transitive	androidx.compose.runtime:runtime-retain-wasm-js:1.11.2
:m13	transitive	androidx.compose.runtime:runtime-retain:1.11.2
:m13	transitive	androidx.compose.runtime:runtime-saveable-android:1.11.2
:m13	transitive	androidx.compose.runtime:runtime-saveable-desktop:1.11.2
:m13	transitive	androidx.compose.runtime:runtime-saveable-iosarm64:1.11.2
:m13	transitive	androidx.compose.runtime:runtime-saveable-iossimulatorarm64:1.11.2
:m13	transitive	androidx.compose.runtime:runtime-saveable-js:1.11.2
:m13	transitive	androidx.compose.runtime:runtime-saveable-wasm-js:1.11.2
:m13	transitive	androidx.compose.runtime:runtime-saveable:1.11.2
:m13	transitive	androidx.compose.runtime:runtime-wasm-js:1.11.2
:m13	transitive	androidx.compose.runtime:runtime:1.11.2
:m13	transitive	androidx.compose.ui:ui-android:1.11.2
:m13	transitive	androidx.compose.ui:ui-geometry-android:1.11.2
:m13	transitive	androidx.compose.ui:ui-geometry:1.11.2
:m13	transitive	androidx.compose.ui:ui-graphics-android:1.11.2
:m13	transitive	androidx.compose.ui:ui-graphics:1.11.2
:m13	transitive	androidx.compose.ui:ui-text-android:1.11.2
:m13	transitive	androidx.compose.ui:ui-text:1.11.2
:m13	transitive	androidx.compose.ui:ui-unit-android:1.11.2
:m13	transitive	androidx.compose.ui:ui-unit:1.11.2
:m13	transitive	androidx.compose.ui:ui-util-android:1.11.2
:m13	transitive	androidx.compose.ui:ui-util:1.11.2
:m13	transitive	androidx.compose.ui:ui:1.11.2
:m13	transitive	androidx.concurrent:concurrent-futures:1.1.0
:m13	transitive	androidx.core:core-ktx:1.16.0
:m13	transitive	androidx.core:core-ktx:1.19.0
:m13	transitive	androidx.core:core-viewtree:1.0.0
:m13	transitive	androidx.core:core:1.16.0
:m13	transitive	androidx.core:core:1.19.0
:m13	transitive	androidx.cursoradapter:cursoradapter:1.0.0
:m13	transitive	androidx.customview:customview-poolingcontainer:1.0.0
:m13	transitive	androidx.customview:customview:1.0.0
:m13	transitive	androidx.documentfile:documentfile:1.0.0
:m13	transitive	androidx.drawerlayout:drawerlayout:1.0.0
:m13	transitive	androidx.dynamicanimation:dynamicanimation:1.0.0
:m13	transitive	androidx.emoji2:emoji2-views-helper:1.4.0
:m13	transitive	androidx.emoji2:emoji2:1.4.0
:m13	transitive	androidx.fragment:fragment-ktx:1.8.9
:m13	transitive	androidx.fragment:fragment:1.8.9
:m13	transitive	androidx.graphics:graphics-path:1.0.1
:m13	transitive	androidx.graphics:graphics-shapes-android:1.1.0
:m13	transitive	androidx.graphics:graphics-shapes-desktop:1.1.0
:m13	transitive	androidx.graphics:graphics-shapes-iosarm64:1.1.0
:m13	transitive	androidx.graphics:graphics-shapes-iossimulatorarm64:1.1.0
:m13	transitive	androidx.graphics:graphics-shapes-js:1.1.0
:m13	transitive	androidx.graphics:graphics-shapes-wasm-js:1.1.0
:m13	transitive	androidx.graphics:graphics-shapes:1.1.0
:m13	transitive	androidx.interpolator:interpolator:1.0.0
:m13	transitive	androidx.legacy:legacy-support-core-utils:1.0.0
:m13	transitive	androidx.lifecycle:lifecycle-common-iosarm64:2.9.4
:m13	transitive	androidx.lifecycle:lifecycle-common-iossimulatorarm64:2.9.4
:m13	transitive	androidx.lifecycle:lifecycle-common-java8:2.10.0
:m13	transitive	androidx.lifecycle:lifecycle-common-js:2.9.4
:m13	transitive	androidx.lifecycle:lifecycle-common-jvm:2.10.0
:m13	transitive	androidx.lifecycle:lifecycle-common-jvm:2.9.4
:m13	transitive	androidx.lifecycle:lifecycle-common-wasm-js:2.9.4
:m13	transitive	androidx.lifecycle:lifecycle-common:2.10.0
:m13	transitive	androidx.lifecycle:lifecycle-common:2.9.4
:m13	transitive	androidx.lifecycle:lifecycle-livedata-core-ktx:2.10.0
:m13	transitive	androidx.lifecycle:lifecycle-livedata-core:2.10.0
:m13	transitive	androidx.lifecycle:lifecycle-livedata:2.10.0
:m13	transitive	androidx.lifecycle:lifecycle-process:2.10.0
:m13	transitive	androidx.lifecycle:lifecycle-runtime-android:2.10.0
:m13	transitive	androidx.lifecycle:lifecycle-runtime-compose-android:2.10.0
:m13	transitive	androidx.lifecycle:lifecycle-runtime-compose-desktop:2.9.4
:m13	transitive	androidx.lifecycle:lifecycle-runtime-compose-iosarm64:2.9.4
:m13	transitive	androidx.lifecycle:lifecycle-runtime-compose-iossimulatorarm64:2.9.4
:m13	transitive	androidx.lifecycle:lifecycle-runtime-compose-js:2.9.4
:m13	transitive	androidx.lifecycle:lifecycle-runtime-compose-wasm-js:2.9.4
:m13	transitive	androidx.lifecycle:lifecycle-runtime-compose:2.10.0
:m13	transitive	androidx.lifecycle:lifecycle-runtime-compose:2.9.4
:m13	transitive	androidx.lifecycle:lifecycle-runtime-desktop:2.9.4
:m13	transitive	androidx.lifecycle:lifecycle-runtime-iosarm64:2.9.4
:m13	transitive	androidx.lifecycle:lifecycle-runtime-iossimulatorarm64:2.9.4
:m13	transitive	androidx.lifecycle:lifecycle-runtime-js:2.9.4
:m13	transitive	androidx.lifecycle:lifecycle-runtime-ktx-android:2.10.0
:m13	transitive	androidx.lifecycle:lifecycle-runtime-ktx:2.10.0
:m13	transitive	androidx.lifecycle:lifecycle-runtime-wasm-js:2.9.4
:m13	transitive	androidx.lifecycle:lifecycle-runtime:2.10.0
:m13	transitive	androidx.lifecycle:lifecycle-runtime:2.9.4
:m13	transitive	androidx.lifecycle:lifecycle-viewmodel-android:2.10.0
:m13	transitive	androidx.lifecycle:lifecycle-viewmodel-desktop:2.9.4
:m13	transitive	androidx.lifecycle:lifecycle-viewmodel-iosarm64:2.9.4
:m13	transitive	androidx.lifecycle:lifecycle-viewmodel-iossimulatorarm64:2.9.4
:m13	transitive	androidx.lifecycle:lifecycle-viewmodel-js:2.9.4
:m13	transitive	androidx.lifecycle:lifecycle-viewmodel-ktx:2.10.0
:m13	transitive	androidx.lifecycle:lifecycle-viewmodel-savedstate-android:2.10.0
:m13	transitive	androidx.lifecycle:lifecycle-viewmodel-savedstate-desktop:2.9.4
:m13	transitive	androidx.lifecycle:lifecycle-viewmodel-savedstate-iosarm64:2.9.4
:m13	transitive	androidx.lifecycle:lifecycle-viewmodel-savedstate-iossimulatorarm64:2.9.4
:m13	transitive	androidx.lifecycle:lifecycle-viewmodel-savedstate-js:2.9.4
:m13	transitive	androidx.lifecycle:lifecycle-viewmodel-savedstate-wasm-js:2.9.4
:m13	transitive	androidx.lifecycle:lifecycle-viewmodel-savedstate:2.10.0
:m13	transitive	androidx.lifecycle:lifecycle-viewmodel-savedstate:2.9.4
:m13	transitive	androidx.lifecycle:lifecycle-viewmodel-wasm-js:2.9.4
:m13	transitive	androidx.lifecycle:lifecycle-viewmodel:2.10.0
:m13	transitive	androidx.lifecycle:lifecycle-viewmodel:2.9.4
:m13	transitive	androidx.loader:loader:1.0.0
:m13	transitive	androidx.localbroadcastmanager:localbroadcastmanager:1.0.0
:m13	transitive	androidx.navigationevent:navigationevent-android:1.0.2
:m13	transitive	androidx.navigationevent:navigationevent-compose-android:1.0.2
:m13	transitive	androidx.navigationevent:navigationevent-compose:1.0.2
:m13	transitive	androidx.navigationevent:navigationevent-desktop:1.0.1
:m13	transitive	androidx.navigationevent:navigationevent-iosarm64:1.0.1
:m13	transitive	androidx.navigationevent:navigationevent-iossimulatorarm64:1.0.1
:m13	transitive	androidx.navigationevent:navigationevent-js:1.0.1
:m13	transitive	androidx.navigationevent:navigationevent-wasm-js:1.0.1
:m13	transitive	androidx.navigationevent:navigationevent:1.0.1
:m13	transitive	androidx.navigationevent:navigationevent:1.0.2
:m13	transitive	androidx.print:print:1.0.0
:m13	transitive	androidx.profileinstaller:profileinstaller:1.4.0
:m13	transitive	androidx.resourceinspection:resourceinspection-annotation:1.0.1
:m13	transitive	androidx.savedstate:savedstate-android:1.4.0
:m13	transitive	androidx.savedstate:savedstate-compose-android:1.4.0
:m13	transitive	androidx.savedstate:savedstate-compose-desktop:1.4.0
:m13	transitive	androidx.savedstate:savedstate-compose-iosarm64:1.4.0
:m13	transitive	androidx.savedstate:savedstate-compose-iossimulatorarm64:1.4.0
:m13	transitive	androidx.savedstate:savedstate-compose-js:1.4.0
:m13	transitive	androidx.savedstate:savedstate-compose-wasm-js:1.4.0
:m13	transitive	androidx.savedstate:savedstate-compose:1.4.0
:m13	transitive	androidx.savedstate:savedstate-desktop:1.4.0
:m13	transitive	androidx.savedstate:savedstate-iosarm64:1.4.0
:m13	transitive	androidx.savedstate:savedstate-iossimulatorarm64:1.4.0
:m13	transitive	androidx.savedstate:savedstate-js:1.4.0
:m13	transitive	androidx.savedstate:savedstate-ktx:1.4.0
:m13	transitive	androidx.savedstate:savedstate-wasm-js:1.4.0
:m13	transitive	androidx.savedstate:savedstate:1.4.0
:m13	transitive	androidx.startup:startup-runtime:1.2.0
:m13	transitive	androidx.tracing:tracing:1.2.0
:m13	transitive	androidx.transition:transition:1.6.0
:m13	transitive	androidx.vectordrawable:vectordrawable-animated:1.1.0
:m13	transitive	androidx.vectordrawable:vectordrawable:1.1.0
:m13	transitive	androidx.versionedparcelable:versionedparcelable:1.1.1
:m13	transitive	androidx.viewpager:viewpager:1.0.0
:m13	transitive	androidx.window:window-core-android:1.5.0
:m13	transitive	androidx.window:window-core:1.5.0
:m13	transitive	androidx.window:window:1.5.0
:m13	transitive	co.touchlab:stately-concurrency-iosarm64:2.1.0
:m13	transitive	co.touchlab:stately-concurrency-iossimulatorarm64:2.1.0
:m13	transitive	co.touchlab:stately-concurrency-js:2.1.0
:m13	transitive	co.touchlab:stately-concurrency-jvm:2.1.0
:m13	transitive	co.touchlab:stately-concurrency-wasm-js:2.1.0
:m13	transitive	co.touchlab:stately-concurrency:2.1.0
:m13	transitive	co.touchlab:stately-concurrent-collections-iosarm64:2.1.0
:m13	transitive	co.touchlab:stately-concurrent-collections-iossimulatorarm64:2.1.0
:m13	transitive	co.touchlab:stately-concurrent-collections-js:2.1.0
:m13	transitive	co.touchlab:stately-concurrent-collections-jvm:2.1.0
:m13	transitive	co.touchlab:stately-concurrent-collections-wasm-js:2.1.0
:m13	transitive	co.touchlab:stately-concurrent-collections:2.1.0
:m13	transitive	co.touchlab:stately-strict-iosarm64:2.1.0
:m13	transitive	co.touchlab:stately-strict-iossimulatorarm64:2.1.0
:m13	transitive	co.touchlab:stately-strict-js:2.1.0
:m13	transitive	co.touchlab:stately-strict-jvm:2.1.0
:m13	transitive	co.touchlab:stately-strict-wasm-js:2.1.0
:m13	transitive	co.touchlab:stately-strict:2.1.0
:m13	transitive	com.google.guava:listenablefuture:1.0
:m13	transitive	io.insert-koin:koin-android:4.2.2
:m13	transitive	io.insert-koin:koin-compose-android:4.2.2
:m13	transitive	io.insert-koin:koin-compose-iosarm64:4.2.2
:m13	transitive	io.insert-koin:koin-compose-iossimulatorarm64:4.2.2
:m13	transitive	io.insert-koin:koin-compose-js:4.2.2
:m13	transitive	io.insert-koin:koin-compose-jvm:4.2.2
:m13	transitive	io.insert-koin:koin-compose-wasm-js:4.2.2
:m13	transitive	io.insert-koin:koin-core-iosarm64:4.2.2
:m13	transitive	io.insert-koin:koin-core-iossimulatorarm64:4.2.2
:m13	transitive	io.insert-koin:koin-core-js:4.2.2
:m13	transitive	io.insert-koin:koin-core-jvm:4.2.2
:m13	transitive	io.insert-koin:koin-core-viewmodel-android:4.2.2
:m13	transitive	io.insert-koin:koin-core-viewmodel:4.2.2
:m13	transitive	io.insert-koin:koin-core-wasm-js:4.2.2
:m13	transitive	io.insert-koin:koin-core:4.2.2
:m13	transitive	io.ktor:ktor-client-cio-jvm:3.5.1
:m13	transitive	io.ktor:ktor-client-cio:3.5.1
:m13	transitive	io.ktor:ktor-client-content-negotiation-iosarm64:3.5.1
:m13	transitive	io.ktor:ktor-client-content-negotiation-iossimulatorarm64:3.5.1
:m13	transitive	io.ktor:ktor-client-content-negotiation-js:3.5.1
:m13	transitive	io.ktor:ktor-client-content-negotiation-jvm:3.5.1
:m13	transitive	io.ktor:ktor-client-content-negotiation-wasm-js:3.5.1
:m13	transitive	io.ktor:ktor-client-content-negotiation:3.5.1
:m13	transitive	io.ktor:ktor-client-core-iosarm64:3.5.1
:m13	transitive	io.ktor:ktor-client-core-iossimulatorarm64:3.5.1
:m13	transitive	io.ktor:ktor-client-core-js:3.5.1
:m13	transitive	io.ktor:ktor-client-core-jvm:3.5.1
:m13	transitive	io.ktor:ktor-client-core-wasm-js:3.5.1
:m13	transitive	io.ktor:ktor-client-core:3.5.1
:m13	transitive	io.ktor:ktor-client-darwin-iosarm64:3.5.1
:m13	transitive	io.ktor:ktor-client-darwin-iossimulatorarm64:3.5.1
:m13	transitive	io.ktor:ktor-client-darwin:3.5.1
:m13	transitive	io.ktor:ktor-client-js-js:3.5.1
:m13	transitive	io.ktor:ktor-client-js-wasm-js:3.5.1
:m13	transitive	io.ktor:ktor-client-js:3.5.1
:m13	transitive	io.ktor:ktor-client-resources-iosarm64:3.5.1
:m13	transitive	io.ktor:ktor-client-resources-iossimulatorarm64:3.5.1
:m13	transitive	io.ktor:ktor-client-resources-js:3.5.1
:m13	transitive	io.ktor:ktor-client-resources-jvm:3.5.1
:m13	transitive	io.ktor:ktor-client-resources-wasm-js:3.5.1
:m13	transitive	io.ktor:ktor-client-resources:3.5.1
:m13	transitive	io.ktor:ktor-events-iosarm64:3.5.1
:m13	transitive	io.ktor:ktor-events-iossimulatorarm64:3.5.1
:m13	transitive	io.ktor:ktor-events-js:3.5.1
:m13	transitive	io.ktor:ktor-events-jvm:3.5.1
:m13	transitive	io.ktor:ktor-events-wasm-js:3.5.1
:m13	transitive	io.ktor:ktor-events:3.5.1
:m13	transitive	io.ktor:ktor-http-cio-iosarm64:3.5.1
:m13	transitive	io.ktor:ktor-http-cio-iossimulatorarm64:3.5.1
:m13	transitive	io.ktor:ktor-http-cio-js:3.5.1
:m13	transitive	io.ktor:ktor-http-cio-jvm:3.5.1
:m13	transitive	io.ktor:ktor-http-cio-wasm-js:3.5.1
:m13	transitive	io.ktor:ktor-http-cio:3.5.1
:m13	transitive	io.ktor:ktor-http-iosarm64:3.5.1
:m13	transitive	io.ktor:ktor-http-iossimulatorarm64:3.5.1
:m13	transitive	io.ktor:ktor-http-js:3.5.1
:m13	transitive	io.ktor:ktor-http-jvm:3.5.1
:m13	transitive	io.ktor:ktor-http-wasm-js:3.5.1
:m13	transitive	io.ktor:ktor-http:3.5.1
:m13	transitive	io.ktor:ktor-io-iosarm64:3.5.1
:m13	transitive	io.ktor:ktor-io-iossimulatorarm64:3.5.1
:m13	transitive	io.ktor:ktor-io-js:3.5.1
:m13	transitive	io.ktor:ktor-io-jvm:3.5.1
:m13	transitive	io.ktor:ktor-io-wasm-js:3.5.1
:m13	transitive	io.ktor:ktor-io:3.5.1
:m13	transitive	io.ktor:ktor-network-iosarm64:3.5.1
:m13	transitive	io.ktor:ktor-network-iossimulatorarm64:3.5.1
:m13	transitive	io.ktor:ktor-network-jvm:3.5.1
:m13	transitive	io.ktor:ktor-network-tls-iosarm64:3.5.1
:m13	transitive	io.ktor:ktor-network-tls-iossimulatorarm64:3.5.1
:m13	transitive	io.ktor:ktor-network-tls-jvm:3.5.1
:m13	transitive	io.ktor:ktor-network-tls:3.5.1
:m13	transitive	io.ktor:ktor-network:3.5.1
:m13	transitive	io.ktor:ktor-resources-iosarm64:3.5.1
:m13	transitive	io.ktor:ktor-resources-iossimulatorarm64:3.5.1
:m13	transitive	io.ktor:ktor-resources-js:3.5.1
:m13	transitive	io.ktor:ktor-resources-jvm:3.5.1
:m13	transitive	io.ktor:ktor-resources-wasm-js:3.5.1
:m13	transitive	io.ktor:ktor-resources:3.5.1
:m13	transitive	io.ktor:ktor-serialization-iosarm64:3.5.1
:m13	transitive	io.ktor:ktor-serialization-iossimulatorarm64:3.5.1
:m13	transitive	io.ktor:ktor-serialization-js:3.5.1
:m13	transitive	io.ktor:ktor-serialization-jvm:3.5.1
:m13	transitive	io.ktor:ktor-serialization-kotlinx-iosarm64:3.5.1
:m13	transitive	io.ktor:ktor-serialization-kotlinx-iossimulatorarm64:3.5.1
:m13	transitive	io.ktor:ktor-serialization-kotlinx-js:3.5.1
:m13	transitive	io.ktor:ktor-serialization-kotlinx-json-iosarm64:3.5.1
:m13	transitive	io.ktor:ktor-serialization-kotlinx-json-iossimulatorarm64:3.5.1
:m13	transitive	io.ktor:ktor-serialization-kotlinx-json-js:3.5.1
:m13	transitive	io.ktor:ktor-serialization-kotlinx-json-jvm:3.5.1
:m13	transitive	io.ktor:ktor-serialization-kotlinx-json-wasm-js:3.5.1
:m13	transitive	io.ktor:ktor-serialization-kotlinx-json:3.5.1
:m13	transitive	io.ktor:ktor-serialization-kotlinx-jvm:3.5.1
:m13	transitive	io.ktor:ktor-serialization-kotlinx-wasm-js:3.5.1
:m13	transitive	io.ktor:ktor-serialization-kotlinx:3.5.1
:m13	transitive	io.ktor:ktor-serialization-wasm-js:3.5.1
:m13	transitive	io.ktor:ktor-serialization:3.5.1
:m13	transitive	io.ktor:ktor-sse-iosarm64:3.5.1
:m13	transitive	io.ktor:ktor-sse-iossimulatorarm64:3.5.1
:m13	transitive	io.ktor:ktor-sse-js:3.5.1
:m13	transitive	io.ktor:ktor-sse-jvm:3.5.1
:m13	transitive	io.ktor:ktor-sse-wasm-js:3.5.1
:m13	transitive	io.ktor:ktor-sse:3.5.1
:m13	transitive	io.ktor:ktor-utils-iosarm64:3.5.1
:m13	transitive	io.ktor:ktor-utils-iossimulatorarm64:3.5.1
:m13	transitive	io.ktor:ktor-utils-js:3.5.1
:m13	transitive	io.ktor:ktor-utils-jvm:3.5.1
:m13	transitive	io.ktor:ktor-utils-wasm-js:3.5.1
:m13	transitive	io.ktor:ktor-utils:3.5.1
:m13	transitive	io.ktor:ktor-websocket-serialization-iosarm64:3.5.1
:m13	transitive	io.ktor:ktor-websocket-serialization-iossimulatorarm64:3.5.1
:m13	transitive	io.ktor:ktor-websocket-serialization-js:3.5.1
:m13	transitive	io.ktor:ktor-websocket-serialization-jvm:3.5.1
:m13	transitive	io.ktor:ktor-websocket-serialization-wasm-js:3.5.1
:m13	transitive	io.ktor:ktor-websocket-serialization:3.5.1
:m13	transitive	io.ktor:ktor-websockets-iosarm64:3.5.1
:m13	transitive	io.ktor:ktor-websockets-iossimulatorarm64:3.5.1
:m13	transitive	io.ktor:ktor-websockets-js:3.5.1
:m13	transitive	io.ktor:ktor-websockets-jvm:3.5.1
:m13	transitive	io.ktor:ktor-websockets-wasm-js:3.5.1
:m13	transitive	io.ktor:ktor-websockets:3.5.1
:m13	transitive	junit:junit:4.13.2
:m13	transitive	org.hamcrest:hamcrest-core:1.3
:m13	transitive	org.jetbrains.androidx.lifecycle:lifecycle-common-js:2.9.6
:m13	transitive	org.jetbrains.androidx.lifecycle:lifecycle-common-wasm-js:2.9.6
:m13	transitive	org.jetbrains.androidx.lifecycle:lifecycle-common:2.9.6
:m13	transitive	org.jetbrains.androidx.lifecycle:lifecycle-runtime-compose-desktop:2.9.6
:m13	transitive	org.jetbrains.androidx.lifecycle:lifecycle-runtime-compose-js:2.9.6
:m13	transitive	org.jetbrains.androidx.lifecycle:lifecycle-runtime-compose-uikitarm64:2.9.6
:m13	transitive	org.jetbrains.androidx.lifecycle:lifecycle-runtime-compose-uikitsimarm64:2.9.6
:m13	transitive	org.jetbrains.androidx.lifecycle:lifecycle-runtime-compose-wasm-js:2.9.6
:m13	transitive	org.jetbrains.androidx.lifecycle:lifecycle-runtime-compose:2.9.6
:m13	transitive	org.jetbrains.androidx.lifecycle:lifecycle-runtime-js:2.9.6
:m13	transitive	org.jetbrains.androidx.lifecycle:lifecycle-runtime-wasm-js:2.9.6
:m13	transitive	org.jetbrains.androidx.lifecycle:lifecycle-runtime:2.9.6
:m13	transitive	org.jetbrains.androidx.lifecycle:lifecycle-viewmodel-js:2.9.6
:m13	transitive	org.jetbrains.androidx.lifecycle:lifecycle-viewmodel-savedstate-js:2.9.6
:m13	transitive	org.jetbrains.androidx.lifecycle:lifecycle-viewmodel-savedstate-wasm-js:2.9.6
:m13	transitive	org.jetbrains.androidx.lifecycle:lifecycle-viewmodel-savedstate:2.9.6
:m13	transitive	org.jetbrains.androidx.lifecycle:lifecycle-viewmodel-wasm-js:2.9.6
:m13	transitive	org.jetbrains.androidx.lifecycle:lifecycle-viewmodel:2.9.6
:m13	transitive	org.jetbrains.androidx.savedstate:savedstate-compose-desktop:1.3.6
:m13	transitive	org.jetbrains.androidx.savedstate:savedstate-compose-js:1.3.6
:m13	transitive	org.jetbrains.androidx.savedstate:savedstate-compose-uikitarm64:1.3.6
:m13	transitive	org.jetbrains.androidx.savedstate:savedstate-compose-uikitsimarm64:1.3.6
:m13	transitive	org.jetbrains.androidx.savedstate:savedstate-compose-wasm-js:1.3.6
:m13	transitive	org.jetbrains.androidx.savedstate:savedstate-compose:1.3.6
:m13	transitive	org.jetbrains.androidx.savedstate:savedstate-js:1.3.6
:m13	transitive	org.jetbrains.androidx.savedstate:savedstate-wasm-js:1.3.6
:m13	transitive	org.jetbrains.androidx.savedstate:savedstate:1.3.6
:m13	transitive	org.jetbrains.compose.animation:animation-core-desktop:1.11.1
:m13	transitive	org.jetbrains.compose.animation:animation-core-iosarm64:1.11.1
:m13	transitive	org.jetbrains.compose.animation:animation-core-iossimulatorarm64:1.11.1
:m13	transitive	org.jetbrains.compose.animation:animation-core-js:1.11.1
:m13	transitive	org.jetbrains.compose.animation:animation-core-wasm-js:1.11.1
:m13	transitive	org.jetbrains.compose.animation:animation-core:1.11.1
:m13	transitive	org.jetbrains.compose.animation:animation-desktop:1.11.1
:m13	transitive	org.jetbrains.compose.animation:animation-iosarm64:1.11.1
:m13	transitive	org.jetbrains.compose.animation:animation-iossimulatorarm64:1.11.1
:m13	transitive	org.jetbrains.compose.animation:animation-js:1.11.1
:m13	transitive	org.jetbrains.compose.animation:animation-wasm-js:1.11.1
:m13	transitive	org.jetbrains.compose.animation:animation:1.11.1
:m13	transitive	org.jetbrains.compose.annotation-internal:annotation-js:1.10.0
:m13	transitive	org.jetbrains.compose.annotation-internal:annotation-wasm-js:1.10.0
:m13	transitive	org.jetbrains.compose.annotation-internal:annotation:1.10.0
:m13	transitive	org.jetbrains.compose.annotation-internal:annotation:1.9.3
:m13	transitive	org.jetbrains.compose.collection-internal:collection-js:1.10.0
:m13	transitive	org.jetbrains.compose.collection-internal:collection-wasm-js:1.10.0
:m13	transitive	org.jetbrains.compose.collection-internal:collection:1.10.0
:m13	transitive	org.jetbrains.compose.collection-internal:collection:1.9.3
:m13	transitive	org.jetbrains.compose.components:components-resources-android:1.11.1
:m13	transitive	org.jetbrains.compose.components:components-resources-desktop:1.11.1
:m13	transitive	org.jetbrains.compose.components:components-resources-iosArm64:1.11.1
:m13	transitive	org.jetbrains.compose.components:components-resources-iosSimulatorArm64:1.11.1
:m13	transitive	org.jetbrains.compose.components:components-resources-js:1.11.1
:m13	transitive	org.jetbrains.compose.components:components-resources-wasmJs:1.11.1
:m13	transitive	org.jetbrains.compose.foundation:foundation-desktop:1.11.1
:m13	transitive	org.jetbrains.compose.foundation:foundation-iosarm64:1.11.1
:m13	transitive	org.jetbrains.compose.foundation:foundation-iossimulatorarm64:1.11.1
:m13	transitive	org.jetbrains.compose.foundation:foundation-js:1.11.1
:m13	transitive	org.jetbrains.compose.foundation:foundation-layout-desktop:1.11.1
:m13	transitive	org.jetbrains.compose.foundation:foundation-layout-iosarm64:1.11.1
:m13	transitive	org.jetbrains.compose.foundation:foundation-layout-iossimulatorarm64:1.11.1
:m13	transitive	org.jetbrains.compose.foundation:foundation-layout-js:1.11.1
:m13	transitive	org.jetbrains.compose.foundation:foundation-layout-wasm-js:1.11.1
:m13	transitive	org.jetbrains.compose.foundation:foundation-layout:1.11.1
:m13	transitive	org.jetbrains.compose.foundation:foundation-wasm-js:1.11.1
:m13	transitive	org.jetbrains.compose.hot-reload:hot-reload-annotations-jvm:1.1.1
:m13	transitive	org.jetbrains.compose.hot-reload:hot-reload-annotations:1.1.1
:m13	transitive	org.jetbrains.compose.hot-reload:hot-reload-core:1.1.1
:m13	transitive	org.jetbrains.compose.hot-reload:hot-reload-devtools-api:1.1.1
:m13	transitive	org.jetbrains.compose.hot-reload:hot-reload-orchestration:1.1.1
:m13	transitive	org.jetbrains.compose.material3:material3-desktop:1.10.0-alpha05
:m13	transitive	org.jetbrains.compose.material3:material3-js:1.10.0-alpha05
:m13	transitive	org.jetbrains.compose.material3:material3-uikitarm64:1.10.0-alpha05
:m13	transitive	org.jetbrains.compose.material3:material3-uikitsimarm64:1.10.0-alpha05
:m13	transitive	org.jetbrains.compose.material3:material3-wasm-js:1.10.0-alpha05
:m13	transitive	org.jetbrains.compose.material:material-ripple-desktop:1.9.3
:m13	transitive	org.jetbrains.compose.material:material-ripple-js:1.9.3
:m13	transitive	org.jetbrains.compose.material:material-ripple-uikitarm64:1.9.3
:m13	transitive	org.jetbrains.compose.material:material-ripple-uikitsimarm64:1.9.3
:m13	transitive	org.jetbrains.compose.material:material-ripple-wasm-js:1.9.3
:m13	transitive	org.jetbrains.compose.material:material-ripple:1.9.3
:m13	transitive	org.jetbrains.compose.runtime:runtime-desktop:1.11.1
:m13	transitive	org.jetbrains.compose.runtime:runtime-iosarm64:1.11.1
:m13	transitive	org.jetbrains.compose.runtime:runtime-iossimulatorarm64:1.11.1
:m13	transitive	org.jetbrains.compose.runtime:runtime-js:1.11.1
:m13	transitive	org.jetbrains.compose.runtime:runtime-saveable-desktop:1.11.1
:m13	transitive	org.jetbrains.compose.runtime:runtime-saveable-iosarm64:1.11.1
:m13	transitive	org.jetbrains.compose.runtime:runtime-saveable-iossimulatorarm64:1.11.1
:m13	transitive	org.jetbrains.compose.runtime:runtime-saveable-js:1.11.1
:m13	transitive	org.jetbrains.compose.runtime:runtime-saveable-wasm-js:1.11.1
:m13	transitive	org.jetbrains.compose.runtime:runtime-saveable:1.11.1
:m13	transitive	org.jetbrains.compose.runtime:runtime-wasm-js:1.11.1
:m13	transitive	org.jetbrains.compose.ui:ui-backhandler-android:1.9.3
:m13	transitive	org.jetbrains.compose.ui:ui-backhandler-desktop:1.11.1
:m13	transitive	org.jetbrains.compose.ui:ui-backhandler-iosarm64:1.11.1
:m13	transitive	org.jetbrains.compose.ui:ui-backhandler-iossimulatorarm64:1.11.1
:m13	transitive	org.jetbrains.compose.ui:ui-backhandler-js:1.11.1
:m13	transitive	org.jetbrains.compose.ui:ui-backhandler-wasm-js:1.11.1
:m13	transitive	org.jetbrains.compose.ui:ui-backhandler:1.11.1
:m13	transitive	org.jetbrains.compose.ui:ui-backhandler:1.9.3
:m13	transitive	org.jetbrains.compose.ui:ui-desktop:1.11.1
:m13	transitive	org.jetbrains.compose.ui:ui-geometry-desktop:1.11.1
:m13	transitive	org.jetbrains.compose.ui:ui-geometry-iosarm64:1.11.1
:m13	transitive	org.jetbrains.compose.ui:ui-geometry-iossimulatorarm64:1.11.1
:m13	transitive	org.jetbrains.compose.ui:ui-geometry-js:1.11.1
:m13	transitive	org.jetbrains.compose.ui:ui-geometry-wasm-js:1.11.1
:m13	transitive	org.jetbrains.compose.ui:ui-geometry:1.11.1
:m13	transitive	org.jetbrains.compose.ui:ui-graphics-desktop:1.11.1
:m13	transitive	org.jetbrains.compose.ui:ui-graphics-iosarm64:1.11.1
:m13	transitive	org.jetbrains.compose.ui:ui-graphics-iossimulatorarm64:1.11.1
:m13	transitive	org.jetbrains.compose.ui:ui-graphics-js:1.11.1
:m13	transitive	org.jetbrains.compose.ui:ui-graphics-wasm-js:1.11.1
:m13	transitive	org.jetbrains.compose.ui:ui-graphics:1.11.1
:m13	transitive	org.jetbrains.compose.ui:ui-iosarm64:1.11.1
:m13	transitive	org.jetbrains.compose.ui:ui-iossimulatorarm64:1.11.1
:m13	transitive	org.jetbrains.compose.ui:ui-js:1.11.1
:m13	transitive	org.jetbrains.compose.ui:ui-text-desktop:1.11.1
:m13	transitive	org.jetbrains.compose.ui:ui-text-iosarm64:1.11.1
:m13	transitive	org.jetbrains.compose.ui:ui-text-iossimulatorarm64:1.11.1
:m13	transitive	org.jetbrains.compose.ui:ui-text-js:1.11.1
:m13	transitive	org.jetbrains.compose.ui:ui-text-wasm-js:1.11.1
:m13	transitive	org.jetbrains.compose.ui:ui-text:1.11.1
:m13	transitive	org.jetbrains.compose.ui:ui-uikit-iosarm64:1.11.1
:m13	transitive	org.jetbrains.compose.ui:ui-uikit-iossimulatorarm64:1.11.1
:m13	transitive	org.jetbrains.compose.ui:ui-uikit:1.11.1
:m13	transitive	org.jetbrains.compose.ui:ui-unit-desktop:1.11.1
:m13	transitive	org.jetbrains.compose.ui:ui-unit-iosarm64:1.11.1
:m13	transitive	org.jetbrains.compose.ui:ui-unit-iossimulatorarm64:1.11.1
:m13	transitive	org.jetbrains.compose.ui:ui-unit-js:1.11.1
:m13	transitive	org.jetbrains.compose.ui:ui-unit-wasm-js:1.11.1
:m13	transitive	org.jetbrains.compose.ui:ui-unit:1.11.1
:m13	transitive	org.jetbrains.compose.ui:ui-util-desktop:1.11.1
:m13	transitive	org.jetbrains.compose.ui:ui-util-iosarm64:1.11.1
:m13	transitive	org.jetbrains.compose.ui:ui-util-iossimulatorarm64:1.11.1
:m13	transitive	org.jetbrains.compose.ui:ui-util-js:1.11.1
:m13	transitive	org.jetbrains.compose.ui:ui-util-wasm-js:1.11.1
:m13	transitive	org.jetbrains.compose.ui:ui-util:1.11.1
:m13	transitive	org.jetbrains.compose.ui:ui-wasm-js:1.11.1
:m13	transitive	org.jetbrains.kotlin:kotlin-stdlib-js:2.4.10
:m13	transitive	org.jetbrains.kotlin:kotlin-stdlib-wasm-js:2.4.10
:m13	transitive	org.jetbrains.kotlin:kotlin-test-js:2.4.10
:m13	transitive	org.jetbrains.kotlin:kotlin-test-junit:2.4.10
:m13	transitive	org.jetbrains.kotlin:kotlin-test-wasm-js:2.4.10
:m13	transitive	org.jetbrains.kotlin:kotlinx-atomicfu-runtime:2.2.20
:m13	transitive	org.jetbrains.kotlinx:atomicfu-iosarm64:0.32.1
:m13	transitive	org.jetbrains.kotlinx:atomicfu-iossimulatorarm64:0.32.1
:m13	transitive	org.jetbrains.kotlinx:atomicfu-js:0.32.1
:m13	transitive	org.jetbrains.kotlinx:atomicfu-jvm:0.28.0
:m13	transitive	org.jetbrains.kotlinx:atomicfu-wasm-js:0.32.1
:m13	transitive	org.jetbrains.kotlinx:atomicfu:0.28.0
:m13	transitive	org.jetbrains.kotlinx:atomicfu:0.32.1
:m13	transitive	org.jetbrains.kotlinx:kotlinx-browser-js:0.5.0
:m13	transitive	org.jetbrains.kotlinx:kotlinx-browser-wasm-js:0.5.0
:m13	transitive	org.jetbrains.kotlinx:kotlinx-browser:0.5.0
:m13	transitive	org.jetbrains.kotlinx:kotlinx-coroutines-android:1.11.0
:m13	transitive	org.jetbrains.kotlinx:kotlinx-coroutines-bom:1.11.0
:m13	transitive	org.jetbrains.kotlinx:kotlinx-coroutines-core-iosarm64:1.11.0
:m13	transitive	org.jetbrains.kotlinx:kotlinx-coroutines-core-iossimulatorarm64:1.11.0
:m13	transitive	org.jetbrains.kotlinx:kotlinx-coroutines-core-js:1.11.0
:m13	transitive	org.jetbrains.kotlinx:kotlinx-coroutines-core-jvm:1.11.0
:m13	transitive	org.jetbrains.kotlinx:kotlinx-coroutines-core-wasm-js:1.11.0
:m13	transitive	org.jetbrains.kotlinx:kotlinx-coroutines-core:1.11.0
:m13	transitive	org.jetbrains.kotlinx:kotlinx-coroutines-slf4j:1.11.0
:m13	transitive	org.jetbrains.kotlinx:kotlinx-datetime-iosarm64:0.8.0
:m13	transitive	org.jetbrains.kotlinx:kotlinx-datetime-iossimulatorarm64:0.8.0
:m13	transitive	org.jetbrains.kotlinx:kotlinx-datetime-js:0.8.0
:m13	transitive	org.jetbrains.kotlinx:kotlinx-datetime-jvm:0.8.0
:m13	transitive	org.jetbrains.kotlinx:kotlinx-datetime-wasm-js:0.8.0
:m13	transitive	org.jetbrains.kotlinx:kotlinx-datetime:0.8.0
:m13	transitive	org.jetbrains.kotlinx:kotlinx-io-bytestring-iosarm64:0.9.0
:m13	transitive	org.jetbrains.kotlinx:kotlinx-io-bytestring-iossimulatorarm64:0.9.0
:m13	transitive	org.jetbrains.kotlinx:kotlinx-io-bytestring-js:0.9.0
:m13	transitive	org.jetbrains.kotlinx:kotlinx-io-bytestring-jvm:0.9.0
:m13	transitive	org.jetbrains.kotlinx:kotlinx-io-bytestring-wasm-js:0.9.0
:m13	transitive	org.jetbrains.kotlinx:kotlinx-io-bytestring:0.9.0
:m13	transitive	org.jetbrains.kotlinx:kotlinx-io-core-iosarm64:0.9.0
:m13	transitive	org.jetbrains.kotlinx:kotlinx-io-core-iossimulatorarm64:0.9.0
:m13	transitive	org.jetbrains.kotlinx:kotlinx-io-core-js:0.9.0
:m13	transitive	org.jetbrains.kotlinx:kotlinx-io-core-jvm:0.9.0
:m13	transitive	org.jetbrains.kotlinx:kotlinx-io-core-wasm-js:0.9.0
:m13	transitive	org.jetbrains.kotlinx:kotlinx-io-core:0.9.0
:m13	transitive	org.jetbrains.kotlinx:kotlinx-serialization-bom:1.11.0
:m13	transitive	org.jetbrains.kotlinx:kotlinx-serialization-core-iosarm64:1.11.0
:m13	transitive	org.jetbrains.kotlinx:kotlinx-serialization-core-iossimulatorarm64:1.11.0
:m13	transitive	org.jetbrains.kotlinx:kotlinx-serialization-core-js:1.11.0
:m13	transitive	org.jetbrains.kotlinx:kotlinx-serialization-core-jvm:1.11.0
:m13	transitive	org.jetbrains.kotlinx:kotlinx-serialization-core-wasm-js:1.11.0
:m13	transitive	org.jetbrains.kotlinx:kotlinx-serialization-core:1.11.0
:m13	transitive	org.jetbrains.kotlinx:kotlinx-serialization-json-io-iosarm64:1.11.0
:m13	transitive	org.jetbrains.kotlinx:kotlinx-serialization-json-io-iossimulatorarm64:1.11.0
:m13	transitive	org.jetbrains.kotlinx:kotlinx-serialization-json-io-js:1.11.0
:m13	transitive	org.jetbrains.kotlinx:kotlinx-serialization-json-io-jvm:1.11.0
:m13	transitive	org.jetbrains.kotlinx:kotlinx-serialization-json-io-wasm-js:1.11.0
:m13	transitive	org.jetbrains.kotlinx:kotlinx-serialization-json-io:1.11.0
:m13	transitive	org.jetbrains.kotlinx:kotlinx-serialization-json-iosarm64:1.11.0
:m13	transitive	org.jetbrains.kotlinx:kotlinx-serialization-json-iossimulatorarm64:1.11.0
:m13	transitive	org.jetbrains.kotlinx:kotlinx-serialization-json-js:1.11.0
:m13	transitive	org.jetbrains.kotlinx:kotlinx-serialization-json-jvm:1.11.0
:m13	transitive	org.jetbrains.kotlinx:kotlinx-serialization-json-wasm-js:1.11.0
:m13	transitive	org.jetbrains.kotlinx:kotlinx-serialization-json:1.11.0
:m13	transitive	org.jetbrains.runtime:jbr-api:1.9.0
:m13	transitive	org.jetbrains.skiko:skiko-awt:0.144.6
:m13	transitive	org.jetbrains.skiko:skiko-iosarm64:0.144.6
:m13	transitive	org.jetbrains.skiko:skiko-iossimulatorarm64:0.144.6
:m13	transitive	org.jetbrains.skiko:skiko-js-wasm-runtime:0.144.6
:m13	transitive	org.jetbrains.skiko:skiko-js:0.144.6
:m13	transitive	org.jetbrains.skiko:skiko-wasm-js:0.144.6
:m13	transitive	org.jetbrains.skiko:skiko:0.144.6
:m13	transitive	org.jetbrains:annotations:23.0.0
:m13	transitive	org.jspecify:jspecify:1.0.0
:m13	transitive	org.slf4j:slf4j-api:2.0.18
:m14	direct	io.github.aughtone:format-datetime:3.1.0
:m14	direct	io.github.aughtone:format-readable:3.1.0
:m14	direct	io.github.aughtone:format-toolbox:3.1.0
:m14	direct	io.insert-koin:koin-compose-viewmodel:4.2.2
:m14	direct	io.insert-koin:koin-compose:4.2.2
:m14	direct	io.insert-koin:koin-core:4.2.2
:m14	direct	org.jetbrains.androidx.lifecycle:lifecycle-runtime-compose:2.11.0
:m14	direct	org.jetbrains.androidx.lifecycle:lifecycle-viewmodel-compose:2.11.0
:m14	direct	org.jetbrains.androidx.lifecycle:lifecycle-viewmodel-navigation3:2.11.0
:m14	direct	org.jetbrains.androidx.navigation3:navigation3-ui:1.1.1
:m14	direct	org.jetbrains.compose.components:components-resources:1.11.1
:m14	direct	org.jetbrains.compose.foundation:foundation:1.11.1
:m14	direct	org.jetbrains.compose.hot-reload:hot-reload-runtime-jvm:1.1.1
:m14	direct	org.jetbrains.compose.material3:material3:1.10.0-alpha05
:m14	direct	org.jetbrains.compose.material:material-icons-extended:1.7.3
:m14	direct	org.jetbrains.compose.runtime:runtime:1.11.1
:m14	direct	org.jetbrains.compose.ui:ui-backhandler:1.11.1
:m14	direct	org.jetbrains.compose.ui:ui-tooling-preview:1.11.1
:m14	direct	org.jetbrains.compose.ui:ui:1.11.1
:m14	direct	org.jetbrains.kotlin:kotlin-dom-api-compat:2.4.10
:m14	direct	org.jetbrains.kotlin:kotlin-stdlib:2.4.10
:m14	direct	org.jetbrains.kotlin:kotlin-test:2.4.10
:m14	direct	org.slf4j:slf4j-api:2.0.18
:m14	transitive	androidx.activity:activity-compose:1.12.4
:m14	transitive	androidx.activity:activity-ktx:1.12.4
:m14	transitive	androidx.activity:activity:1.12.4
:m14	transitive	androidx.annotation:annotation-experimental:1.4.1
:m14	transitive	androidx.annotation:annotation-iosarm64:1.9.1
:m14	transitive	androidx.annotation:annotation-iossimulatorarm64:1.9.1
:m14	transitive	androidx.annotation:annotation-js:1.9.1
:m14	transitive	androidx.annotation:annotation-jvm:1.9.1
:m14	transitive	androidx.annotation:annotation-wasm-js:1.9.1
:m14	transitive	androidx.annotation:annotation:1.9.1
:m14	transitive	androidx.appcompat:appcompat-resources:1.7.1
:m14	transitive	androidx.appcompat:appcompat:1.7.1
:m14	transitive	androidx.arch.core:core-common:2.2.0
:m14	transitive	androidx.arch.core:core-runtime:2.2.0
:m14	transitive	androidx.autofill:autofill:1.0.0
:m14	transitive	androidx.collection:collection-iosarm64:1.5.0
:m14	transitive	androidx.collection:collection-iossimulatorarm64:1.5.0
:m14	transitive	androidx.collection:collection-js:1.5.0
:m14	transitive	androidx.collection:collection-jvm:1.5.0
:m14	transitive	androidx.collection:collection-ktx:1.5.0
:m14	transitive	androidx.collection:collection-wasm-js:1.5.0
:m14	transitive	androidx.collection:collection:1.5.0
:m14	transitive	androidx.compose.animation:animation-android:1.11.2
:m14	transitive	androidx.compose.animation:animation-core-android:1.11.2
:m14	transitive	androidx.compose.animation:animation-core:1.11.2
:m14	transitive	androidx.compose.animation:animation:1.11.2
:m14	transitive	androidx.compose.foundation:foundation-android:1.11.2
:m14	transitive	androidx.compose.foundation:foundation-layout-android:1.11.2
:m14	transitive	androidx.compose.foundation:foundation-layout:1.11.2
:m14	transitive	androidx.compose.foundation:foundation:1.11.2
:m14	transitive	androidx.compose.material3:material3-android:1.5.0-alpha08
:m14	transitive	androidx.compose.material3:material3:1.5.0-alpha08
:m14	transitive	androidx.compose.material:material-icons-core-android:1.7.6
:m14	transitive	androidx.compose.material:material-icons-core:1.7.6
:m14	transitive	androidx.compose.material:material-icons-extended-android:1.7.6
:m14	transitive	androidx.compose.material:material-icons-extended:1.7.6
:m14	transitive	androidx.compose.material:material-ripple-android:1.9.4
:m14	transitive	androidx.compose.material:material-ripple:1.9.4
:m14	transitive	androidx.compose.runtime:runtime-android:1.11.2
:m14	transitive	androidx.compose.runtime:runtime-annotation-android:1.11.2
:m14	transitive	androidx.compose.runtime:runtime-annotation-iosarm64:1.11.2
:m14	transitive	androidx.compose.runtime:runtime-annotation-iossimulatorarm64:1.11.2
:m14	transitive	androidx.compose.runtime:runtime-annotation-js:1.11.2
:m14	transitive	androidx.compose.runtime:runtime-annotation-jvm:1.11.2
:m14	transitive	androidx.compose.runtime:runtime-annotation-wasm-js:1.11.2
:m14	transitive	androidx.compose.runtime:runtime-annotation:1.11.2
:m14	transitive	androidx.compose.runtime:runtime-desktop:1.11.2
:m14	transitive	androidx.compose.runtime:runtime-iosarm64:1.11.2
:m14	transitive	androidx.compose.runtime:runtime-iossimulatorarm64:1.11.2
:m14	transitive	androidx.compose.runtime:runtime-js:1.11.2
:m14	transitive	androidx.compose.runtime:runtime-retain-android:1.11.2
:m14	transitive	androidx.compose.runtime:runtime-retain-desktop:1.11.2
:m14	transitive	androidx.compose.runtime:runtime-retain-iosarm64:1.11.2
:m14	transitive	androidx.compose.runtime:runtime-retain-iossimulatorarm64:1.11.2
:m14	transitive	androidx.compose.runtime:runtime-retain-js:1.11.2
:m14	transitive	androidx.compose.runtime:runtime-retain-wasm-js:1.11.2
:m14	transitive	androidx.compose.runtime:runtime-retain:1.11.2
:m14	transitive	androidx.compose.runtime:runtime-saveable-android:1.11.2
:m14	transitive	androidx.compose.runtime:runtime-saveable-desktop:1.11.2
:m14	transitive	androidx.compose.runtime:runtime-saveable-iosarm64:1.11.2
:m14	transitive	androidx.compose.runtime:runtime-saveable-iossimulatorarm64:1.11.2
:m14	transitive	androidx.compose.runtime:runtime-saveable-js:1.11.2
:m14	transitive	androidx.compose.runtime:runtime-saveable-wasm-js:1.11.2
:m14	transitive	androidx.compose.runtime:runtime-saveable:1.11.2
:m14	transitive	androidx.compose.runtime:runtime-wasm-js:1.11.2
:m14	transitive	androidx.compose.runtime:runtime:1.11.2
:m14	transitive	androidx.compose.ui:ui-android:1.11.2
:m14	transitive	androidx.compose.ui:ui-geometry-android:1.11.2
:m14	transitive	androidx.compose.ui:ui-geometry:1.11.2
:m14	transitive	androidx.compose.ui:ui-graphics-android:1.11.2
:m14	transitive	androidx.compose.ui:ui-graphics:1.11.2
:m14	transitive	androidx.compose.ui:ui-text-android:1.11.2
:m14	transitive	androidx.compose.ui:ui-text:1.11.2
:m14	transitive	androidx.compose.ui:ui-tooling-preview-android:1.11.2
:m14	transitive	androidx.compose.ui:ui-tooling-preview:1.11.2
:m14	transitive	androidx.compose.ui:ui-unit-android:1.11.2
:m14	transitive	androidx.compose.ui:ui-unit:1.11.2
:m14	transitive	androidx.compose.ui:ui-util-android:1.11.2
:m14	transitive	androidx.compose.ui:ui-util:1.11.2
:m14	transitive	androidx.compose.ui:ui:1.11.2
:m14	transitive	androidx.concurrent:concurrent-futures:1.1.0
:m14	transitive	androidx.core:core-ktx:1.16.0
:m14	transitive	androidx.core:core-viewtree:1.0.0
:m14	transitive	androidx.core:core:1.16.0
:m14	transitive	androidx.cursoradapter:cursoradapter:1.0.0
:m14	transitive	androidx.customview:customview-poolingcontainer:1.0.0
:m14	transitive	androidx.customview:customview:1.0.0
:m14	transitive	androidx.documentfile:documentfile:1.0.0
:m14	transitive	androidx.drawerlayout:drawerlayout:1.0.0
:m14	transitive	androidx.dynamicanimation:dynamicanimation:1.0.0
:m14	transitive	androidx.emoji2:emoji2-views-helper:1.4.0
:m14	transitive	androidx.emoji2:emoji2:1.4.0
:m14	transitive	androidx.fragment:fragment-ktx:1.8.9
:m14	transitive	androidx.fragment:fragment:1.8.9
:m14	transitive	androidx.graphics:graphics-path:1.0.1
:m14	transitive	androidx.graphics:graphics-shapes-android:1.1.0
:m14	transitive	androidx.graphics:graphics-shapes-desktop:1.1.0
:m14	transitive	androidx.graphics:graphics-shapes-iosarm64:1.1.0
:m14	transitive	androidx.graphics:graphics-shapes-iossimulatorarm64:1.1.0
:m14	transitive	androidx.graphics:graphics-shapes-js:1.1.0
:m14	transitive	androidx.graphics:graphics-shapes-wasm-js:1.1.0
:m14	transitive	androidx.graphics:graphics-shapes:1.1.0
:m14	transitive	androidx.interpolator:interpolator:1.0.0
:m14	transitive	androidx.legacy:legacy-support-core-utils:1.0.0
:m14	transitive	androidx.lifecycle:lifecycle-common-iosarm64:2.11.0
:m14	transitive	androidx.lifecycle:lifecycle-common-iossimulatorarm64:2.11.0
:m14	transitive	androidx.lifecycle:lifecycle-common-java8:2.11.0
:m14	transitive	androidx.lifecycle:lifecycle-common-js:2.11.0
:m14	transitive	androidx.lifecycle:lifecycle-common-jvm:2.11.0
:m14	transitive	androidx.lifecycle:lifecycle-common-wasm-js:2.11.0
:m14	transitive	androidx.lifecycle:lifecycle-common:2.11.0
:m14	transitive	androidx.lifecycle:lifecycle-livedata-core-ktx:2.11.0
:m14	transitive	androidx.lifecycle:lifecycle-livedata-core:2.11.0
:m14	transitive	androidx.lifecycle:lifecycle-livedata:2.11.0
:m14	transitive	androidx.lifecycle:lifecycle-process:2.11.0
:m14	transitive	androidx.lifecycle:lifecycle-runtime-android:2.11.0
:m14	transitive	androidx.lifecycle:lifecycle-runtime-compose-android:2.11.0
:m14	transitive	androidx.lifecycle:lifecycle-runtime-compose-desktop:2.11.0
:m14	transitive	androidx.lifecycle:lifecycle-runtime-compose-iosarm64:2.11.0
:m14	transitive	androidx.lifecycle:lifecycle-runtime-compose-iossimulatorarm64:2.11.0
:m14	transitive	androidx.lifecycle:lifecycle-runtime-compose-js:2.11.0
:m14	transitive	androidx.lifecycle:lifecycle-runtime-compose-wasm-js:2.11.0
:m14	transitive	androidx.lifecycle:lifecycle-runtime-compose:2.11.0
:m14	transitive	androidx.lifecycle:lifecycle-runtime-desktop:2.11.0
:m14	transitive	androidx.lifecycle:lifecycle-runtime-iosarm64:2.11.0
:m14	transitive	androidx.lifecycle:lifecycle-runtime-iossimulatorarm64:2.11.0
:m14	transitive	androidx.lifecycle:lifecycle-runtime-js:2.11.0
:m14	transitive	androidx.lifecycle:lifecycle-runtime-ktx-android:2.11.0
:m14	transitive	androidx.lifecycle:lifecycle-runtime-ktx:2.11.0
:m14	transitive	androidx.lifecycle:lifecycle-runtime-wasm-js:2.11.0
:m14	transitive	androidx.lifecycle:lifecycle-runtime:2.11.0
:m14	transitive	androidx.lifecycle:lifecycle-viewmodel-android:2.11.0
:m14	transitive	androidx.lifecycle:lifecycle-viewmodel-compose-android:2.11.0
:m14	transitive	androidx.lifecycle:lifecycle-viewmodel-compose-desktop:2.11.0
:m14	transitive	androidx.lifecycle:lifecycle-viewmodel-compose-iosarm64:2.11.0
:m14	transitive	androidx.lifecycle:lifecycle-viewmodel-compose-iossimulatorarm64:2.11.0
:m14	transitive	androidx.lifecycle:lifecycle-viewmodel-compose-js:2.11.0
:m14	transitive	androidx.lifecycle:lifecycle-viewmodel-compose-wasm-js:2.11.0
:m14	transitive	androidx.lifecycle:lifecycle-viewmodel-compose:2.11.0
:m14	transitive	androidx.lifecycle:lifecycle-viewmodel-desktop:2.11.0
:m14	transitive	androidx.lifecycle:lifecycle-viewmodel-iosarm64:2.11.0
:m14	transitive	androidx.lifecycle:lifecycle-viewmodel-iossimulatorarm64:2.11.0
:m14	transitive	androidx.lifecycle:lifecycle-viewmodel-js:2.11.0
:m14	transitive	androidx.lifecycle:lifecycle-viewmodel-ktx:2.11.0
:m14	transitive	androidx.lifecycle:lifecycle-viewmodel-navigation3-android:2.11.0
:m14	transitive	androidx.lifecycle:lifecycle-viewmodel-navigation3-desktop:2.11.0
:m14	transitive	androidx.lifecycle:lifecycle-viewmodel-navigation3-iosarm64:2.11.0
:m14	transitive	androidx.lifecycle:lifecycle-viewmodel-navigation3-iossimulatorarm64:2.11.0
:m14	transitive	androidx.lifecycle:lifecycle-viewmodel-navigation3-js:2.11.0
:m14	transitive	androidx.lifecycle:lifecycle-viewmodel-navigation3-wasm-js:2.11.0
:m14	transitive	androidx.lifecycle:lifecycle-viewmodel-navigation3:2.11.0
:m14	transitive	androidx.lifecycle:lifecycle-viewmodel-savedstate-android:2.11.0
:m14	transitive	androidx.lifecycle:lifecycle-viewmodel-savedstate-desktop:2.11.0
:m14	transitive	androidx.lifecycle:lifecycle-viewmodel-savedstate-iosarm64:2.11.0
:m14	transitive	androidx.lifecycle:lifecycle-viewmodel-savedstate-iossimulatorarm64:2.11.0
:m14	transitive	androidx.lifecycle:lifecycle-viewmodel-savedstate-js:2.11.0
:m14	transitive	androidx.lifecycle:lifecycle-viewmodel-savedstate-wasm-js:2.11.0
:m14	transitive	androidx.lifecycle:lifecycle-viewmodel-savedstate:2.11.0
:m14	transitive	androidx.lifecycle:lifecycle-viewmodel-wasm-js:2.11.0
:m14	transitive	androidx.lifecycle:lifecycle-viewmodel:2.11.0
:m14	transitive	androidx.loader:loader:1.0.0
:m14	transitive	androidx.localbroadcastmanager:localbroadcastmanager:1.0.0
:m14	transitive	androidx.navigation3:navigation3-runtime-android:1.1.1
:m14	transitive	androidx.navigation3:navigation3-runtime-desktop:1.1.1
:m14	transitive	androidx.navigation3:navigation3-runtime-iosarm64:1.1.1
:m14	transitive	androidx.navigation3:navigation3-runtime-iossimulatorarm64:1.1.1
:m14	transitive	androidx.navigation3:navigation3-runtime-js:1.1.1
:m14	transitive	androidx.navigation3:navigation3-runtime-wasm-js:1.1.1
:m14	transitive	androidx.navigation3:navigation3-runtime:1.1.1
:m14	transitive	androidx.navigation3:navigation3-ui-android:1.1.1
:m14	transitive	androidx.navigation3:navigation3-ui:1.1.1
:m14	transitive	androidx.navigationevent:navigationevent-android:1.0.2
:m14	transitive	androidx.navigationevent:navigationevent-compose-android:1.0.2
:m14	transitive	androidx.navigationevent:navigationevent-compose:1.0.2
:m14	transitive	androidx.navigationevent:navigationevent-desktop:1.0.2
:m14	transitive	androidx.navigationevent:navigationevent-iosarm64:1.0.2
:m14	transitive	androidx.navigationevent:navigationevent-iossimulatorarm64:1.0.2
:m14	transitive	androidx.navigationevent:navigationevent-js:1.0.2
:m14	transitive	androidx.navigationevent:navigationevent-wasm-js:1.0.2
:m14	transitive	androidx.navigationevent:navigationevent:1.0.2
:m14	transitive	androidx.print:print:1.0.0
:m14	transitive	androidx.profileinstaller:profileinstaller:1.4.0
:m14	transitive	androidx.resourceinspection:resourceinspection-annotation:1.0.1
:m14	transitive	androidx.savedstate:savedstate-android:1.4.0
:m14	transitive	androidx.savedstate:savedstate-compose-android:1.4.0
:m14	transitive	androidx.savedstate:savedstate-compose-desktop:1.4.0
:m14	transitive	androidx.savedstate:savedstate-compose-iosarm64:1.4.0
:m14	transitive	androidx.savedstate:savedstate-compose-iossimulatorarm64:1.4.0
:m14	transitive	androidx.savedstate:savedstate-compose-js:1.4.0
:m14	transitive	androidx.savedstate:savedstate-compose-wasm-js:1.4.0
:m14	transitive	androidx.savedstate:savedstate-compose:1.4.0
:m14	transitive	androidx.savedstate:savedstate-desktop:1.4.0
:m14	transitive	androidx.savedstate:savedstate-iosarm64:1.4.0
:m14	transitive	androidx.savedstate:savedstate-iossimulatorarm64:1.4.0
:m14	transitive	androidx.savedstate:savedstate-js:1.4.0
:m14	transitive	androidx.savedstate:savedstate-ktx:1.4.0
:m14	transitive	androidx.savedstate:savedstate-wasm-js:1.4.0
:m14	transitive	androidx.savedstate:savedstate:1.4.0
:m14	transitive	androidx.startup:startup-runtime:1.2.0
:m14	transitive	androidx.tracing:tracing:1.2.0
:m14	transitive	androidx.transition:transition:1.6.0
:m14	transitive	androidx.vectordrawable:vectordrawable-animated:1.1.0
:m14	transitive	androidx.vectordrawable:vectordrawable:1.1.0
:m14	transitive	androidx.versionedparcelable:versionedparcelable:1.1.1
:m14	transitive	androidx.viewpager:viewpager:1.0.0
:m14	transitive	androidx.window:window-core-android:1.5.0
:m14	transitive	androidx.window:window-core:1.5.0
:m14	transitive	androidx.window:window:1.5.0
:m14	transitive	co.touchlab:stately-concurrency-iosarm64:2.1.0
:m14	transitive	co.touchlab:stately-concurrency-iossimulatorarm64:2.1.0
:m14	transitive	co.touchlab:stately-concurrency-js:2.1.0
:m14	transitive	co.touchlab:stately-concurrency-jvm:2.1.0
:m14	transitive	co.touchlab:stately-concurrency-wasm-js:2.1.0
:m14	transitive	co.touchlab:stately-concurrency:2.1.0
:m14	transitive	co.touchlab:stately-concurrent-collections-iosarm64:2.1.0
:m14	transitive	co.touchlab:stately-concurrent-collections-iossimulatorarm64:2.1.0
:m14	transitive	co.touchlab:stately-concurrent-collections-js:2.1.0
:m14	transitive	co.touchlab:stately-concurrent-collections-jvm:2.1.0
:m14	transitive	co.touchlab:stately-concurrent-collections-wasm-js:2.1.0
:m14	transitive	co.touchlab:stately-concurrent-collections:2.1.0
:m14	transitive	co.touchlab:stately-strict-iosarm64:2.1.0
:m14	transitive	co.touchlab:stately-strict-iossimulatorarm64:2.1.0
:m14	transitive	co.touchlab:stately-strict-js:2.1.0
:m14	transitive	co.touchlab:stately-strict-jvm:2.1.0
:m14	transitive	co.touchlab:stately-strict-wasm-js:2.1.0
:m14	transitive	co.touchlab:stately-strict:2.1.0
:m14	transitive	com.google.guava:listenablefuture:1.0
:m14	transitive	io.github.aughtone:format-datetime-android:3.1.0
:m14	transitive	io.github.aughtone:format-datetime-iosarm64:3.1.0
:m14	transitive	io.github.aughtone:format-datetime-iossimulatorarm64:3.1.0
:m14	transitive	io.github.aughtone:format-datetime-js:3.1.0
:m14	transitive	io.github.aughtone:format-datetime-jvm:3.1.0
:m14	transitive	io.github.aughtone:format-datetime-wasm-js:3.1.0
:m14	transitive	io.github.aughtone:format-readable-android:3.1.0
:m14	transitive	io.github.aughtone:format-readable-iosarm64:3.1.0
:m14	transitive	io.github.aughtone:format-readable-iossimulatorarm64:3.1.0
:m14	transitive	io.github.aughtone:format-readable-js:3.1.0
:m14	transitive	io.github.aughtone:format-readable-jvm:3.1.0
:m14	transitive	io.github.aughtone:format-readable-wasm-js:3.1.0
:m14	transitive	io.github.aughtone:format-toolbox-android:3.1.0
:m14	transitive	io.github.aughtone:format-toolbox-iosarm64:3.1.0
:m14	transitive	io.github.aughtone:format-toolbox-iossimulatorarm64:3.1.0
:m14	transitive	io.github.aughtone:format-toolbox-js:3.1.0
:m14	transitive	io.github.aughtone:format-toolbox-jvm:3.1.0
:m14	transitive	io.github.aughtone:format-toolbox-wasm-js:3.1.0
:m14	transitive	io.github.aughtone:types-android:3.2.0
:m14	transitive	io.github.aughtone:types-iosarm64:3.2.0
:m14	transitive	io.github.aughtone:types-iossimulatorarm64:3.2.0
:m14	transitive	io.github.aughtone:types-js:3.2.0
:m14	transitive	io.github.aughtone:types-jvm:3.2.0
:m14	transitive	io.github.aughtone:types-wasm-js:3.2.0
:m14	transitive	io.github.aughtone:types:3.2.0
:m14	transitive	io.github.turansky.seskar:seskar-core-wasm-js:4.60.0
:m14	transitive	io.github.turansky.seskar:seskar-core:4.60.0
:m14	transitive	io.insert-koin:koin-android:4.2.2
:m14	transitive	io.insert-koin:koin-compose-android:4.2.2
:m14	transitive	io.insert-koin:koin-compose-iosarm64:4.2.2
:m14	transitive	io.insert-koin:koin-compose-iossimulatorarm64:4.2.2
:m14	transitive	io.insert-koin:koin-compose-js:4.2.2
:m14	transitive	io.insert-koin:koin-compose-jvm:4.2.2
:m14	transitive	io.insert-koin:koin-compose-viewmodel-android:4.2.2
:m14	transitive	io.insert-koin:koin-compose-viewmodel-iosarm64:4.2.2
:m14	transitive	io.insert-koin:koin-compose-viewmodel-iossimulatorarm64:4.2.2
:m14	transitive	io.insert-koin:koin-compose-viewmodel-js:4.2.2
:m14	transitive	io.insert-koin:koin-compose-viewmodel-jvm:4.2.2
:m14	transitive	io.insert-koin:koin-compose-viewmodel-wasm-js:4.2.2
:m14	transitive	io.insert-koin:koin-compose-wasm-js:4.2.2
:m14	transitive	io.insert-koin:koin-core-iosarm64:4.2.2
:m14	transitive	io.insert-koin:koin-core-iossimulatorarm64:4.2.2
:m14	transitive	io.insert-koin:koin-core-js:4.2.2
:m14	transitive	io.insert-koin:koin-core-jvm:4.2.2
:m14	transitive	io.insert-koin:koin-core-viewmodel-android:4.2.2
:m14	transitive	io.insert-koin:koin-core-viewmodel-iosarm64:4.2.2
:m14	transitive	io.insert-koin:koin-core-viewmodel-iossimulatorarm64:4.2.2
:m14	transitive	io.insert-koin:koin-core-viewmodel-js:4.2.2
:m14	transitive	io.insert-koin:koin-core-viewmodel-jvm:4.2.2
:m14	transitive	io.insert-koin:koin-core-viewmodel-wasm-js:4.2.2
:m14	transitive	io.insert-koin:koin-core-viewmodel:4.2.2
:m14	transitive	io.insert-koin:koin-core-wasm-js:4.2.2
:m14	transitive	junit:junit:4.13.2
:m14	transitive	org.hamcrest:hamcrest-core:1.3
:m14	transitive	org.jetbrains.androidx.lifecycle:lifecycle-common-iosarm64:2.11.0
:m14	transitive	org.jetbrains.androidx.lifecycle:lifecycle-common-iossimulatorarm64:2.11.0
:m14	transitive	org.jetbrains.androidx.lifecycle:lifecycle-common-js:2.11.0
:m14	transitive	org.jetbrains.androidx.lifecycle:lifecycle-common-jvm:2.11.0
:m14	transitive	org.jetbrains.androidx.lifecycle:lifecycle-common-wasm-js:2.11.0
:m14	transitive	org.jetbrains.androidx.lifecycle:lifecycle-common:2.11.0
:m14	transitive	org.jetbrains.androidx.lifecycle:lifecycle-runtime-android:2.11.0
:m14	transitive	org.jetbrains.androidx.lifecycle:lifecycle-runtime-compose-android:2.11.0
:m14	transitive	org.jetbrains.androidx.lifecycle:lifecycle-runtime-compose-desktop:2.11.0
:m14	transitive	org.jetbrains.androidx.lifecycle:lifecycle-runtime-compose-iosarm64:2.11.0
:m14	transitive	org.jetbrains.androidx.lifecycle:lifecycle-runtime-compose-iossimulatorarm64:2.11.0
:m14	transitive	org.jetbrains.androidx.lifecycle:lifecycle-runtime-compose-js:2.11.0
:m14	transitive	org.jetbrains.androidx.lifecycle:lifecycle-runtime-compose-wasm-js:2.11.0
:m14	transitive	org.jetbrains.androidx.lifecycle:lifecycle-runtime-desktop:2.11.0
:m14	transitive	org.jetbrains.androidx.lifecycle:lifecycle-runtime-iosarm64:2.11.0
:m14	transitive	org.jetbrains.androidx.lifecycle:lifecycle-runtime-iossimulatorarm64:2.11.0
:m14	transitive	org.jetbrains.androidx.lifecycle:lifecycle-runtime-js:2.11.0
:m14	transitive	org.jetbrains.androidx.lifecycle:lifecycle-runtime-wasm-js:2.11.0
:m14	transitive	org.jetbrains.androidx.lifecycle:lifecycle-runtime:2.11.0
:m14	transitive	org.jetbrains.androidx.lifecycle:lifecycle-viewmodel-android:2.11.0
:m14	transitive	org.jetbrains.androidx.lifecycle:lifecycle-viewmodel-compose-android:2.11.0
:m14	transitive	org.jetbrains.androidx.lifecycle:lifecycle-viewmodel-compose-desktop:2.11.0
:m14	transitive	org.jetbrains.androidx.lifecycle:lifecycle-viewmodel-compose-iosarm64:2.11.0
:m14	transitive	org.jetbrains.androidx.lifecycle:lifecycle-viewmodel-compose-iossimulatorarm64:2.11.0
:m14	transitive	org.jetbrains.androidx.lifecycle:lifecycle-viewmodel-compose-js:2.11.0
:m14	transitive	org.jetbrains.androidx.lifecycle:lifecycle-viewmodel-compose-wasm-js:2.11.0
:m14	transitive	org.jetbrains.androidx.lifecycle:lifecycle-viewmodel-desktop:2.11.0
:m14	transitive	org.jetbrains.androidx.lifecycle:lifecycle-viewmodel-iosarm64:2.11.0
:m14	transitive	org.jetbrains.androidx.lifecycle:lifecycle-viewmodel-iossimulatorarm64:2.11.0
:m14	transitive	org.jetbrains.androidx.lifecycle:lifecycle-viewmodel-js:2.11.0
:m14	transitive	org.jetbrains.androidx.lifecycle:lifecycle-viewmodel-navigation3-android:2.11.0
:m14	transitive	org.jetbrains.androidx.lifecycle:lifecycle-viewmodel-navigation3-desktop:2.11.0
:m14	transitive	org.jetbrains.androidx.lifecycle:lifecycle-viewmodel-navigation3-iosarm64:2.11.0
:m14	transitive	org.jetbrains.androidx.lifecycle:lifecycle-viewmodel-navigation3-iossimulatorarm64:2.11.0
:m14	transitive	org.jetbrains.androidx.lifecycle:lifecycle-viewmodel-navigation3-js:2.11.0
:m14	transitive	org.jetbrains.androidx.lifecycle:lifecycle-viewmodel-navigation3-wasm-js:2.11.0
:m14	transitive	org.jetbrains.androidx.lifecycle:lifecycle-viewmodel-savedstate-android:2.11.0
:m14	transitive	org.jetbrains.androidx.lifecycle:lifecycle-viewmodel-savedstate-desktop:2.11.0
:m14	transitive	org.jetbrains.androidx.lifecycle:lifecycle-viewmodel-savedstate-iosarm64:2.11.0
:m14	transitive	org.jetbrains.androidx.lifecycle:lifecycle-viewmodel-savedstate-iossimulatorarm64:2.11.0
:m14	transitive	org.jetbrains.androidx.lifecycle:lifecycle-viewmodel-savedstate-js:2.11.0
:m14	transitive	org.jetbrains.androidx.lifecycle:lifecycle-viewmodel-savedstate-wasm-js:2.11.0
:m14	transitive	org.jetbrains.androidx.lifecycle:lifecycle-viewmodel-savedstate:2.11.0
:m14	transitive	org.jetbrains.androidx.lifecycle:lifecycle-viewmodel-wasm-js:2.11.0
:m14	transitive	org.jetbrains.androidx.lifecycle:lifecycle-viewmodel:2.11.0
:m14	transitive	org.jetbrains.androidx.navigation3:navigation3-ui-desktop:1.1.1
:m14	transitive	org.jetbrains.androidx.navigation3:navigation3-ui-iosarm64:1.1.1
:m14	transitive	org.jetbrains.androidx.navigation3:navigation3-ui-iossimulatorarm64:1.1.1
:m14	transitive	org.jetbrains.androidx.navigation3:navigation3-ui-js:1.1.1
:m14	transitive	org.jetbrains.androidx.navigation3:navigation3-ui-wasm-js:1.1.1
:m14	transitive	org.jetbrains.androidx.navigationevent:navigationevent-compose-desktop:1.0.1
:m14	transitive	org.jetbrains.androidx.navigationevent:navigationevent-compose-js:1.0.1
:m14	transitive	org.jetbrains.androidx.navigationevent:navigationevent-compose-uikitarm64:1.0.1
:m14	transitive	org.jetbrains.androidx.navigationevent:navigationevent-compose-uikitsimarm64:1.0.1
:m14	transitive	org.jetbrains.androidx.navigationevent:navigationevent-compose-wasm-js:1.0.1
:m14	transitive	org.jetbrains.androidx.navigationevent:navigationevent-compose:1.0.1
:m14	transitive	org.jetbrains.androidx.savedstate:savedstate-compose-desktop:1.4.0
:m14	transitive	org.jetbrains.androidx.savedstate:savedstate-compose-js:1.4.0
:m14	transitive	org.jetbrains.androidx.savedstate:savedstate-compose-uikitarm64:1.4.0
:m14	transitive	org.jetbrains.androidx.savedstate:savedstate-compose-uikitsimarm64:1.4.0
:m14	transitive	org.jetbrains.androidx.savedstate:savedstate-compose-wasm-js:1.4.0
:m14	transitive	org.jetbrains.androidx.savedstate:savedstate-compose:1.4.0
:m14	transitive	org.jetbrains.androidx.savedstate:savedstate-js:1.4.0
:m14	transitive	org.jetbrains.androidx.savedstate:savedstate-wasm-js:1.4.0
:m14	transitive	org.jetbrains.androidx.savedstate:savedstate:1.4.0
:m14	transitive	org.jetbrains.compose.animation:animation-core-desktop:1.11.1
:m14	transitive	org.jetbrains.compose.animation:animation-core-iosarm64:1.11.1
:m14	transitive	org.jetbrains.compose.animation:animation-core-iossimulatorarm64:1.11.1
:m14	transitive	org.jetbrains.compose.animation:animation-core-js:1.11.1
:m14	transitive	org.jetbrains.compose.animation:animation-core-wasm-js:1.11.1
:m14	transitive	org.jetbrains.compose.animation:animation-core:1.11.1
:m14	transitive	org.jetbrains.compose.animation:animation-desktop:1.11.1
:m14	transitive	org.jetbrains.compose.animation:animation-iosarm64:1.11.1
:m14	transitive	org.jetbrains.compose.animation:animation-iossimulatorarm64:1.11.1
:m14	transitive	org.jetbrains.compose.animation:animation-js:1.11.1
:m14	transitive	org.jetbrains.compose.animation:animation-wasm-js:1.11.1
:m14	transitive	org.jetbrains.compose.animation:animation:1.11.1
:m14	transitive	org.jetbrains.compose.annotation-internal:annotation-js:1.10.0
:m14	transitive	org.jetbrains.compose.annotation-internal:annotation-wasm-js:1.10.0
:m14	transitive	org.jetbrains.compose.annotation-internal:annotation:1.10.0
:m14	transitive	org.jetbrains.compose.collection-internal:collection-js:1.10.0
:m14	transitive	org.jetbrains.compose.collection-internal:collection-wasm-js:1.10.0
:m14	transitive	org.jetbrains.compose.collection-internal:collection:1.10.0
:m14	transitive	org.jetbrains.compose.collection-internal:collection:1.9.3
:m14	transitive	org.jetbrains.compose.components:components-resources-android:1.11.1
:m14	transitive	org.jetbrains.compose.components:components-resources-desktop:1.11.1
:m14	transitive	org.jetbrains.compose.components:components-resources-iosArm64:1.11.1
:m14	transitive	org.jetbrains.compose.components:components-resources-iosSimulatorArm64:1.11.1
:m14	transitive	org.jetbrains.compose.components:components-resources-js:1.11.1
:m14	transitive	org.jetbrains.compose.components:components-resources-wasmJs:1.11.1
:m14	transitive	org.jetbrains.compose.foundation:foundation-desktop:1.11.1
:m14	transitive	org.jetbrains.compose.foundation:foundation-iosarm64:1.11.1
:m14	transitive	org.jetbrains.compose.foundation:foundation-iossimulatorarm64:1.11.1
:m14	transitive	org.jetbrains.compose.foundation:foundation-js:1.11.1
:m14	transitive	org.jetbrains.compose.foundation:foundation-layout-desktop:1.11.1
:m14	transitive	org.jetbrains.compose.foundation:foundation-layout-iosarm64:1.11.1
:m14	transitive	org.jetbrains.compose.foundation:foundation-layout-iossimulatorarm64:1.11.1
:m14	transitive	org.jetbrains.compose.foundation:foundation-layout-js:1.11.1
:m14	transitive	org.jetbrains.compose.foundation:foundation-layout-wasm-js:1.11.1
:m14	transitive	org.jetbrains.compose.foundation:foundation-layout:1.11.1
:m14	transitive	org.jetbrains.compose.foundation:foundation-wasm-js:1.11.1
:m14	transitive	org.jetbrains.compose.hot-reload:hot-reload-annotations-jvm:1.1.1
:m14	transitive	org.jetbrains.compose.hot-reload:hot-reload-annotations:1.1.1
:m14	transitive	org.jetbrains.compose.hot-reload:hot-reload-core:1.1.1
:m14	transitive	org.jetbrains.compose.hot-reload:hot-reload-devtools-api:1.1.1
:m14	transitive	org.jetbrains.compose.hot-reload:hot-reload-orchestration:1.1.1
:m14	transitive	org.jetbrains.compose.material3:material3-desktop:1.10.0-alpha05
:m14	transitive	org.jetbrains.compose.material3:material3-js:1.10.0-alpha05
:m14	transitive	org.jetbrains.compose.material3:material3-uikitarm64:1.10.0-alpha05
:m14	transitive	org.jetbrains.compose.material3:material3-uikitsimarm64:1.10.0-alpha05
:m14	transitive	org.jetbrains.compose.material3:material3-wasm-js:1.10.0-alpha05
:m14	transitive	org.jetbrains.compose.material:material-icons-core-desktop:1.7.3
:m14	transitive	org.jetbrains.compose.material:material-icons-core-js:1.7.3
:m14	transitive	org.jetbrains.compose.material:material-icons-core-uikitarm64:1.7.3
:m14	transitive	org.jetbrains.compose.material:material-icons-core-uikitsimarm64:1.7.3
:m14	transitive	org.jetbrains.compose.material:material-icons-core-wasm-js:1.7.3
:m14	transitive	org.jetbrains.compose.material:material-icons-core:1.7.3
:m14	transitive	org.jetbrains.compose.material:material-icons-extended-desktop:1.7.3
:m14	transitive	org.jetbrains.compose.material:material-icons-extended-js:1.7.3
:m14	transitive	org.jetbrains.compose.material:material-icons-extended-uikitarm64:1.7.3
:m14	transitive	org.jetbrains.compose.material:material-icons-extended-uikitsimarm64:1.7.3
:m14	transitive	org.jetbrains.compose.material:material-icons-extended-wasm-js:1.7.3
:m14	transitive	org.jetbrains.compose.material:material-ripple-desktop:1.9.3
:m14	transitive	org.jetbrains.compose.material:material-ripple-js:1.9.3
:m14	transitive	org.jetbrains.compose.material:material-ripple-uikitarm64:1.9.3
:m14	transitive	org.jetbrains.compose.material:material-ripple-uikitsimarm64:1.9.3
:m14	transitive	org.jetbrains.compose.material:material-ripple-wasm-js:1.9.3
:m14	transitive	org.jetbrains.compose.material:material-ripple:1.9.3
:m14	transitive	org.jetbrains.compose.runtime:runtime-desktop:1.11.1
:m14	transitive	org.jetbrains.compose.runtime:runtime-iosarm64:1.11.1
:m14	transitive	org.jetbrains.compose.runtime:runtime-iossimulatorarm64:1.11.1
:m14	transitive	org.jetbrains.compose.runtime:runtime-js:1.11.1
:m14	transitive	org.jetbrains.compose.runtime:runtime-saveable-desktop:1.11.1
:m14	transitive	org.jetbrains.compose.runtime:runtime-saveable-iosarm64:1.11.1
:m14	transitive	org.jetbrains.compose.runtime:runtime-saveable-iossimulatorarm64:1.11.1
:m14	transitive	org.jetbrains.compose.runtime:runtime-saveable-js:1.11.1
:m14	transitive	org.jetbrains.compose.runtime:runtime-saveable-wasm-js:1.11.1
:m14	transitive	org.jetbrains.compose.runtime:runtime-saveable:1.11.1
:m14	transitive	org.jetbrains.compose.runtime:runtime-wasm-js:1.11.1
:m14	transitive	org.jetbrains.compose.ui:ui-backhandler-android:1.11.1
:m14	transitive	org.jetbrains.compose.ui:ui-backhandler-desktop:1.11.1
:m14	transitive	org.jetbrains.compose.ui:ui-backhandler-iosarm64:1.11.1
:m14	transitive	org.jetbrains.compose.ui:ui-backhandler-iossimulatorarm64:1.11.1
:m14	transitive	org.jetbrains.compose.ui:ui-backhandler-js:1.11.1
:m14	transitive	org.jetbrains.compose.ui:ui-backhandler-wasm-js:1.11.1
:m14	transitive	org.jetbrains.compose.ui:ui-desktop:1.11.1
:m14	transitive	org.jetbrains.compose.ui:ui-geometry-desktop:1.11.1
:m14	transitive	org.jetbrains.compose.ui:ui-geometry-iosarm64:1.11.1
:m14	transitive	org.jetbrains.compose.ui:ui-geometry-iossimulatorarm64:1.11.1
:m14	transitive	org.jetbrains.compose.ui:ui-geometry-js:1.11.1
:m14	transitive	org.jetbrains.compose.ui:ui-geometry-wasm-js:1.11.1
:m14	transitive	org.jetbrains.compose.ui:ui-geometry:1.11.1
:m14	transitive	org.jetbrains.compose.ui:ui-graphics-desktop:1.11.1
:m14	transitive	org.jetbrains.compose.ui:ui-graphics-iosarm64:1.11.1
:m14	transitive	org.jetbrains.compose.ui:ui-graphics-iossimulatorarm64:1.11.1
:m14	transitive	org.jetbrains.compose.ui:ui-graphics-js:1.11.1
:m14	transitive	org.jetbrains.compose.ui:ui-graphics-wasm-js:1.11.1
:m14	transitive	org.jetbrains.compose.ui:ui-graphics:1.11.1
:m14	transitive	org.jetbrains.compose.ui:ui-iosarm64:1.11.1
:m14	transitive	org.jetbrains.compose.ui:ui-iossimulatorarm64:1.11.1
:m14	transitive	org.jetbrains.compose.ui:ui-js:1.11.1
:m14	transitive	org.jetbrains.compose.ui:ui-text-desktop:1.11.1
:m14	transitive	org.jetbrains.compose.ui:ui-text-iosarm64:1.11.1
:m14	transitive	org.jetbrains.compose.ui:ui-text-iossimulatorarm64:1.11.1
:m14	transitive	org.jetbrains.compose.ui:ui-text-js:1.11.1
:m14	transitive	org.jetbrains.compose.ui:ui-text-wasm-js:1.11.1
:m14	transitive	org.jetbrains.compose.ui:ui-text:1.11.1
:m14	transitive	org.jetbrains.compose.ui:ui-tooling-preview-desktop:1.11.1
:m14	transitive	org.jetbrains.compose.ui:ui-tooling-preview-iosarm64:1.11.1
:m14	transitive	org.jetbrains.compose.ui:ui-tooling-preview-iossimulatorarm64:1.11.1
:m14	transitive	org.jetbrains.compose.ui:ui-tooling-preview-js:1.11.1
:m14	transitive	org.jetbrains.compose.ui:ui-tooling-preview-wasm-js:1.11.1
:m14	transitive	org.jetbrains.compose.ui:ui-uikit-iosarm64:1.11.1
:m14	transitive	org.jetbrains.compose.ui:ui-uikit-iossimulatorarm64:1.11.1
:m14	transitive	org.jetbrains.compose.ui:ui-uikit:1.11.1
:m14	transitive	org.jetbrains.compose.ui:ui-unit-desktop:1.11.1
:m14	transitive	org.jetbrains.compose.ui:ui-unit-iosarm64:1.11.1
:m14	transitive	org.jetbrains.compose.ui:ui-unit-iossimulatorarm64:1.11.1
:m14	transitive	org.jetbrains.compose.ui:ui-unit-js:1.11.1
:m14	transitive	org.jetbrains.compose.ui:ui-unit-wasm-js:1.11.1
:m14	transitive	org.jetbrains.compose.ui:ui-unit:1.11.1
:m14	transitive	org.jetbrains.compose.ui:ui-util-desktop:1.11.1
:m14	transitive	org.jetbrains.compose.ui:ui-util-iosarm64:1.11.1
:m14	transitive	org.jetbrains.compose.ui:ui-util-iossimulatorarm64:1.11.1
:m14	transitive	org.jetbrains.compose.ui:ui-util-js:1.11.1
:m14	transitive	org.jetbrains.compose.ui:ui-util-wasm-js:1.11.1
:m14	transitive	org.jetbrains.compose.ui:ui-util:1.11.1
:m14	transitive	org.jetbrains.compose.ui:ui-wasm-js:1.11.1
:m14	transitive	org.jetbrains.kotlin-wrappers:kotlin-browser-wasm-js:2026.7.1
:m14	transitive	org.jetbrains.kotlin-wrappers:kotlin-browser:2026.7.1
:m14	transitive	org.jetbrains.kotlin-wrappers:kotlin-cssom-core-wasm-js:2026.7.1
:m14	transitive	org.jetbrains.kotlin-wrappers:kotlin-cssom-core:2026.7.1
:m14	transitive	org.jetbrains.kotlin-wrappers:kotlin-js-core-wasm-js:2026.7.1
:m14	transitive	org.jetbrains.kotlin-wrappers:kotlin-js-core:2026.7.1
:m14	transitive	org.jetbrains.kotlin-wrappers:kotlin-js-plain-object-wasm-js:2026.7.1
:m14	transitive	org.jetbrains.kotlin-wrappers:kotlin-js-plain-object:2026.7.1
:m14	transitive	org.jetbrains.kotlin-wrappers:kotlin-js-wasm-js:2026.7.1
:m14	transitive	org.jetbrains.kotlin-wrappers:kotlin-js:2026.7.1
:m14	transitive	org.jetbrains.kotlin-wrappers:kotlin-web-wasm-js:2026.7.1
:m14	transitive	org.jetbrains.kotlin-wrappers:kotlin-web:2026.7.1
:m14	transitive	org.jetbrains.kotlin:kotlin-stdlib-common:2.4.10
:m14	transitive	org.jetbrains.kotlin:kotlin-stdlib-js:2.4.10
:m14	transitive	org.jetbrains.kotlin:kotlin-stdlib-wasm-js:2.4.10
:m14	transitive	org.jetbrains.kotlin:kotlin-test-js:2.4.10
:m14	transitive	org.jetbrains.kotlin:kotlin-test-junit:2.4.10
:m14	transitive	org.jetbrains.kotlin:kotlin-test-wasm-js:2.4.10
:m14	transitive	org.jetbrains.kotlin:kotlinx-atomicfu-runtime:2.2.20
:m14	transitive	org.jetbrains.kotlinx:atomicfu-iosarm64:0.28.0
:m14	transitive	org.jetbrains.kotlinx:atomicfu-iossimulatorarm64:0.28.0
:m14	transitive	org.jetbrains.kotlinx:atomicfu-js:0.25.0
:m14	transitive	org.jetbrains.kotlinx:atomicfu-js:0.28.0
:m14	transitive	org.jetbrains.kotlinx:atomicfu-jvm:0.28.0
:m14	transitive	org.jetbrains.kotlinx:atomicfu-wasm-js:0.25.0
:m14	transitive	org.jetbrains.kotlinx:atomicfu-wasm-js:0.32.1
:m14	transitive	org.jetbrains.kotlinx:atomicfu:0.28.0
:m14	transitive	org.jetbrains.kotlinx:atomicfu:0.32.1
:m14	transitive	org.jetbrains.kotlinx:kotlinx-browser-js:0.5.0
:m14	transitive	org.jetbrains.kotlinx:kotlinx-browser-wasm-js:0.5.0
:m14	transitive	org.jetbrains.kotlinx:kotlinx-browser:0.5.0
:m14	transitive	org.jetbrains.kotlinx:kotlinx-coroutines-android:1.9.0
:m14	transitive	org.jetbrains.kotlinx:kotlinx-coroutines-bom:1.9.0
:m14	transitive	org.jetbrains.kotlinx:kotlinx-coroutines-core-iosarm64:1.9.0
:m14	transitive	org.jetbrains.kotlinx:kotlinx-coroutines-core-iossimulatorarm64:1.9.0
:m14	transitive	org.jetbrains.kotlinx:kotlinx-coroutines-core-js:1.9.0
:m14	transitive	org.jetbrains.kotlinx:kotlinx-coroutines-core-jvm:1.9.0
:m14	transitive	org.jetbrains.kotlinx:kotlinx-coroutines-core-wasm-js:1.11.0
:m14	transitive	org.jetbrains.kotlinx:kotlinx-coroutines-core-wasm-js:1.9.0
:m14	transitive	org.jetbrains.kotlinx:kotlinx-coroutines-core:1.11.0
:m14	transitive	org.jetbrains.kotlinx:kotlinx-coroutines-core:1.9.0
:m14	transitive	org.jetbrains.kotlinx:kotlinx-datetime-iosarm64:0.8.0
:m14	transitive	org.jetbrains.kotlinx:kotlinx-datetime-iossimulatorarm64:0.8.0
:m14	transitive	org.jetbrains.kotlinx:kotlinx-datetime-js:0.8.0
:m14	transitive	org.jetbrains.kotlinx:kotlinx-datetime-jvm:0.8.0
:m14	transitive	org.jetbrains.kotlinx:kotlinx-datetime-wasm-js:0.8.0
:m14	transitive	org.jetbrains.kotlinx:kotlinx-datetime:0.8.0
:m14	transitive	org.jetbrains.kotlinx:kotlinx-serialization-bom:1.11.0
:m14	transitive	org.jetbrains.kotlinx:kotlinx-serialization-core-iosarm64:1.11.0
:m14	transitive	org.jetbrains.kotlinx:kotlinx-serialization-core-iossimulatorarm64:1.11.0
:m14	transitive	org.jetbrains.kotlinx:kotlinx-serialization-core-js:1.11.0
:m14	transitive	org.jetbrains.kotlinx:kotlinx-serialization-core-jvm:1.11.0
:m14	transitive	org.jetbrains.kotlinx:kotlinx-serialization-core-wasm-js:1.11.0
:m14	transitive	org.jetbrains.kotlinx:kotlinx-serialization-core:1.11.0
:m14	transitive	org.jetbrains.kotlinx:kotlinx-serialization-json-iosarm64:1.11.0
:m14	transitive	org.jetbrains.kotlinx:kotlinx-serialization-json-iossimulatorarm64:1.11.0
:m14	transitive	org.jetbrains.kotlinx:kotlinx-serialization-json-js:1.11.0
:m14	transitive	org.jetbrains.kotlinx:kotlinx-serialization-json-jvm:1.11.0
:m14	transitive	org.jetbrains.kotlinx:kotlinx-serialization-json-wasm-js:1.11.0
:m14	transitive	org.jetbrains.kotlinx:kotlinx-serialization-json:1.11.0
:m14	transitive	org.jetbrains.runtime:jbr-api:1.9.0
:m14	transitive	org.jetbrains.skiko:skiko-awt:0.144.6
:m14	transitive	org.jetbrains.skiko:skiko-iosarm64:0.144.6
:m14	transitive	org.jetbrains.skiko:skiko-iossimulatorarm64:0.144.6
:m14	transitive	org.jetbrains.skiko:skiko-js-wasm-runtime:0.144.6
:m14	transitive	org.jetbrains.skiko:skiko-js:0.144.6
:m14	transitive	org.jetbrains.skiko:skiko-wasm-js:0.144.6
:m14	transitive	org.jetbrains.skiko:skiko:0.144.6
:m14	transitive	org.jetbrains:annotations:23.0.0
:m14	transitive	org.jspecify:jspecify:1.0.0
:m15	direct	androidx.activity:activity-compose:1.13.0
:m15	direct	androidx.credentials:credentials-play-services-auth:1.6.0
:m15	direct	androidx.credentials:credentials:1.6.0
:m15	direct	androidx.startup:startup-runtime:1.2.0
:m15	direct	com.google.android.libraries.identity.googleid:googleid:1.2.0
:m15	direct	com.mikepenz:multiplatform-markdown-renderer-m3:0.43.0
:m15	direct	com.mikepenz:multiplatform-markdown-renderer:0.43.0
:m15	direct	eu.anifantakis:ksafe:3.0.0
:m15	direct	io.insert-koin:koin-android:4.2.2
:m15	direct	io.insert-koin:koin-compose-viewmodel:4.2.2
:m15	direct	io.insert-koin:koin-compose:4.2.2
:m15	direct	io.insert-koin:koin-core:4.2.2
:m15	direct	org.jetbrains.androidx.lifecycle:lifecycle-viewmodel-compose:2.11.0
:m15	direct	org.jetbrains.compose.components:components-resources:1.11.1
:m15	direct	org.jetbrains.compose.foundation:foundation:1.11.1
:m15	direct	org.jetbrains.compose.hot-reload:hot-reload-runtime-jvm:1.1.1
:m15	direct	org.jetbrains.compose.material3.adaptive:adaptive-layout:1.3.0-beta02
:m15	direct	org.jetbrains.compose.material3.adaptive:adaptive:1.3.0-beta02
:m15	direct	org.jetbrains.compose.material3:material3:1.10.0-alpha05
:m15	direct	org.jetbrains.compose.material:material-icons-extended:1.7.3
:m15	direct	org.jetbrains.compose.runtime:runtime:1.11.1
:m15	direct	org.jetbrains.compose.ui:ui-tooling-preview:1.11.1
:m15	direct	org.jetbrains.compose.ui:ui-tooling:1.11.1
:m15	direct	org.jetbrains.compose.ui:ui:1.11.1
:m15	direct	org.jetbrains.kotlin:kotlin-dom-api-compat:2.4.10
:m15	direct	org.jetbrains.kotlin:kotlin-stdlib:2.4.10
:m15	direct	org.jetbrains.kotlin:kotlin-test:2.4.10
:m15	direct	org.jetbrains.kotlinx:kotlinx-coroutines-core:1.11.0
:m15	transitive	androidx.activity:activity-ktx:1.13.0
:m15	transitive	androidx.activity:activity:1.13.0
:m15	transitive	androidx.annotation:annotation-experimental:1.5.1
:m15	transitive	androidx.annotation:annotation-iosarm64:1.9.1
:m15	transitive	androidx.annotation:annotation-iossimulatorarm64:1.9.1
:m15	transitive	androidx.annotation:annotation-js:1.9.1
:m15	transitive	androidx.annotation:annotation-jvm:1.9.1
:m15	transitive	androidx.annotation:annotation-wasm-js:1.9.1
:m15	transitive	androidx.annotation:annotation:1.9.1
:m15	transitive	androidx.appcompat:appcompat-resources:1.7.1
:m15	transitive	androidx.appcompat:appcompat:1.7.1
:m15	transitive	androidx.arch.core:core-common:2.2.0
:m15	transitive	androidx.arch.core:core-runtime:2.2.0
:m15	transitive	androidx.autofill:autofill:1.0.0
:m15	transitive	androidx.biometric:biometric:1.1.0
:m15	transitive	androidx.collection:collection-iosarm64:1.5.0
:m15	transitive	androidx.collection:collection-iossimulatorarm64:1.5.0
:m15	transitive	androidx.collection:collection-js:1.5.0
:m15	transitive	androidx.collection:collection-jvm:1.5.0
:m15	transitive	androidx.collection:collection-ktx:1.5.0
:m15	transitive	androidx.collection:collection-wasm-js:1.5.0
:m15	transitive	androidx.collection:collection:1.5.0
:m15	transitive	androidx.compose.animation:animation-android:1.11.2
:m15	transitive	androidx.compose.animation:animation-core-android:1.11.2
:m15	transitive	androidx.compose.animation:animation-core:1.11.2
:m15	transitive	androidx.compose.animation:animation:1.11.2
:m15	transitive	androidx.compose.foundation:foundation-android:1.11.2
:m15	transitive	androidx.compose.foundation:foundation-layout-android:1.11.2
:m15	transitive	androidx.compose.foundation:foundation-layout:1.11.2
:m15	transitive	androidx.compose.foundation:foundation:1.11.2
:m15	transitive	androidx.compose.material3.adaptive:adaptive-android:1.3.0-beta02
:m15	transitive	androidx.compose.material3.adaptive:adaptive-layout-android:1.3.0-beta02
:m15	transitive	androidx.compose.material3.adaptive:adaptive-layout:1.3.0-beta02
:m15	transitive	androidx.compose.material3.adaptive:adaptive:1.3.0-beta02
:m15	transitive	androidx.compose.material3:material3-android:1.5.0-alpha08
:m15	transitive	androidx.compose.material3:material3:1.5.0-alpha08
:m15	transitive	androidx.compose.material:material-icons-core-android:1.7.6
:m15	transitive	androidx.compose.material:material-icons-core:1.7.6
:m15	transitive	androidx.compose.material:material-icons-extended-android:1.7.6
:m15	transitive	androidx.compose.material:material-icons-extended:1.7.6
:m15	transitive	androidx.compose.material:material-ripple-android:1.9.4
:m15	transitive	androidx.compose.material:material-ripple:1.9.4
:m15	transitive	androidx.compose.runtime:runtime-android:1.11.2
:m15	transitive	androidx.compose.runtime:runtime-annotation-android:1.11.2
:m15	transitive	androidx.compose.runtime:runtime-annotation-iosarm64:1.11.2
:m15	transitive	androidx.compose.runtime:runtime-annotation-iossimulatorarm64:1.11.2
:m15	transitive	androidx.compose.runtime:runtime-annotation-js:1.11.2
:m15	transitive	androidx.compose.runtime:runtime-annotation-jvm:1.11.2
:m15	transitive	androidx.compose.runtime:runtime-annotation-wasm-js:1.11.2
:m15	transitive	androidx.compose.runtime:runtime-annotation:1.11.2
:m15	transitive	androidx.compose.runtime:runtime-desktop:1.11.2
:m15	transitive	androidx.compose.runtime:runtime-iosarm64:1.11.2
:m15	transitive	androidx.compose.runtime:runtime-iossimulatorarm64:1.11.2
:m15	transitive	androidx.compose.runtime:runtime-js:1.11.2
:m15	transitive	androidx.compose.runtime:runtime-retain-android:1.11.2
:m15	transitive	androidx.compose.runtime:runtime-retain-desktop:1.11.2
:m15	transitive	androidx.compose.runtime:runtime-retain-iosarm64:1.11.2
:m15	transitive	androidx.compose.runtime:runtime-retain-iossimulatorarm64:1.11.2
:m15	transitive	androidx.compose.runtime:runtime-retain-js:1.11.2
:m15	transitive	androidx.compose.runtime:runtime-retain-wasm-js:1.11.2
:m15	transitive	androidx.compose.runtime:runtime-retain:1.11.2
:m15	transitive	androidx.compose.runtime:runtime-saveable-android:1.11.2
:m15	transitive	androidx.compose.runtime:runtime-saveable-desktop:1.11.2
:m15	transitive	androidx.compose.runtime:runtime-saveable-iosarm64:1.11.2
:m15	transitive	androidx.compose.runtime:runtime-saveable-iossimulatorarm64:1.11.2
:m15	transitive	androidx.compose.runtime:runtime-saveable-js:1.11.2
:m15	transitive	androidx.compose.runtime:runtime-saveable-wasm-js:1.11.2
:m15	transitive	androidx.compose.runtime:runtime-saveable:1.11.2
:m15	transitive	androidx.compose.runtime:runtime-wasm-js:1.11.2
:m15	transitive	androidx.compose.runtime:runtime:1.11.2
:m15	transitive	androidx.compose.ui:ui-android:1.11.2
:m15	transitive	androidx.compose.ui:ui-geometry-android:1.11.2
:m15	transitive	androidx.compose.ui:ui-geometry:1.11.2
:m15	transitive	androidx.compose.ui:ui-graphics-android:1.11.2
:m15	transitive	androidx.compose.ui:ui-graphics:1.11.2
:m15	transitive	androidx.compose.ui:ui-text-android:1.11.2
:m15	transitive	androidx.compose.ui:ui-text:1.11.2
:m15	transitive	androidx.compose.ui:ui-tooling-android:1.11.2
:m15	transitive	androidx.compose.ui:ui-tooling-data-android:1.11.2
:m15	transitive	androidx.compose.ui:ui-tooling-data:1.11.2
:m15	transitive	androidx.compose.ui:ui-tooling-preview-android:1.11.2
:m15	transitive	androidx.compose.ui:ui-tooling-preview:1.11.2
:m15	transitive	androidx.compose.ui:ui-tooling:1.11.2
:m15	transitive	androidx.compose.ui:ui-unit-android:1.11.2
:m15	transitive	androidx.compose.ui:ui-unit:1.11.2
:m15	transitive	androidx.compose.ui:ui-util-android:1.11.2
:m15	transitive	androidx.compose.ui:ui-util:1.11.2
:m15	transitive	androidx.compose.ui:ui:1.11.2
:m15	transitive	androidx.concurrent:concurrent-futures:1.1.0
:m15	transitive	androidx.core:core-ktx:1.18.0
:m15	transitive	androidx.core:core-viewtree:1.0.0
:m15	transitive	androidx.core:core:1.18.0
:m15	transitive	androidx.cursoradapter:cursoradapter:1.0.0
:m15	transitive	androidx.customview:customview-poolingcontainer:1.0.0
:m15	transitive	androidx.customview:customview:1.0.0
:m15	transitive	androidx.datastore:datastore-android:1.2.1
:m15	transitive	androidx.datastore:datastore-core-android:1.2.1
:m15	transitive	androidx.datastore:datastore-core-iosarm64:1.2.1
:m15	transitive	androidx.datastore:datastore-core-iossimulatorarm64:1.2.1
:m15	transitive	androidx.datastore:datastore-core-jvm:1.2.1
:m15	transitive	androidx.datastore:datastore-core-okio-iosarm64:1.2.1
:m15	transitive	androidx.datastore:datastore-core-okio-iossimulatorarm64:1.2.1
:m15	transitive	androidx.datastore:datastore-core-okio-jvm:1.2.1
:m15	transitive	androidx.datastore:datastore-core-okio:1.2.1
:m15	transitive	androidx.datastore:datastore-core:1.2.1
:m15	transitive	androidx.datastore:datastore-jvm:1.2.1
:m15	transitive	androidx.datastore:datastore-preferences-android:1.2.1
:m15	transitive	androidx.datastore:datastore-preferences-core-android:1.2.1
:m15	transitive	androidx.datastore:datastore-preferences-core-iosarm64:1.2.1
:m15	transitive	androidx.datastore:datastore-preferences-core-iossimulatorarm64:1.2.1
:m15	transitive	androidx.datastore:datastore-preferences-core-jvm:1.2.1
:m15	transitive	androidx.datastore:datastore-preferences-core:1.2.1
:m15	transitive	androidx.datastore:datastore-preferences-external-protobuf:1.2.1
:m15	transitive	androidx.datastore:datastore-preferences-jvm:1.2.1
:m15	transitive	androidx.datastore:datastore-preferences-proto:1.2.1
:m15	transitive	androidx.datastore:datastore-preferences:1.2.1
:m15	transitive	androidx.datastore:datastore:1.2.1
:m15	transitive	androidx.documentfile:documentfile:1.0.0
:m15	transitive	androidx.drawerlayout:drawerlayout:1.0.0
:m15	transitive	androidx.dynamicanimation:dynamicanimation:1.0.0
:m15	transitive	androidx.emoji2:emoji2-views-helper:1.4.0
:m15	transitive	androidx.emoji2:emoji2:1.4.0
:m15	transitive	androidx.fragment:fragment-ktx:1.8.9
:m15	transitive	androidx.fragment:fragment:1.8.9
:m15	transitive	androidx.graphics:graphics-path:1.0.1
:m15	transitive	androidx.graphics:graphics-shapes-android:1.1.0
:m15	transitive	androidx.graphics:graphics-shapes-desktop:1.1.0
:m15	transitive	androidx.graphics:graphics-shapes-iosarm64:1.1.0
:m15	transitive	androidx.graphics:graphics-shapes-iossimulatorarm64:1.1.0
:m15	transitive	androidx.graphics:graphics-shapes-js:1.1.0
:m15	transitive	androidx.graphics:graphics-shapes-wasm-js:1.1.0
:m15	transitive	androidx.graphics:graphics-shapes:1.1.0
:m15	transitive	androidx.interpolator:interpolator:1.0.0
:m15	transitive	androidx.legacy:legacy-support-core-utils:1.0.0
:m15	transitive	androidx.lifecycle:lifecycle-common-iosarm64:2.11.0
:m15	transitive	androidx.lifecycle:lifecycle-common-iossimulatorarm64:2.11.0
:m15	transitive	androidx.lifecycle:lifecycle-common-java8:2.11.0
:m15	transitive	androidx.lifecycle:lifecycle-common-js:2.11.0
:m15	transitive	androidx.lifecycle:lifecycle-common-jvm:2.11.0
:m15	transitive	androidx.lifecycle:lifecycle-common-wasm-js:2.11.0
:m15	transitive	androidx.lifecycle:lifecycle-common:2.11.0
:m15	transitive	androidx.lifecycle:lifecycle-livedata-core-ktx:2.11.0
:m15	transitive	androidx.lifecycle:lifecycle-livedata-core:2.11.0
:m15	transitive	androidx.lifecycle:lifecycle-livedata:2.11.0
:m15	transitive	androidx.lifecycle:lifecycle-process:2.11.0
:m15	transitive	androidx.lifecycle:lifecycle-runtime-android:2.11.0
:m15	transitive	androidx.lifecycle:lifecycle-runtime-compose-android:2.11.0
:m15	transitive	androidx.lifecycle:lifecycle-runtime-compose-desktop:2.11.0
:m15	transitive	androidx.lifecycle:lifecycle-runtime-compose-iosarm64:2.11.0
:m15	transitive	androidx.lifecycle:lifecycle-runtime-compose-iossimulatorarm64:2.11.0
:m15	transitive	androidx.lifecycle:lifecycle-runtime-compose-js:2.11.0
:m15	transitive	androidx.lifecycle:lifecycle-runtime-compose-wasm-js:2.11.0
:m15	transitive	androidx.lifecycle:lifecycle-runtime-compose:2.11.0
:m15	transitive	androidx.lifecycle:lifecycle-runtime-desktop:2.11.0
:m15	transitive	androidx.lifecycle:lifecycle-runtime-iosarm64:2.11.0
:m15	transitive	androidx.lifecycle:lifecycle-runtime-iossimulatorarm64:2.11.0
:m15	transitive	androidx.lifecycle:lifecycle-runtime-js:2.11.0
:m15	transitive	androidx.lifecycle:lifecycle-runtime-ktx-android:2.11.0
:m15	transitive	androidx.lifecycle:lifecycle-runtime-ktx:2.11.0
:m15	transitive	androidx.lifecycle:lifecycle-runtime-wasm-js:2.11.0
:m15	transitive	androidx.lifecycle:lifecycle-runtime:2.11.0
:m15	transitive	androidx.lifecycle:lifecycle-viewmodel-android:2.11.0
:m15	transitive	androidx.lifecycle:lifecycle-viewmodel-compose-android:2.11.0
:m15	transitive	androidx.lifecycle:lifecycle-viewmodel-compose-desktop:2.11.0
:m15	transitive	androidx.lifecycle:lifecycle-viewmodel-compose-iosarm64:2.11.0
:m15	transitive	androidx.lifecycle:lifecycle-viewmodel-compose-iossimulatorarm64:2.11.0
:m15	transitive	androidx.lifecycle:lifecycle-viewmodel-compose-js:2.11.0
:m15	transitive	androidx.lifecycle:lifecycle-viewmodel-compose-wasm-js:2.11.0
:m15	transitive	androidx.lifecycle:lifecycle-viewmodel-compose:2.11.0
:m15	transitive	androidx.lifecycle:lifecycle-viewmodel-desktop:2.11.0
:m15	transitive	androidx.lifecycle:lifecycle-viewmodel-iosarm64:2.11.0
:m15	transitive	androidx.lifecycle:lifecycle-viewmodel-iossimulatorarm64:2.11.0
:m15	transitive	androidx.lifecycle:lifecycle-viewmodel-js:2.11.0
:m15	transitive	androidx.lifecycle:lifecycle-viewmodel-ktx:2.11.0
:m15	transitive	androidx.lifecycle:lifecycle-viewmodel-savedstate-android:2.11.0
:m15	transitive	androidx.lifecycle:lifecycle-viewmodel-savedstate-desktop:2.11.0
:m15	transitive	androidx.lifecycle:lifecycle-viewmodel-savedstate-iosarm64:2.11.0
:m15	transitive	androidx.lifecycle:lifecycle-viewmodel-savedstate-iossimulatorarm64:2.11.0
:m15	transitive	androidx.lifecycle:lifecycle-viewmodel-savedstate-js:2.11.0
:m15	transitive	androidx.lifecycle:lifecycle-viewmodel-savedstate-wasm-js:2.11.0
:m15	transitive	androidx.lifecycle:lifecycle-viewmodel-savedstate:2.11.0
:m15	transitive	androidx.lifecycle:lifecycle-viewmodel-wasm-js:2.11.0
:m15	transitive	androidx.lifecycle:lifecycle-viewmodel:2.11.0
:m15	transitive	androidx.loader:loader:1.0.0
:m15	transitive	androidx.loader:loader:1.1.0
:m15	transitive	androidx.localbroadcastmanager:localbroadcastmanager:1.0.0
:m15	transitive	androidx.navigationevent:navigationevent-android:1.0.0
:m15	transitive	androidx.navigationevent:navigationevent-compose-android:1.0.0
:m15	transitive	androidx.navigationevent:navigationevent-compose:1.0.0
:m15	transitive	androidx.navigationevent:navigationevent-desktop:1.0.1
:m15	transitive	androidx.navigationevent:navigationevent-iosarm64:1.0.1
:m15	transitive	androidx.navigationevent:navigationevent-iossimulatorarm64:1.0.1
:m15	transitive	androidx.navigationevent:navigationevent-js:1.0.1
:m15	transitive	androidx.navigationevent:navigationevent-wasm-js:1.0.1
:m15	transitive	androidx.navigationevent:navigationevent:1.0.0
:m15	transitive	androidx.navigationevent:navigationevent:1.0.1
:m15	transitive	androidx.print:print:1.0.0
:m15	transitive	androidx.profileinstaller:profileinstaller:1.4.0
:m15	transitive	androidx.resourceinspection:resourceinspection-annotation:1.0.1
:m15	transitive	androidx.savedstate:savedstate-android:1.4.0
:m15	transitive	androidx.savedstate:savedstate-compose-android:1.4.0
:m15	transitive	androidx.savedstate:savedstate-compose-desktop:1.4.0
:m15	transitive	androidx.savedstate:savedstate-compose-iosarm64:1.4.0
:m15	transitive	androidx.savedstate:savedstate-compose-iossimulatorarm64:1.4.0
:m15	transitive	androidx.savedstate:savedstate-compose-js:1.4.0
:m15	transitive	androidx.savedstate:savedstate-compose-wasm-js:1.4.0
:m15	transitive	androidx.savedstate:savedstate-compose:1.4.0
:m15	transitive	androidx.savedstate:savedstate-desktop:1.4.0
:m15	transitive	androidx.savedstate:savedstate-iosarm64:1.4.0
:m15	transitive	androidx.savedstate:savedstate-iossimulatorarm64:1.4.0
:m15	transitive	androidx.savedstate:savedstate-js:1.4.0
:m15	transitive	androidx.savedstate:savedstate-ktx:1.4.0
:m15	transitive	androidx.savedstate:savedstate-wasm-js:1.4.0
:m15	transitive	androidx.savedstate:savedstate:1.4.0
:m15	transitive	androidx.tracing:tracing:1.2.0
:m15	transitive	androidx.transition:transition:1.6.0
:m15	transitive	androidx.vectordrawable:vectordrawable-animated:1.1.0
:m15	transitive	androidx.vectordrawable:vectordrawable:1.1.0
:m15	transitive	androidx.versionedparcelable:versionedparcelable:1.1.1
:m15	transitive	androidx.viewpager:viewpager:1.0.0
:m15	transitive	androidx.window:window-core-android:1.5.0
:m15	transitive	androidx.window:window-core-iosarm64:1.5.0
:m15	transitive	androidx.window:window-core-iossimulatorarm64:1.5.0
:m15	transitive	androidx.window:window-core-js:1.5.0
:m15	transitive	androidx.window:window-core-jvm:1.5.0
:m15	transitive	androidx.window:window-core-wasm-js:1.5.0
:m15	transitive	androidx.window:window-core:1.5.0
:m15	transitive	androidx.window:window:1.5.0
:m15	transitive	co.touchlab:stately-concurrency-iosarm64:2.1.0
:m15	transitive	co.touchlab:stately-concurrency-iossimulatorarm64:2.1.0
:m15	transitive	co.touchlab:stately-concurrency-js:2.1.0
:m15	transitive	co.touchlab:stately-concurrency-jvm:2.1.0
:m15	transitive	co.touchlab:stately-concurrency-wasm-js:2.1.0
:m15	transitive	co.touchlab:stately-concurrency:2.1.0
:m15	transitive	co.touchlab:stately-concurrent-collections-iosarm64:2.1.0
:m15	transitive	co.touchlab:stately-concurrent-collections-iossimulatorarm64:2.1.0
:m15	transitive	co.touchlab:stately-concurrent-collections-js:2.1.0
:m15	transitive	co.touchlab:stately-concurrent-collections-jvm:2.1.0
:m15	transitive	co.touchlab:stately-concurrent-collections-wasm-js:2.1.0
:m15	transitive	co.touchlab:stately-concurrent-collections:2.1.0
:m15	transitive	co.touchlab:stately-strict-iosarm64:2.1.0
:m15	transitive	co.touchlab:stately-strict-iossimulatorarm64:2.1.0
:m15	transitive	co.touchlab:stately-strict-js:2.1.0
:m15	transitive	co.touchlab:stately-strict-jvm:2.1.0
:m15	transitive	co.touchlab:stately-strict-wasm-js:2.1.0
:m15	transitive	co.touchlab:stately-strict:2.1.0
:m15	transitive	com.google.android.gms:play-services-auth-api-phone:18.0.2
:m15	transitive	com.google.android.gms:play-services-auth-base:18.0.10
:m15	transitive	com.google.android.gms:play-services-auth-blockstore:16.4.0
:m15	transitive	com.google.android.gms:play-services-auth:21.1.1
:m15	transitive	com.google.android.gms:play-services-base:18.5.0
:m15	transitive	com.google.android.gms:play-services-basement:18.5.0
:m15	transitive	com.google.android.gms:play-services-fido:21.0.0
:m15	transitive	com.google.android.gms:play-services-identity-credentials:16.0.0-alpha08
:m15	transitive	com.google.android.gms:play-services-tasks:18.2.0
:m15	transitive	com.google.guava:listenablefuture:1.0
:m15	transitive	com.mikepenz:multiplatform-markdown-renderer-android:0.43.0
:m15	transitive	com.mikepenz:multiplatform-markdown-renderer-iosarm64:0.43.0
:m15	transitive	com.mikepenz:multiplatform-markdown-renderer-iossimulatorarm64:0.43.0
:m15	transitive	com.mikepenz:multiplatform-markdown-renderer-js:0.43.0
:m15	transitive	com.mikepenz:multiplatform-markdown-renderer-jvm:0.43.0
:m15	transitive	com.mikepenz:multiplatform-markdown-renderer-m3-android:0.43.0
:m15	transitive	com.mikepenz:multiplatform-markdown-renderer-m3-iosarm64:0.43.0
:m15	transitive	com.mikepenz:multiplatform-markdown-renderer-m3-iossimulatorarm64:0.43.0
:m15	transitive	com.mikepenz:multiplatform-markdown-renderer-m3-js:0.43.0
:m15	transitive	com.mikepenz:multiplatform-markdown-renderer-m3-jvm:0.43.0
:m15	transitive	com.mikepenz:multiplatform-markdown-renderer-m3-wasm-js:0.43.0
:m15	transitive	com.mikepenz:multiplatform-markdown-renderer-wasm-js:0.43.0
:m15	transitive	com.squareup.okio:okio-iosarm64:3.9.1
:m15	transitive	com.squareup.okio:okio-iossimulatorarm64:3.9.1
:m15	transitive	com.squareup.okio:okio-jvm:3.9.1
:m15	transitive	com.squareup.okio:okio:3.9.1
:m15	transitive	dev.whyoleg.cryptography:cryptography-bigint-iosarm64:0.6.0
:m15	transitive	dev.whyoleg.cryptography:cryptography-bigint-iossimulatorarm64:0.6.0
:m15	transitive	dev.whyoleg.cryptography:cryptography-bigint:0.6.0
:m15	transitive	dev.whyoleg.cryptography:cryptography-core-iosarm64:0.6.0
:m15	transitive	dev.whyoleg.cryptography:cryptography-core-iossimulatorarm64:0.6.0
:m15	transitive	dev.whyoleg.cryptography:cryptography-core:0.6.0
:m15	transitive	dev.whyoleg.cryptography:cryptography-provider-base-iosarm64:0.6.0
:m15	transitive	dev.whyoleg.cryptography:cryptography-provider-base-iossimulatorarm64:0.6.0
:m15	transitive	dev.whyoleg.cryptography:cryptography-provider-base:0.6.0
:m15	transitive	dev.whyoleg.cryptography:cryptography-provider-cryptokit-iosarm64:0.6.0
:m15	transitive	dev.whyoleg.cryptography:cryptography-provider-cryptokit-iossimulatorarm64:0.6.0
:m15	transitive	dev.whyoleg.cryptography:cryptography-provider-cryptokit:0.6.0
:m15	transitive	dev.whyoleg.cryptography:cryptography-random-iosarm64:0.6.0
:m15	transitive	dev.whyoleg.cryptography:cryptography-random-iossimulatorarm64:0.6.0
:m15	transitive	dev.whyoleg.cryptography:cryptography-random:0.6.0
:m15	transitive	dev.whyoleg.cryptography:cryptography-serialization-asn1-iosarm64:0.6.0
:m15	transitive	dev.whyoleg.cryptography:cryptography-serialization-asn1-iossimulatorarm64:0.6.0
:m15	transitive	dev.whyoleg.cryptography:cryptography-serialization-asn1-modules-iosarm64:0.6.0
:m15	transitive	dev.whyoleg.cryptography:cryptography-serialization-asn1-modules-iossimulatorarm64:0.6.0
:m15	transitive	dev.whyoleg.cryptography:cryptography-serialization-asn1-modules:0.6.0
:m15	transitive	dev.whyoleg.cryptography:cryptography-serialization-asn1:0.6.0
:m15	transitive	dev.whyoleg.cryptography:cryptography-serialization-pem-iosarm64:0.6.0
:m15	transitive	dev.whyoleg.cryptography:cryptography-serialization-pem-iossimulatorarm64:0.6.0
:m15	transitive	dev.whyoleg.cryptography:cryptography-serialization-pem:0.6.0
:m15	transitive	eu.anifantakis:ksafe-android:3.0.0
:m15	transitive	eu.anifantakis:ksafe-iosarm64:3.0.0
:m15	transitive	eu.anifantakis:ksafe-iossimulatorarm64:3.0.0
:m15	transitive	eu.anifantakis:ksafe-js:3.0.0
:m15	transitive	eu.anifantakis:ksafe-jvm:3.0.0
:m15	transitive	eu.anifantakis:ksafe-wasm-js:3.0.0
:m15	transitive	io.insert-koin:koin-compose-android:4.2.2
:m15	transitive	io.insert-koin:koin-compose-iosarm64:4.2.2
:m15	transitive	io.insert-koin:koin-compose-iossimulatorarm64:4.2.2
:m15	transitive	io.insert-koin:koin-compose-js:4.2.2
:m15	transitive	io.insert-koin:koin-compose-jvm:4.2.2
:m15	transitive	io.insert-koin:koin-compose-viewmodel-android:4.2.2
:m15	transitive	io.insert-koin:koin-compose-viewmodel-iosarm64:4.2.2
:m15	transitive	io.insert-koin:koin-compose-viewmodel-iossimulatorarm64:4.2.2
:m15	transitive	io.insert-koin:koin-compose-viewmodel-js:4.2.2
:m15	transitive	io.insert-koin:koin-compose-viewmodel-jvm:4.2.2
:m15	transitive	io.insert-koin:koin-compose-viewmodel-wasm-js:4.2.2
:m15	transitive	io.insert-koin:koin-compose-wasm-js:4.2.2
:m15	transitive	io.insert-koin:koin-core-iosarm64:4.2.2
:m15	transitive	io.insert-koin:koin-core-iossimulatorarm64:4.2.2
:m15	transitive	io.insert-koin:koin-core-js:4.2.2
:m15	transitive	io.insert-koin:koin-core-jvm:4.2.2
:m15	transitive	io.insert-koin:koin-core-viewmodel-android:4.2.2
:m15	transitive	io.insert-koin:koin-core-viewmodel-iosarm64:4.2.2
:m15	transitive	io.insert-koin:koin-core-viewmodel-iossimulatorarm64:4.2.2
:m15	transitive	io.insert-koin:koin-core-viewmodel-js:4.2.2
:m15	transitive	io.insert-koin:koin-core-viewmodel-jvm:4.2.2
:m15	transitive	io.insert-koin:koin-core-viewmodel-wasm-js:4.2.2
:m15	transitive	io.insert-koin:koin-core-viewmodel:4.2.2
:m15	transitive	io.insert-koin:koin-core-wasm-js:4.2.2
:m15	transitive	junit:junit:4.13.2
:m15	transitive	net.java.dev.jna:jna-platform:5.19.1
:m15	transitive	net.java.dev.jna:jna:5.19.1
:m15	transitive	org.hamcrest:hamcrest-core:1.3
:m15	transitive	org.jetbrains.androidx.lifecycle:lifecycle-common-iosarm64:2.11.0
:m15	transitive	org.jetbrains.androidx.lifecycle:lifecycle-common-iossimulatorarm64:2.11.0
:m15	transitive	org.jetbrains.androidx.lifecycle:lifecycle-common-js:2.11.0
:m15	transitive	org.jetbrains.androidx.lifecycle:lifecycle-common-jvm:2.11.0
:m15	transitive	org.jetbrains.androidx.lifecycle:lifecycle-common-wasm-js:2.11.0
:m15	transitive	org.jetbrains.androidx.lifecycle:lifecycle-common:2.11.0
:m15	transitive	org.jetbrains.androidx.lifecycle:lifecycle-runtime-android:2.11.0
:m15	transitive	org.jetbrains.androidx.lifecycle:lifecycle-runtime-compose-android:2.11.0
:m15	transitive	org.jetbrains.androidx.lifecycle:lifecycle-runtime-compose-desktop:2.11.0
:m15	transitive	org.jetbrains.androidx.lifecycle:lifecycle-runtime-compose-iosarm64:2.11.0
:m15	transitive	org.jetbrains.androidx.lifecycle:lifecycle-runtime-compose-iossimulatorarm64:2.11.0
:m15	transitive	org.jetbrains.androidx.lifecycle:lifecycle-runtime-compose-js:2.11.0
:m15	transitive	org.jetbrains.androidx.lifecycle:lifecycle-runtime-compose-wasm-js:2.11.0
:m15	transitive	org.jetbrains.androidx.lifecycle:lifecycle-runtime-compose:2.11.0
:m15	transitive	org.jetbrains.androidx.lifecycle:lifecycle-runtime-desktop:2.11.0
:m15	transitive	org.jetbrains.androidx.lifecycle:lifecycle-runtime-iosarm64:2.11.0
:m15	transitive	org.jetbrains.androidx.lifecycle:lifecycle-runtime-iossimulatorarm64:2.11.0
:m15	transitive	org.jetbrains.androidx.lifecycle:lifecycle-runtime-js:2.11.0
:m15	transitive	org.jetbrains.androidx.lifecycle:lifecycle-runtime-wasm-js:2.11.0
:m15	transitive	org.jetbrains.androidx.lifecycle:lifecycle-runtime:2.11.0
:m15	transitive	org.jetbrains.androidx.lifecycle:lifecycle-viewmodel-android:2.11.0
:m15	transitive	org.jetbrains.androidx.lifecycle:lifecycle-viewmodel-compose-android:2.11.0
:m15	transitive	org.jetbrains.androidx.lifecycle:lifecycle-viewmodel-compose-desktop:2.11.0
:m15	transitive	org.jetbrains.androidx.lifecycle:lifecycle-viewmodel-compose-iosarm64:2.11.0
:m15	transitive	org.jetbrains.androidx.lifecycle:lifecycle-viewmodel-compose-iossimulatorarm64:2.11.0
:m15	transitive	org.jetbrains.androidx.lifecycle:lifecycle-viewmodel-compose-js:2.11.0
:m15	transitive	org.jetbrains.androidx.lifecycle:lifecycle-viewmodel-compose-wasm-js:2.11.0
:m15	transitive	org.jetbrains.androidx.lifecycle:lifecycle-viewmodel-desktop:2.11.0
:m15	transitive	org.jetbrains.androidx.lifecycle:lifecycle-viewmodel-iosarm64:2.11.0
:m15	transitive	org.jetbrains.androidx.lifecycle:lifecycle-viewmodel-iossimulatorarm64:2.11.0
:m15	transitive	org.jetbrains.androidx.lifecycle:lifecycle-viewmodel-js:2.11.0
:m15	transitive	org.jetbrains.androidx.lifecycle:lifecycle-viewmodel-savedstate-android:2.11.0
:m15	transitive	org.jetbrains.androidx.lifecycle:lifecycle-viewmodel-savedstate-desktop:2.11.0
:m15	transitive	org.jetbrains.androidx.lifecycle:lifecycle-viewmodel-savedstate-iosarm64:2.11.0
:m15	transitive	org.jetbrains.androidx.lifecycle:lifecycle-viewmodel-savedstate-iossimulatorarm64:2.11.0
:m15	transitive	org.jetbrains.androidx.lifecycle:lifecycle-viewmodel-savedstate-js:2.11.0
:m15	transitive	org.jetbrains.androidx.lifecycle:lifecycle-viewmodel-savedstate-wasm-js:2.11.0
:m15	transitive	org.jetbrains.androidx.lifecycle:lifecycle-viewmodel-savedstate:2.11.0
:m15	transitive	org.jetbrains.androidx.lifecycle:lifecycle-viewmodel-wasm-js:2.11.0
:m15	transitive	org.jetbrains.androidx.lifecycle:lifecycle-viewmodel:2.11.0
:m15	transitive	org.jetbrains.androidx.savedstate:savedstate-compose-desktop:1.3.6
:m15	transitive	org.jetbrains.androidx.savedstate:savedstate-compose-js:1.3.6
:m15	transitive	org.jetbrains.androidx.savedstate:savedstate-compose-uikitarm64:1.3.6
:m15	transitive	org.jetbrains.androidx.savedstate:savedstate-compose-uikitsimarm64:1.3.6
:m15	transitive	org.jetbrains.androidx.savedstate:savedstate-compose-wasm-js:1.3.6
:m15	transitive	org.jetbrains.androidx.savedstate:savedstate-compose:1.3.6
:m15	transitive	org.jetbrains.androidx.savedstate:savedstate-js:1.3.6
:m15	transitive	org.jetbrains.androidx.savedstate:savedstate-wasm-js:1.3.6
:m15	transitive	org.jetbrains.androidx.savedstate:savedstate:1.3.6
:m15	transitive	org.jetbrains.androidx.window:window-core-desktop:1.5.0
:m15	transitive	org.jetbrains.androidx.window:window-core-iosarm64:1.5.0
:m15	transitive	org.jetbrains.androidx.window:window-core-iossimulatorarm64:1.5.0
:m15	transitive	org.jetbrains.androidx.window:window-core-js:1.5.0
:m15	transitive	org.jetbrains.androidx.window:window-core-wasm-js:1.5.0
:m15	transitive	org.jetbrains.androidx.window:window-core:1.5.0
:m15	transitive	org.jetbrains.compose.animation:animation-core-desktop:1.11.1
:m15	transitive	org.jetbrains.compose.animation:animation-core-iosarm64:1.11.1
:m15	transitive	org.jetbrains.compose.animation:animation-core-iossimulatorarm64:1.11.1
:m15	transitive	org.jetbrains.compose.animation:animation-core-js:1.11.1
:m15	transitive	org.jetbrains.compose.animation:animation-core-wasm-js:1.11.1
:m15	transitive	org.jetbrains.compose.animation:animation-core:1.11.1
:m15	transitive	org.jetbrains.compose.animation:animation-desktop:1.11.1
:m15	transitive	org.jetbrains.compose.animation:animation-iosarm64:1.11.1
:m15	transitive	org.jetbrains.compose.animation:animation-iossimulatorarm64:1.11.1
:m15	transitive	org.jetbrains.compose.animation:animation-js:1.11.1
:m15	transitive	org.jetbrains.compose.animation:animation-wasm-js:1.11.1
:m15	transitive	org.jetbrains.compose.animation:animation:1.11.1
:m15	transitive	org.jetbrains.compose.annotation-internal:annotation-js:1.10.0
:m15	transitive	org.jetbrains.compose.annotation-internal:annotation-wasm-js:1.10.0
:m15	transitive	org.jetbrains.compose.annotation-internal:annotation:1.10.0
:m15	transitive	org.jetbrains.compose.annotation-internal:annotation:1.9.3
:m15	transitive	org.jetbrains.compose.collection-internal:collection-js:1.10.0
:m15	transitive	org.jetbrains.compose.collection-internal:collection-wasm-js:1.10.0
:m15	transitive	org.jetbrains.compose.collection-internal:collection:1.10.0
:m15	transitive	org.jetbrains.compose.collection-internal:collection:1.9.3
:m15	transitive	org.jetbrains.compose.components:components-resources-android:1.11.1
:m15	transitive	org.jetbrains.compose.components:components-resources-desktop:1.11.1
:m15	transitive	org.jetbrains.compose.components:components-resources-iosArm64:1.11.1
:m15	transitive	org.jetbrains.compose.components:components-resources-iosSimulatorArm64:1.11.1
:m15	transitive	org.jetbrains.compose.components:components-resources-js:1.11.1
:m15	transitive	org.jetbrains.compose.components:components-resources-wasmJs:1.11.1
:m15	transitive	org.jetbrains.compose.foundation:foundation-desktop:1.11.1
:m15	transitive	org.jetbrains.compose.foundation:foundation-iosarm64:1.11.1
:m15	transitive	org.jetbrains.compose.foundation:foundation-iossimulatorarm64:1.11.1
:m15	transitive	org.jetbrains.compose.foundation:foundation-js:1.11.1
:m15	transitive	org.jetbrains.compose.foundation:foundation-layout-desktop:1.11.1
:m15	transitive	org.jetbrains.compose.foundation:foundation-layout-iosarm64:1.11.1
:m15	transitive	org.jetbrains.compose.foundation:foundation-layout-iossimulatorarm64:1.11.1
:m15	transitive	org.jetbrains.compose.foundation:foundation-layout-js:1.11.1
:m15	transitive	org.jetbrains.compose.foundation:foundation-layout-wasm-js:1.11.1
:m15	transitive	org.jetbrains.compose.foundation:foundation-layout:1.11.1
:m15	transitive	org.jetbrains.compose.foundation:foundation-wasm-js:1.11.1
:m15	transitive	org.jetbrains.compose.hot-reload:hot-reload-annotations-jvm:1.1.1
:m15	transitive	org.jetbrains.compose.hot-reload:hot-reload-annotations:1.1.1
:m15	transitive	org.jetbrains.compose.hot-reload:hot-reload-core:1.1.1
:m15	transitive	org.jetbrains.compose.hot-reload:hot-reload-devtools-api:1.1.1
:m15	transitive	org.jetbrains.compose.hot-reload:hot-reload-orchestration:1.1.1
:m15	transitive	org.jetbrains.compose.material3.adaptive:adaptive-desktop:1.3.0-beta02
:m15	transitive	org.jetbrains.compose.material3.adaptive:adaptive-iosarm64:1.3.0-beta02
:m15	transitive	org.jetbrains.compose.material3.adaptive:adaptive-iossimulatorarm64:1.3.0-beta02
:m15	transitive	org.jetbrains.compose.material3.adaptive:adaptive-js:1.3.0-beta02
:m15	transitive	org.jetbrains.compose.material3.adaptive:adaptive-layout-desktop:1.3.0-beta02
:m15	transitive	org.jetbrains.compose.material3.adaptive:adaptive-layout-iosarm64:1.3.0-beta02
:m15	transitive	org.jetbrains.compose.material3.adaptive:adaptive-layout-iossimulatorarm64:1.3.0-beta02
:m15	transitive	org.jetbrains.compose.material3.adaptive:adaptive-layout-js:1.3.0-beta02
:m15	transitive	org.jetbrains.compose.material3.adaptive:adaptive-layout-wasm-js:1.3.0-beta02
:m15	transitive	org.jetbrains.compose.material3.adaptive:adaptive-wasm-js:1.3.0-beta02
:m15	transitive	org.jetbrains.compose.material3:material3-desktop:1.10.0-alpha05
:m15	transitive	org.jetbrains.compose.material3:material3-js:1.10.0-alpha05
:m15	transitive	org.jetbrains.compose.material3:material3-uikitarm64:1.10.0-alpha05
:m15	transitive	org.jetbrains.compose.material3:material3-uikitsimarm64:1.10.0-alpha05
:m15	transitive	org.jetbrains.compose.material3:material3-wasm-js:1.10.0-alpha05
:m15	transitive	org.jetbrains.compose.material:material-icons-core-desktop:1.7.3
:m15	transitive	org.jetbrains.compose.material:material-icons-core-js:1.7.3
:m15	transitive	org.jetbrains.compose.material:material-icons-core-uikitarm64:1.7.3
:m15	transitive	org.jetbrains.compose.material:material-icons-core-uikitsimarm64:1.7.3
:m15	transitive	org.jetbrains.compose.material:material-icons-core-wasm-js:1.7.3
:m15	transitive	org.jetbrains.compose.material:material-icons-core:1.7.3
:m15	transitive	org.jetbrains.compose.material:material-icons-extended-desktop:1.7.3
:m15	transitive	org.jetbrains.compose.material:material-icons-extended-js:1.7.3
:m15	transitive	org.jetbrains.compose.material:material-icons-extended-uikitarm64:1.7.3
:m15	transitive	org.jetbrains.compose.material:material-icons-extended-uikitsimarm64:1.7.3
:m15	transitive	org.jetbrains.compose.material:material-icons-extended-wasm-js:1.7.3
:m15	transitive	org.jetbrains.compose.material:material-ripple-desktop:1.9.3
:m15	transitive	org.jetbrains.compose.material:material-ripple-js:1.9.3
:m15	transitive	org.jetbrains.compose.material:material-ripple-uikitarm64:1.9.3
:m15	transitive	org.jetbrains.compose.material:material-ripple-uikitsimarm64:1.9.3
:m15	transitive	org.jetbrains.compose.material:material-ripple-wasm-js:1.9.3
:m15	transitive	org.jetbrains.compose.material:material-ripple:1.9.3
:m15	transitive	org.jetbrains.compose.runtime:runtime-desktop:1.11.1
:m15	transitive	org.jetbrains.compose.runtime:runtime-iosarm64:1.11.1
:m15	transitive	org.jetbrains.compose.runtime:runtime-iossimulatorarm64:1.11.1
:m15	transitive	org.jetbrains.compose.runtime:runtime-js:1.11.1
:m15	transitive	org.jetbrains.compose.runtime:runtime-saveable-desktop:1.11.1
:m15	transitive	org.jetbrains.compose.runtime:runtime-saveable-iosarm64:1.11.1
:m15	transitive	org.jetbrains.compose.runtime:runtime-saveable-iossimulatorarm64:1.11.1
:m15	transitive	org.jetbrains.compose.runtime:runtime-saveable-js:1.11.1
:m15	transitive	org.jetbrains.compose.runtime:runtime-saveable-wasm-js:1.11.1
:m15	transitive	org.jetbrains.compose.runtime:runtime-saveable:1.11.1
:m15	transitive	org.jetbrains.compose.runtime:runtime-wasm-js:1.11.1
:m15	transitive	org.jetbrains.compose.ui:ui-backhandler-android:1.9.3
:m15	transitive	org.jetbrains.compose.ui:ui-backhandler-desktop:1.11.1
:m15	transitive	org.jetbrains.compose.ui:ui-backhandler-iosarm64:1.11.1
:m15	transitive	org.jetbrains.compose.ui:ui-backhandler-iossimulatorarm64:1.11.1
:m15	transitive	org.jetbrains.compose.ui:ui-backhandler-js:1.11.1
:m15	transitive	org.jetbrains.compose.ui:ui-backhandler-wasm-js:1.11.1
:m15	transitive	org.jetbrains.compose.ui:ui-backhandler:1.11.1
:m15	transitive	org.jetbrains.compose.ui:ui-backhandler:1.9.3
:m15	transitive	org.jetbrains.compose.ui:ui-desktop:1.11.1
:m15	transitive	org.jetbrains.compose.ui:ui-geometry-desktop:1.11.1
:m15	transitive	org.jetbrains.compose.ui:ui-geometry-iosarm64:1.11.1
:m15	transitive	org.jetbrains.compose.ui:ui-geometry-iossimulatorarm64:1.11.1
:m15	transitive	org.jetbrains.compose.ui:ui-geometry-js:1.11.1
:m15	transitive	org.jetbrains.compose.ui:ui-geometry-wasm-js:1.11.1
:m15	transitive	org.jetbrains.compose.ui:ui-geometry:1.11.1
:m15	transitive	org.jetbrains.compose.ui:ui-graphics-desktop:1.11.1
:m15	transitive	org.jetbrains.compose.ui:ui-graphics-iosarm64:1.11.1
:m15	transitive	org.jetbrains.compose.ui:ui-graphics-iossimulatorarm64:1.11.1
:m15	transitive	org.jetbrains.compose.ui:ui-graphics-js:1.11.1
:m15	transitive	org.jetbrains.compose.ui:ui-graphics-wasm-js:1.11.1
:m15	transitive	org.jetbrains.compose.ui:ui-graphics:1.11.1
:m15	transitive	org.jetbrains.compose.ui:ui-iosarm64:1.11.1
:m15	transitive	org.jetbrains.compose.ui:ui-iossimulatorarm64:1.11.1
:m15	transitive	org.jetbrains.compose.ui:ui-js:1.11.1
:m15	transitive	org.jetbrains.compose.ui:ui-text-desktop:1.11.1
:m15	transitive	org.jetbrains.compose.ui:ui-text-iosarm64:1.11.1
:m15	transitive	org.jetbrains.compose.ui:ui-text-iossimulatorarm64:1.11.1
:m15	transitive	org.jetbrains.compose.ui:ui-text-js:1.11.1
:m15	transitive	org.jetbrains.compose.ui:ui-text-wasm-js:1.11.1
:m15	transitive	org.jetbrains.compose.ui:ui-text:1.11.1
:m15	transitive	org.jetbrains.compose.ui:ui-tooling-data:1.11.1
:m15	transitive	org.jetbrains.compose.ui:ui-tooling-preview-desktop:1.11.1
:m15	transitive	org.jetbrains.compose.ui:ui-tooling-preview-iosarm64:1.11.1
:m15	transitive	org.jetbrains.compose.ui:ui-tooling-preview-iossimulatorarm64:1.11.1
:m15	transitive	org.jetbrains.compose.ui:ui-tooling-preview-js:1.11.1
:m15	transitive	org.jetbrains.compose.ui:ui-tooling-preview-wasm-js:1.11.1
:m15	transitive	org.jetbrains.compose.ui:ui-uikit-iosarm64:1.11.1
:m15	transitive	org.jetbrains.compose.ui:ui-uikit-iossimulatorarm64:1.11.1
:m15	transitive	org.jetbrains.compose.ui:ui-uikit:1.11.1
:m15	transitive	org.jetbrains.compose.ui:ui-unit-desktop:1.11.1
:m15	transitive	org.jetbrains.compose.ui:ui-unit-iosarm64:1.11.1
:m15	transitive	org.jetbrains.compose.ui:ui-unit-iossimulatorarm64:1.11.1
:m15	transitive	org.jetbrains.compose.ui:ui-unit-js:1.11.1
:m15	transitive	org.jetbrains.compose.ui:ui-unit-wasm-js:1.11.1
:m15	transitive	org.jetbrains.compose.ui:ui-unit:1.11.1
:m15	transitive	org.jetbrains.compose.ui:ui-util-desktop:1.11.1
:m15	transitive	org.jetbrains.compose.ui:ui-util-iosarm64:1.11.1
:m15	transitive	org.jetbrains.compose.ui:ui-util-iossimulatorarm64:1.11.1
:m15	transitive	org.jetbrains.compose.ui:ui-util-js:1.11.1
:m15	transitive	org.jetbrains.compose.ui:ui-util-wasm-js:1.11.1
:m15	transitive	org.jetbrains.compose.ui:ui-util:1.11.1
:m15	transitive	org.jetbrains.compose.ui:ui-wasm-js:1.11.1
:m15	transitive	org.jetbrains.kotlin:kotlin-stdlib-common:2.4.10
:m15	transitive	org.jetbrains.kotlin:kotlin-stdlib-jdk7:1.8.0
:m15	transitive	org.jetbrains.kotlin:kotlin-stdlib-jdk7:1.9.0
:m15	transitive	org.jetbrains.kotlin:kotlin-stdlib-jdk8:1.8.0
:m15	transitive	org.jetbrains.kotlin:kotlin-stdlib-js:2.4.10
:m15	transitive	org.jetbrains.kotlin:kotlin-stdlib-wasm-js:2.4.10
:m15	transitive	org.jetbrains.kotlin:kotlin-test-js:2.4.10
:m15	transitive	org.jetbrains.kotlin:kotlin-test-junit:2.4.10
:m15	transitive	org.jetbrains.kotlin:kotlin-test-wasm-js:2.4.10
:m15	transitive	org.jetbrains.kotlin:kotlinx-atomicfu-runtime:2.2.20
:m15	transitive	org.jetbrains.kotlinx:atomicfu-iosarm64:0.32.1
:m15	transitive	org.jetbrains.kotlinx:atomicfu-iossimulatorarm64:0.32.1
:m15	transitive	org.jetbrains.kotlinx:atomicfu-js:0.32.1
:m15	transitive	org.jetbrains.kotlinx:atomicfu-jvm:0.28.0
:m15	transitive	org.jetbrains.kotlinx:atomicfu-wasm-js:0.32.1
:m15	transitive	org.jetbrains.kotlinx:atomicfu:0.28.0
:m15	transitive	org.jetbrains.kotlinx:atomicfu:0.32.1
:m15	transitive	org.jetbrains.kotlinx:kotlinx-browser-js:0.5.0
:m15	transitive	org.jetbrains.kotlinx:kotlinx-browser-wasm-js:0.5.0
:m15	transitive	org.jetbrains.kotlinx:kotlinx-browser:0.5.0
:m15	transitive	org.jetbrains.kotlinx:kotlinx-collections-immutable-iosarm64:0.5.0
:m15	transitive	org.jetbrains.kotlinx:kotlinx-collections-immutable-iossimulatorarm64:0.5.0
:m15	transitive	org.jetbrains.kotlinx:kotlinx-collections-immutable-js:0.5.0
:m15	transitive	org.jetbrains.kotlinx:kotlinx-collections-immutable-jvm:0.5.0
:m15	transitive	org.jetbrains.kotlinx:kotlinx-collections-immutable-wasm-js:0.5.0
:m15	transitive	org.jetbrains.kotlinx:kotlinx-collections-immutable:0.5.0
:m15	transitive	org.jetbrains.kotlinx:kotlinx-coroutines-android:1.11.0
:m15	transitive	org.jetbrains.kotlinx:kotlinx-coroutines-bom:1.11.0
:m15	transitive	org.jetbrains.kotlinx:kotlinx-coroutines-core-iosarm64:1.11.0
:m15	transitive	org.jetbrains.kotlinx:kotlinx-coroutines-core-iossimulatorarm64:1.11.0
:m15	transitive	org.jetbrains.kotlinx:kotlinx-coroutines-core-js:1.11.0
:m15	transitive	org.jetbrains.kotlinx:kotlinx-coroutines-core-jvm:1.11.0
:m15	transitive	org.jetbrains.kotlinx:kotlinx-coroutines-core-wasm-js:1.11.0
:m15	transitive	org.jetbrains.kotlinx:kotlinx-datetime-iosarm64:0.7.1
:m15	transitive	org.jetbrains.kotlinx:kotlinx-datetime-iossimulatorarm64:0.7.1
:m15	transitive	org.jetbrains.kotlinx:kotlinx-datetime-js:0.7.1
:m15	transitive	org.jetbrains.kotlinx:kotlinx-datetime-jvm:0.7.1
:m15	transitive	org.jetbrains.kotlinx:kotlinx-datetime-wasm-js:0.7.1
:m15	transitive	org.jetbrains.kotlinx:kotlinx-datetime:0.7.1
:m15	transitive	org.jetbrains.kotlinx:kotlinx-io-bytestring-iosarm64:0.9.0
:m15	transitive	org.jetbrains.kotlinx:kotlinx-io-bytestring-iossimulatorarm64:0.9.0
:m15	transitive	org.jetbrains.kotlinx:kotlinx-io-bytestring:0.9.0
:m15	transitive	org.jetbrains.kotlinx:kotlinx-io-core-iosarm64:0.9.0
:m15	transitive	org.jetbrains.kotlinx:kotlinx-io-core-iossimulatorarm64:0.9.0
:m15	transitive	org.jetbrains.kotlinx:kotlinx-io-core:0.9.0
:m15	transitive	org.jetbrains.kotlinx:kotlinx-serialization-bom:1.11.0
:m15	transitive	org.jetbrains.kotlinx:kotlinx-serialization-core-iosarm64:1.11.0
:m15	transitive	org.jetbrains.kotlinx:kotlinx-serialization-core-iossimulatorarm64:1.11.0
:m15	transitive	org.jetbrains.kotlinx:kotlinx-serialization-core-js:1.11.0
:m15	transitive	org.jetbrains.kotlinx:kotlinx-serialization-core-jvm:1.11.0
:m15	transitive	org.jetbrains.kotlinx:kotlinx-serialization-core-wasm-js:1.11.0
:m15	transitive	org.jetbrains.kotlinx:kotlinx-serialization-core:1.11.0
:m15	transitive	org.jetbrains.kotlinx:kotlinx-serialization-json-iosarm64:1.11.0
:m15	transitive	org.jetbrains.kotlinx:kotlinx-serialization-json-iossimulatorarm64:1.11.0
:m15	transitive	org.jetbrains.kotlinx:kotlinx-serialization-json-js:1.11.0
:m15	transitive	org.jetbrains.kotlinx:kotlinx-serialization-json-jvm:1.11.0
:m15	transitive	org.jetbrains.kotlinx:kotlinx-serialization-json-wasm-js:1.11.0
:m15	transitive	org.jetbrains.kotlinx:kotlinx-serialization-json:1.11.0
:m15	transitive	org.jetbrains.kotlinx:kotlinx-serialization-protobuf-iosarm64:1.7.3
:m15	transitive	org.jetbrains.kotlinx:kotlinx-serialization-protobuf-iossimulatorarm64:1.7.3
:m15	transitive	org.jetbrains.kotlinx:kotlinx-serialization-protobuf:1.7.3
:m15	transitive	org.jetbrains.runtime:jbr-api:1.9.0
:m15	transitive	org.jetbrains.skiko:skiko-awt:0.144.6
:m15	transitive	org.jetbrains.skiko:skiko-iosarm64:0.144.6
:m15	transitive	org.jetbrains.skiko:skiko-iossimulatorarm64:0.144.6
:m15	transitive	org.jetbrains.skiko:skiko-js-wasm-runtime:0.144.6
:m15	transitive	org.jetbrains.skiko:skiko-js:0.144.6
:m15	transitive	org.jetbrains.skiko:skiko-wasm-js:0.144.6
:m15	transitive	org.jetbrains.skiko:skiko:0.144.6
:m15	transitive	org.jetbrains:annotations:23.0.0
:m15	transitive	org.jetbrains:markdown-iosarm64:0.7.5
:m15	transitive	org.jetbrains:markdown-iossimulatorarm64:0.7.5
:m15	transitive	org.jetbrains:markdown-js:0.7.5
:m15	transitive	org.jetbrains:markdown-jvm:0.7.5
:m15	transitive	org.jetbrains:markdown-wasm-js:0.7.5
:m15	transitive	org.jetbrains:markdown:0.7.5
:m15	transitive	org.jspecify:jspecify:1.0.0
:m16	direct	io.insert-koin:koin-core:4.2.2
:m16	direct	org.jetbrains.kotlin:kotlin-dom-api-compat:2.4.10
:m16	direct	org.jetbrains.kotlin:kotlin-stdlib:2.4.10
:m16	direct	org.jetbrains.kotlin:kotlin-test:2.4.10
:m16	direct	org.jetbrains.kotlinx:kotlinx-coroutines-core:1.11.0
:m16	direct	org.jetbrains.kotlinx:kotlinx-coroutines-test:1.11.0
:m16	transitive	androidx.activity:activity-compose:1.13.0
:m16	transitive	androidx.activity:activity-ktx:1.13.0
:m16	transitive	androidx.activity:activity:1.13.0
:m16	transitive	androidx.annotation:annotation-experimental:1.4.1
:m16	transitive	androidx.annotation:annotation-experimental:1.5.1
:m16	transitive	androidx.annotation:annotation-iosarm64:1.9.1
:m16	transitive	androidx.annotation:annotation-iossimulatorarm64:1.9.1
:m16	transitive	androidx.annotation:annotation-js:1.9.1
:m16	transitive	androidx.annotation:annotation-jvm:1.9.1
:m16	transitive	androidx.annotation:annotation-wasm-js:1.9.1
:m16	transitive	androidx.annotation:annotation:1.9.1
:m16	transitive	androidx.appcompat:appcompat-resources:1.7.1
:m16	transitive	androidx.appcompat:appcompat:1.7.1
:m16	transitive	androidx.arch.core:core-common:2.2.0
:m16	transitive	androidx.arch.core:core-runtime:2.2.0
:m16	transitive	androidx.autofill:autofill:1.0.0
:m16	transitive	androidx.biometric:biometric:1.1.0
:m16	transitive	androidx.browser:browser:1.4.0
:m16	transitive	androidx.collection:collection-iosarm64:1.5.0
:m16	transitive	androidx.collection:collection-iossimulatorarm64:1.5.0
:m16	transitive	androidx.collection:collection-js:1.5.0
:m16	transitive	androidx.collection:collection-jvm:1.5.0
:m16	transitive	androidx.collection:collection-ktx:1.5.0
:m16	transitive	androidx.collection:collection-wasm-js:1.5.0
:m16	transitive	androidx.collection:collection:1.5.0
:m16	transitive	androidx.compose.animation:animation-android:1.11.2
:m16	transitive	androidx.compose.animation:animation-core-android:1.11.2
:m16	transitive	androidx.compose.animation:animation-core:1.11.2
:m16	transitive	androidx.compose.animation:animation:1.11.2
:m16	transitive	androidx.compose.foundation:foundation-android:1.11.2
:m16	transitive	androidx.compose.foundation:foundation-layout-android:1.11.2
:m16	transitive	androidx.compose.foundation:foundation-layout:1.11.2
:m16	transitive	androidx.compose.foundation:foundation:1.11.2
:m16	transitive	androidx.compose.material3.adaptive:adaptive-android:1.3.0-beta02
:m16	transitive	androidx.compose.material3.adaptive:adaptive-layout-android:1.3.0-beta02
:m16	transitive	androidx.compose.material3.adaptive:adaptive-layout:1.3.0-beta02
:m16	transitive	androidx.compose.material3.adaptive:adaptive:1.3.0-beta02
:m16	transitive	androidx.compose.material3:material3-android:1.5.0-alpha08
:m16	transitive	androidx.compose.material3:material3:1.5.0-alpha08
:m16	transitive	androidx.compose.material:material-icons-core-android:1.7.6
:m16	transitive	androidx.compose.material:material-icons-core:1.7.6
:m16	transitive	androidx.compose.material:material-icons-extended-android:1.7.6
:m16	transitive	androidx.compose.material:material-icons-extended:1.7.6
:m16	transitive	androidx.compose.material:material-ripple-android:1.9.4
:m16	transitive	androidx.compose.material:material-ripple:1.9.4
:m16	transitive	androidx.compose.runtime:runtime-android:1.11.2
:m16	transitive	androidx.compose.runtime:runtime-annotation-android:1.11.2
:m16	transitive	androidx.compose.runtime:runtime-annotation-iosarm64:1.11.2
:m16	transitive	androidx.compose.runtime:runtime-annotation-iossimulatorarm64:1.11.2
:m16	transitive	androidx.compose.runtime:runtime-annotation-js:1.11.2
:m16	transitive	androidx.compose.runtime:runtime-annotation-jvm:1.11.2
:m16	transitive	androidx.compose.runtime:runtime-annotation-wasm-js:1.11.2
:m16	transitive	androidx.compose.runtime:runtime-annotation:1.11.2
:m16	transitive	androidx.compose.runtime:runtime-desktop:1.11.2
:m16	transitive	androidx.compose.runtime:runtime-iosarm64:1.11.2
:m16	transitive	androidx.compose.runtime:runtime-iossimulatorarm64:1.11.2
:m16	transitive	androidx.compose.runtime:runtime-js:1.11.2
:m16	transitive	androidx.compose.runtime:runtime-retain-android:1.11.2
:m16	transitive	androidx.compose.runtime:runtime-retain-desktop:1.11.2
:m16	transitive	androidx.compose.runtime:runtime-retain-iosarm64:1.11.2
:m16	transitive	androidx.compose.runtime:runtime-retain-iossimulatorarm64:1.11.2
:m16	transitive	androidx.compose.runtime:runtime-retain-js:1.11.2
:m16	transitive	androidx.compose.runtime:runtime-retain-wasm-js:1.11.2
:m16	transitive	androidx.compose.runtime:runtime-retain:1.11.2
:m16	transitive	androidx.compose.runtime:runtime-saveable-android:1.11.2
:m16	transitive	androidx.compose.runtime:runtime-saveable-desktop:1.11.2
:m17	direct	io.insert-koin:koin-core:4.2.2
:m16	transitive	androidx.compose.runtime:runtime-saveable-iosarm64:1.11.2
:m17	direct	io.ktor:ktor-client-core:3.5.1
:m16	transitive	androidx.compose.runtime:runtime-saveable-iossimulatorarm64:1.11.2
:m17	direct	io.ktor:ktor-client-mock:3.5.1
:m17	direct	org.jetbrains.kotlin:kotlin-dom-api-compat:2.4.10
:m17	direct	org.jetbrains.kotlin:kotlin-stdlib:2.4.10
:m17	direct	org.jetbrains.kotlin:kotlin-test:2.4.10
:m17	direct	org.jetbrains.kotlinx:kotlinx-coroutines-core:1.11.0
:m17	direct	org.jetbrains.kotlinx:kotlinx-coroutines-test:1.11.0
:m17	direct	org.jetbrains.kotlinx:kotlinx-serialization-json:1.11.0
:m17	transitive	androidx.activity:activity-compose:1.13.0
:m17	transitive	androidx.activity:activity-ktx:1.13.0
:m17	transitive	androidx.activity:activity:1.13.0
:m17	transitive	androidx.annotation:annotation-experimental:1.4.1
:m17	transitive	androidx.annotation:annotation-experimental:1.5.1
:m17	transitive	androidx.annotation:annotation-iosarm64:1.9.1
:m17	transitive	androidx.annotation:annotation-iossimulatorarm64:1.9.1
:m17	transitive	androidx.annotation:annotation-js:1.9.1
:m17	transitive	androidx.annotation:annotation-jvm:1.9.1
:m17	transitive	androidx.annotation:annotation-wasm-js:1.9.1
:m17	transitive	androidx.annotation:annotation:1.9.1
:m17	transitive	androidx.appcompat:appcompat-resources:1.7.1
:m17	transitive	androidx.appcompat:appcompat:1.7.1
:m17	transitive	androidx.arch.core:core-common:2.2.0
:m17	transitive	androidx.arch.core:core-runtime:2.2.0
:m17	transitive	androidx.autofill:autofill:1.0.0
:m17	transitive	androidx.biometric:biometric:1.1.0
:m17	transitive	androidx.collection:collection-iosarm64:1.5.0
:m17	transitive	androidx.collection:collection-iossimulatorarm64:1.5.0
:m17	transitive	androidx.collection:collection-js:1.5.0
:m17	transitive	androidx.collection:collection-jvm:1.5.0
:m17	transitive	androidx.collection:collection-ktx:1.5.0
:m17	transitive	androidx.collection:collection-wasm-js:1.5.0
:m17	transitive	androidx.collection:collection:1.5.0
:m17	transitive	androidx.compose.animation:animation-android:1.11.2
:m17	transitive	androidx.compose.animation:animation-core-android:1.11.2
:m17	transitive	androidx.compose.animation:animation-core:1.11.2
:m17	transitive	androidx.compose.animation:animation:1.11.2
:m17	transitive	androidx.compose.foundation:foundation-android:1.11.2
:m17	transitive	androidx.compose.foundation:foundation-layout-android:1.11.2
:m17	transitive	androidx.compose.foundation:foundation-layout:1.11.2
:m17	transitive	androidx.compose.foundation:foundation:1.11.2
:m17	transitive	androidx.compose.material3.adaptive:adaptive-android:1.3.0-beta02
:m16	transitive	androidx.compose.runtime:runtime-saveable-js:1.11.2
:m17	transitive	androidx.compose.material3.adaptive:adaptive-layout-android:1.3.0-beta02
:m16	transitive	androidx.compose.runtime:runtime-saveable-wasm-js:1.11.2
:m17	transitive	androidx.compose.material3.adaptive:adaptive-layout:1.3.0-beta02
:m16	transitive	androidx.compose.runtime:runtime-saveable:1.11.2
:m16	transitive	androidx.compose.runtime:runtime-wasm-js:1.11.2
:m16	transitive	androidx.compose.runtime:runtime:1.11.2
:m17	transitive	androidx.compose.material3.adaptive:adaptive:1.3.0-beta02
:m16	transitive	androidx.compose.ui:ui-android:1.11.2
:m16	transitive	androidx.compose.ui:ui-geometry-android:1.11.2
:m16	transitive	androidx.compose.ui:ui-geometry:1.11.2
:m16	transitive	androidx.compose.ui:ui-graphics-android:1.11.2
:m16	transitive	androidx.compose.ui:ui-graphics:1.11.2
:m16	transitive	androidx.compose.ui:ui-text-android:1.11.2
:m16	transitive	androidx.compose.ui:ui-text:1.11.2
:m16	transitive	androidx.compose.ui:ui-tooling-android:1.11.2
:m16	transitive	androidx.compose.ui:ui-tooling-data-android:1.11.2
:m16	transitive	androidx.compose.ui:ui-tooling-data:1.11.2
:m16	transitive	androidx.compose.ui:ui-tooling-preview-android:1.11.2
:m16	transitive	androidx.compose.ui:ui-tooling-preview:1.11.2
:m16	transitive	androidx.compose.ui:ui-tooling:1.11.2
:m16	transitive	androidx.compose.ui:ui-unit-android:1.11.2
:m16	transitive	androidx.compose.ui:ui-unit:1.11.2
:m16	transitive	androidx.compose.ui:ui-util-android:1.11.2
:m16	transitive	androidx.compose.ui:ui-util:1.11.2
:m16	transitive	androidx.compose.ui:ui:1.11.2
:m16	transitive	androidx.concurrent:concurrent-futures:1.1.0
:m16	transitive	androidx.core:core-ktx:1.18.0
:m16	transitive	androidx.core:core-viewtree:1.0.0
:m16	transitive	androidx.core:core:1.18.0
:m16	transitive	androidx.credentials:credentials-play-services-auth:1.6.0
:m16	transitive	androidx.credentials:credentials:1.6.0
:m16	transitive	androidx.cursoradapter:cursoradapter:1.0.0
:m16	transitive	androidx.customview:customview-poolingcontainer:1.0.0
:m16	transitive	androidx.customview:customview:1.0.0
:m16	transitive	androidx.datastore:datastore-android:1.2.1
:m16	transitive	androidx.datastore:datastore-core-android:1.2.1
:m16	transitive	androidx.datastore:datastore-core-iosarm64:1.2.1
:m16	transitive	androidx.datastore:datastore-core-iossimulatorarm64:1.2.1
:m16	transitive	androidx.datastore:datastore-core-jvm:1.2.1
:m16	transitive	androidx.datastore:datastore-core-okio-iosarm64:1.2.1
:m16	transitive	androidx.datastore:datastore-core-okio-iossimulatorarm64:1.2.1
:m16	transitive	androidx.datastore:datastore-core-okio-jvm:1.2.1
:m16	transitive	androidx.datastore:datastore-core-okio:1.2.1
:m16	transitive	androidx.datastore:datastore-core:1.2.1
:m16	transitive	androidx.datastore:datastore-jvm:1.2.1
:m16	transitive	androidx.datastore:datastore-preferences-android:1.2.1
:m17	transitive	androidx.compose.material3:material3-android:1.5.0-alpha08
:m17	transitive	androidx.compose.material3:material3:1.5.0-alpha08
:m17	transitive	androidx.compose.material:material-icons-core-android:1.7.6
:m17	transitive	androidx.compose.material:material-icons-core:1.7.6
:m17	transitive	androidx.compose.material:material-icons-extended-android:1.7.6
:m17	transitive	androidx.compose.material:material-icons-extended:1.7.6
:m17	transitive	androidx.compose.material:material-ripple-android:1.9.4
:m17	transitive	androidx.compose.material:material-ripple:1.9.4
:m17	transitive	androidx.compose.runtime:runtime-android:1.11.2
:m17	transitive	androidx.compose.runtime:runtime-annotation-android:1.11.2
:m17	transitive	androidx.compose.runtime:runtime-annotation-iosarm64:1.11.2
:m17	transitive	androidx.compose.runtime:runtime-annotation-iossimulatorarm64:1.11.2
:m17	transitive	androidx.compose.runtime:runtime-annotation-js:1.11.2
:m17	transitive	androidx.compose.runtime:runtime-annotation-jvm:1.11.2
:m17	transitive	androidx.compose.runtime:runtime-annotation-wasm-js:1.11.2
:m17	transitive	androidx.compose.runtime:runtime-annotation:1.11.2
:m17	transitive	androidx.compose.runtime:runtime-desktop:1.11.2
:m17	transitive	androidx.compose.runtime:runtime-iosarm64:1.11.2
:m17	transitive	androidx.compose.runtime:runtime-iossimulatorarm64:1.11.2
:m17	transitive	androidx.compose.runtime:runtime-js:1.11.2
:m17	transitive	androidx.compose.runtime:runtime-retain-android:1.11.2
:m17	transitive	androidx.compose.runtime:runtime-retain-desktop:1.11.2
:m17	transitive	androidx.compose.runtime:runtime-retain-iosarm64:1.11.2
:m17	transitive	androidx.compose.runtime:runtime-retain-iossimulatorarm64:1.11.2
:m17	transitive	androidx.compose.runtime:runtime-retain-js:1.11.2
:m17	transitive	androidx.compose.runtime:runtime-retain-wasm-js:1.11.2
:m17	transitive	androidx.compose.runtime:runtime-retain:1.11.2
:m17	transitive	androidx.compose.runtime:runtime-saveable-android:1.11.2
:m17	transitive	androidx.compose.runtime:runtime-saveable-desktop:1.11.2
:m17	transitive	androidx.compose.runtime:runtime-saveable-iosarm64:1.11.2
:m17	transitive	androidx.compose.runtime:runtime-saveable-iossimulatorarm64:1.11.2
:m17	transitive	androidx.compose.runtime:runtime-saveable-js:1.11.2
:m17	transitive	androidx.compose.runtime:runtime-saveable-wasm-js:1.11.2
:m17	transitive	androidx.compose.runtime:runtime-saveable:1.11.2
:m17	transitive	androidx.compose.runtime:runtime-wasm-js:1.11.2
:m17	transitive	androidx.compose.runtime:runtime:1.11.2
:m17	transitive	androidx.compose.ui:ui-android:1.11.2
:m17	transitive	androidx.compose.ui:ui-geometry-android:1.11.2
:m17	transitive	androidx.compose.ui:ui-geometry:1.11.2
:m17	transitive	androidx.compose.ui:ui-graphics-android:1.11.2
:m17	transitive	androidx.compose.ui:ui-graphics:1.11.2
:m17	transitive	androidx.compose.ui:ui-text-android:1.11.2
:m17	transitive	androidx.compose.ui:ui-text:1.11.2
:m17	transitive	androidx.compose.ui:ui-tooling-android:1.11.2
:m17	transitive	androidx.compose.ui:ui-tooling-data-android:1.11.2
:m17	transitive	androidx.compose.ui:ui-tooling-data:1.11.2
:m17	transitive	androidx.compose.ui:ui-tooling-preview-android:1.11.2
:m17	transitive	androidx.compose.ui:ui-tooling-preview:1.11.2
:m17	transitive	androidx.compose.ui:ui-tooling:1.11.2
:m17	transitive	androidx.compose.ui:ui-unit-android:1.11.2
:m17	transitive	androidx.compose.ui:ui-unit:1.11.2
:m17	transitive	androidx.compose.ui:ui-util-android:1.11.2
:m17	transitive	androidx.compose.ui:ui-util:1.11.2
:m17	transitive	androidx.compose.ui:ui:1.11.2
:m17	transitive	androidx.concurrent:concurrent-futures:1.1.0
:m17	transitive	androidx.core:core-ktx:1.18.0
:m17	transitive	androidx.core:core-viewtree:1.0.0
:m17	transitive	androidx.core:core:1.18.0
:m17	transitive	androidx.credentials:credentials-play-services-auth:1.6.0
:m17	transitive	androidx.credentials:credentials:1.6.0
:m17	transitive	androidx.cursoradapter:cursoradapter:1.0.0
:m17	transitive	androidx.customview:customview-poolingcontainer:1.0.0
:m17	transitive	androidx.customview:customview:1.0.0
:m17	transitive	androidx.datastore:datastore-android:1.2.1
:m17	transitive	androidx.datastore:datastore-core-android:1.2.1
:m17	transitive	androidx.datastore:datastore-core-iosarm64:1.2.1
:m17	transitive	androidx.datastore:datastore-core-iossimulatorarm64:1.2.1
:m17	transitive	androidx.datastore:datastore-core-jvm:1.2.1
:m17	transitive	androidx.datastore:datastore-core-okio-iosarm64:1.2.1
:m17	transitive	androidx.datastore:datastore-core-okio-iossimulatorarm64:1.2.1
:m17	transitive	androidx.datastore:datastore-core-okio-jvm:1.2.1
:m17	transitive	androidx.datastore:datastore-core-okio:1.2.1
:m17	transitive	androidx.datastore:datastore-core:1.2.1
:m17	transitive	androidx.datastore:datastore-jvm:1.2.1
:m17	transitive	androidx.datastore:datastore-preferences-android:1.2.1
:m17	transitive	androidx.datastore:datastore-preferences-core-android:1.2.1
:m17	transitive	androidx.datastore:datastore-preferences-core-iosarm64:1.2.1
:m17	transitive	androidx.datastore:datastore-preferences-core-iossimulatorarm64:1.2.1
:m17	transitive	androidx.datastore:datastore-preferences-core-jvm:1.2.1
:m17	transitive	androidx.datastore:datastore-preferences-core:1.2.1
:m17	transitive	androidx.datastore:datastore-preferences-external-protobuf:1.2.1
:m17	transitive	androidx.datastore:datastore-preferences-jvm:1.2.1
:m17	transitive	androidx.datastore:datastore-preferences-proto:1.2.1
:m17	transitive	androidx.datastore:datastore-preferences:1.2.1
:m17	transitive	androidx.datastore:datastore:1.2.1
:m17	transitive	androidx.documentfile:documentfile:1.0.0
:m17	transitive	androidx.drawerlayout:drawerlayout:1.0.0
:m17	transitive	androidx.dynamicanimation:dynamicanimation:1.0.0
:m17	transitive	androidx.emoji2:emoji2-views-helper:1.4.0
:m17	transitive	androidx.emoji2:emoji2:1.4.0
:m17	transitive	androidx.fragment:fragment-ktx:1.8.9
:m17	transitive	androidx.fragment:fragment:1.8.9
:m17	transitive	androidx.graphics:graphics-path:1.0.1
:m17	transitive	androidx.graphics:graphics-shapes-android:1.1.0
:m17	transitive	androidx.graphics:graphics-shapes-desktop:1.1.0
:m17	transitive	androidx.graphics:graphics-shapes-iosarm64:1.1.0
:m17	transitive	androidx.graphics:graphics-shapes-iossimulatorarm64:1.1.0
:m17	transitive	androidx.graphics:graphics-shapes-js:1.1.0
:m17	transitive	androidx.graphics:graphics-shapes-wasm-js:1.1.0
:m17	transitive	androidx.graphics:graphics-shapes:1.1.0
:m17	transitive	androidx.interpolator:interpolator:1.0.0
:m17	transitive	androidx.legacy:legacy-support-core-utils:1.0.0
:m17	transitive	androidx.lifecycle:lifecycle-common-iosarm64:2.11.0
:m17	transitive	androidx.lifecycle:lifecycle-common-iosarm64:2.9.4
:m17	transitive	androidx.lifecycle:lifecycle-common-iossimulatorarm64:2.11.0
:m17	transitive	androidx.lifecycle:lifecycle-common-iossimulatorarm64:2.9.4
:m16	transitive	androidx.datastore:datastore-preferences-core-android:1.2.1
:m17	transitive	androidx.lifecycle:lifecycle-common-java8:2.11.0
:m16	transitive	androidx.datastore:datastore-preferences-core-iosarm64:1.2.1
:m17	transitive	androidx.lifecycle:lifecycle-common-js:2.11.0
:m16	transitive	androidx.datastore:datastore-preferences-core-iossimulatorarm64:1.2.1
:m16	transitive	androidx.datastore:datastore-preferences-core-jvm:1.2.1
:m16	transitive	androidx.datastore:datastore-preferences-core:1.2.1
:m16	transitive	androidx.datastore:datastore-preferences-external-protobuf:1.2.1
:m16	transitive	androidx.datastore:datastore-preferences-jvm:1.2.1
:m16	transitive	androidx.datastore:datastore-preferences-proto:1.2.1
:m16	transitive	androidx.datastore:datastore-preferences:1.2.1
:m16	transitive	androidx.datastore:datastore:1.2.1
:m16	transitive	androidx.documentfile:documentfile:1.0.0
:m16	transitive	androidx.drawerlayout:drawerlayout:1.0.0
:m16	transitive	androidx.dynamicanimation:dynamicanimation:1.0.0
:m16	transitive	androidx.emoji2:emoji2-views-helper:1.4.0
:m16	transitive	androidx.emoji2:emoji2:1.4.0
:m16	transitive	androidx.fragment:fragment-ktx:1.8.9
:m16	transitive	androidx.fragment:fragment:1.8.9
:m16	transitive	androidx.graphics:graphics-path:1.0.1
:m16	transitive	androidx.graphics:graphics-shapes-android:1.1.0
:m16	transitive	androidx.graphics:graphics-shapes-desktop:1.1.0
:m16	transitive	androidx.graphics:graphics-shapes-iosarm64:1.1.0
:m16	transitive	androidx.graphics:graphics-shapes-iossimulatorarm64:1.1.0
:m16	transitive	androidx.graphics:graphics-shapes-js:1.1.0
:m16	transitive	androidx.graphics:graphics-shapes-wasm-js:1.1.0
:m16	transitive	androidx.graphics:graphics-shapes:1.1.0
:m16	transitive	androidx.interpolator:interpolator:1.0.0
:m17	transitive	androidx.lifecycle:lifecycle-common-js:2.9.4
:m16	transitive	androidx.legacy:legacy-support-core-utils:1.0.0
:m17	transitive	androidx.lifecycle:lifecycle-common-jvm:2.11.0
:m16	transitive	androidx.lifecycle:lifecycle-common-iosarm64:2.11.0
:m16	transitive	androidx.lifecycle:lifecycle-common-iosarm64:2.9.4
:m16	transitive	androidx.lifecycle:lifecycle-common-iossimulatorarm64:2.11.0
:m16	transitive	androidx.lifecycle:lifecycle-common-iossimulatorarm64:2.9.4
:m16	transitive	androidx.lifecycle:lifecycle-common-java8:2.11.0
:m16	transitive	androidx.lifecycle:lifecycle-common-js:2.11.0
:m16	transitive	androidx.lifecycle:lifecycle-common-js:2.9.4
:m16	transitive	androidx.lifecycle:lifecycle-common-jvm:2.11.0
:m16	transitive	androidx.lifecycle:lifecycle-common-jvm:2.9.4
:m16	transitive	androidx.lifecycle:lifecycle-common-wasm-js:2.11.0
:m16	transitive	androidx.lifecycle:lifecycle-common-wasm-js:2.9.4
:m16	transitive	androidx.lifecycle:lifecycle-common:2.11.0
:m16	transitive	androidx.lifecycle:lifecycle-common:2.9.4
:m16	transitive	androidx.lifecycle:lifecycle-livedata-core-ktx:2.11.0
:m16	transitive	androidx.lifecycle:lifecycle-livedata-core:2.11.0
:m16	transitive	androidx.lifecycle:lifecycle-process:2.11.0
:m16	transitive	androidx.lifecycle:lifecycle-runtime-android:2.11.0
:m16	transitive	androidx.lifecycle:lifecycle-runtime-android:2.9.4
:m16	transitive	androidx.lifecycle:lifecycle-runtime-compose-android:2.11.0
:m17	transitive	androidx.lifecycle:lifecycle-common-jvm:2.9.4
:m16	transitive	androidx.lifecycle:lifecycle-runtime-compose-android:2.9.4
:m17	transitive	androidx.lifecycle:lifecycle-common-wasm-js:2.11.0
:m17	transitive	androidx.lifecycle:lifecycle-common-wasm-js:2.9.4
:m17	transitive	androidx.lifecycle:lifecycle-common:2.11.0
:m17	transitive	androidx.lifecycle:lifecycle-common:2.9.4
:m17	transitive	androidx.lifecycle:lifecycle-livedata-core-ktx:2.11.0
:m17	transitive	androidx.lifecycle:lifecycle-livedata-core:2.11.0
:m17	transitive	androidx.lifecycle:lifecycle-process:2.11.0
:m17	transitive	androidx.lifecycle:lifecycle-runtime-android:2.11.0
:m17	transitive	androidx.lifecycle:lifecycle-runtime-android:2.9.4
:m17	transitive	androidx.lifecycle:lifecycle-runtime-compose-android:2.11.0
:m17	transitive	androidx.lifecycle:lifecycle-runtime-compose-android:2.9.4
:m17	transitive	androidx.lifecycle:lifecycle-runtime-compose-desktop:2.11.0
:m17	transitive	androidx.lifecycle:lifecycle-runtime-compose-desktop:2.9.4
:m17	transitive	androidx.lifecycle:lifecycle-runtime-compose-iosarm64:2.11.0
:m17	transitive	androidx.lifecycle:lifecycle-runtime-compose-iosarm64:2.9.4
:m17	transitive	androidx.lifecycle:lifecycle-runtime-compose-iossimulatorarm64:2.11.0
:m17	transitive	androidx.lifecycle:lifecycle-runtime-compose-iossimulatorarm64:2.9.4
:m17	transitive	androidx.lifecycle:lifecycle-runtime-compose-js:2.11.0
:m17	transitive	androidx.lifecycle:lifecycle-runtime-compose-js:2.9.4
:m17	transitive	androidx.lifecycle:lifecycle-runtime-compose-wasm-js:2.11.0
:m17	transitive	androidx.lifecycle:lifecycle-runtime-compose-wasm-js:2.9.4
:m17	transitive	androidx.lifecycle:lifecycle-runtime-compose:2.11.0
:m17	transitive	androidx.lifecycle:lifecycle-runtime-compose:2.9.4
:m17	transitive	androidx.lifecycle:lifecycle-runtime-desktop:2.11.0
:m17	transitive	androidx.lifecycle:lifecycle-runtime-desktop:2.9.4
:m17	transitive	androidx.lifecycle:lifecycle-runtime-iosarm64:2.11.0
:m17	transitive	androidx.lifecycle:lifecycle-runtime-iosarm64:2.9.4
:m17	transitive	androidx.lifecycle:lifecycle-runtime-iossimulatorarm64:2.11.0
:m17	transitive	androidx.lifecycle:lifecycle-runtime-iossimulatorarm64:2.9.4
:m17	transitive	androidx.lifecycle:lifecycle-runtime-js:2.11.0
:m17	transitive	androidx.lifecycle:lifecycle-runtime-js:2.9.4
:m17	transitive	androidx.lifecycle:lifecycle-runtime-ktx-android:2.11.0
:m17	transitive	androidx.lifecycle:lifecycle-runtime-ktx-android:2.9.4
:m17	transitive	androidx.lifecycle:lifecycle-runtime-ktx:2.11.0
:m17	transitive	androidx.lifecycle:lifecycle-runtime-ktx:2.9.4
:m17	transitive	androidx.lifecycle:lifecycle-runtime-wasm-js:2.11.0
:m17	transitive	androidx.lifecycle:lifecycle-runtime-wasm-js:2.9.4
:m17	transitive	androidx.lifecycle:lifecycle-runtime:2.11.0
:m17	transitive	androidx.lifecycle:lifecycle-runtime:2.9.4
:m17	transitive	androidx.lifecycle:lifecycle-viewmodel-android:2.11.0
:m17	transitive	androidx.lifecycle:lifecycle-viewmodel-compose-android:2.11.0
:m17	transitive	androidx.lifecycle:lifecycle-viewmodel-compose-desktop:2.11.0
:m17	transitive	androidx.lifecycle:lifecycle-viewmodel-compose-iosarm64:2.11.0
:m17	transitive	androidx.lifecycle:lifecycle-viewmodel-compose-iossimulatorarm64:2.11.0
:m17	transitive	androidx.lifecycle:lifecycle-viewmodel-compose-js:2.11.0
:m17	transitive	androidx.lifecycle:lifecycle-viewmodel-compose-wasm-js:2.11.0
:m17	transitive	androidx.lifecycle:lifecycle-viewmodel-compose:2.11.0
:m17	transitive	androidx.lifecycle:lifecycle-viewmodel-desktop:2.11.0
:m17	transitive	androidx.lifecycle:lifecycle-viewmodel-iosarm64:2.11.0
:m17	transitive	androidx.lifecycle:lifecycle-viewmodel-iosarm64:2.9.4
:m17	transitive	androidx.lifecycle:lifecycle-viewmodel-iossimulatorarm64:2.11.0
:m17	transitive	androidx.lifecycle:lifecycle-viewmodel-iossimulatorarm64:2.9.4
:m17	transitive	androidx.lifecycle:lifecycle-viewmodel-js:2.11.0
:m17	transitive	androidx.lifecycle:lifecycle-viewmodel-ktx:2.11.0
:m17	transitive	androidx.lifecycle:lifecycle-viewmodel-savedstate-android:2.11.0
:m17	transitive	androidx.lifecycle:lifecycle-viewmodel-savedstate-desktop:2.11.0
:m17	transitive	androidx.lifecycle:lifecycle-viewmodel-savedstate-iosarm64:2.11.0
:m17	transitive	androidx.lifecycle:lifecycle-viewmodel-savedstate-iosarm64:2.9.4
:m17	transitive	androidx.lifecycle:lifecycle-viewmodel-savedstate-iossimulatorarm64:2.11.0
:m16	transitive	androidx.lifecycle:lifecycle-runtime-compose-desktop:2.11.0
:m17	transitive	androidx.lifecycle:lifecycle-viewmodel-savedstate-iossimulatorarm64:2.9.4
:m17	transitive	androidx.lifecycle:lifecycle-viewmodel-savedstate-js:2.11.0
:m17	transitive	androidx.lifecycle:lifecycle-viewmodel-savedstate-wasm-js:2.11.0
:m17	transitive	androidx.lifecycle:lifecycle-viewmodel-savedstate:2.11.0
:m17	transitive	androidx.lifecycle:lifecycle-viewmodel-savedstate:2.9.4
:m17	transitive	androidx.lifecycle:lifecycle-viewmodel-wasm-js:2.11.0
:m17	transitive	androidx.lifecycle:lifecycle-viewmodel:2.11.0
:m17	transitive	androidx.lifecycle:lifecycle-viewmodel:2.9.4
:m17	transitive	androidx.loader:loader:1.1.0
:m17	transitive	androidx.localbroadcastmanager:localbroadcastmanager:1.0.0
:m17	transitive	androidx.navigationevent:navigationevent-android:1.0.0
:m17	transitive	androidx.navigationevent:navigationevent-compose-android:1.0.0
:m17	transitive	androidx.navigationevent:navigationevent-compose:1.0.0
:m17	transitive	androidx.navigationevent:navigationevent-desktop:1.0.1
:m17	transitive	androidx.navigationevent:navigationevent-iosarm64:1.0.1
:m17	transitive	androidx.navigationevent:navigationevent-iossimulatorarm64:1.0.1
:m17	transitive	androidx.navigationevent:navigationevent-js:1.0.1
:m17	transitive	androidx.navigationevent:navigationevent-wasm-js:1.0.1
:m17	transitive	androidx.navigationevent:navigationevent:1.0.0
:m17	transitive	androidx.navigationevent:navigationevent:1.0.1
:m17	transitive	androidx.print:print:1.0.0
:m17	transitive	androidx.profileinstaller:profileinstaller:1.4.0
:m17	transitive	androidx.resourceinspection:resourceinspection-annotation:1.0.1
:m17	transitive	androidx.savedstate:savedstate-android:1.4.0
:m17	transitive	androidx.savedstate:savedstate-compose-android:1.4.0
:m17	transitive	androidx.savedstate:savedstate-compose-desktop:1.4.0
:m17	transitive	androidx.savedstate:savedstate-compose-iosarm64:1.4.0
:m17	transitive	androidx.savedstate:savedstate-compose-iossimulatorarm64:1.4.0
:m17	transitive	androidx.savedstate:savedstate-compose-js:1.4.0
:m17	transitive	androidx.savedstate:savedstate-compose-wasm-js:1.4.0
:m17	transitive	androidx.savedstate:savedstate-compose:1.4.0
:m17	transitive	androidx.savedstate:savedstate-desktop:1.4.0
:m17	transitive	androidx.savedstate:savedstate-iosarm64:1.4.0
:m17	transitive	androidx.savedstate:savedstate-iossimulatorarm64:1.4.0
:m17	transitive	androidx.savedstate:savedstate-js:1.4.0
:m17	transitive	androidx.savedstate:savedstate-ktx:1.4.0
:m17	transitive	androidx.savedstate:savedstate-wasm-js:1.4.0
:m17	transitive	androidx.savedstate:savedstate:1.4.0
:m17	transitive	androidx.startup:startup-runtime:1.2.0
:m17	transitive	androidx.tracing:tracing:1.2.0
:m17	transitive	androidx.transition:transition:1.6.0
:m17	transitive	androidx.vectordrawable:vectordrawable-animated:1.1.0
:m17	transitive	androidx.vectordrawable:vectordrawable:1.1.0
:m17	transitive	androidx.versionedparcelable:versionedparcelable:1.1.1
:m17	transitive	androidx.viewpager:viewpager:1.0.0
:m17	transitive	androidx.window:window-core-android:1.5.0
:m17	transitive	androidx.window:window-core-iosarm64:1.5.0
:m17	transitive	androidx.window:window-core-iossimulatorarm64:1.5.0
:m17	transitive	androidx.window:window-core-js:1.5.0
:m17	transitive	androidx.window:window-core-jvm:1.5.0
:m17	transitive	androidx.window:window-core-wasm-js:1.5.0
:m17	transitive	androidx.window:window-core:1.5.0
:m17	transitive	androidx.window:window:1.5.0
:m17	transitive	co.touchlab:stately-concurrency-iosarm64:2.1.0
:m17	transitive	co.touchlab:stately-concurrency-iossimulatorarm64:2.1.0
:m17	transitive	co.touchlab:stately-concurrency-js:2.1.0
:m17	transitive	co.touchlab:stately-concurrency-jvm:2.1.0
:m17	transitive	co.touchlab:stately-concurrency-wasm-js:2.1.0
:m17	transitive	co.touchlab:stately-concurrency:2.1.0
:m17	transitive	co.touchlab:stately-concurrent-collections-iosarm64:2.1.0
:m17	transitive	co.touchlab:stately-concurrent-collections-iossimulatorarm64:2.1.0
:m17	transitive	co.touchlab:stately-concurrent-collections-js:2.1.0
:m17	transitive	co.touchlab:stately-concurrent-collections-jvm:2.1.0
:m17	transitive	co.touchlab:stately-concurrent-collections-wasm-js:2.1.0
:m17	transitive	co.touchlab:stately-concurrent-collections:2.1.0
:m16	transitive	androidx.lifecycle:lifecycle-runtime-compose-desktop:2.9.4
:m17	transitive	co.touchlab:stately-strict-iosarm64:2.1.0
:m17	transitive	co.touchlab:stately-strict-iossimulatorarm64:2.1.0
:m17	transitive	co.touchlab:stately-strict-js:2.1.0
:m16	transitive	androidx.lifecycle:lifecycle-runtime-compose-iosarm64:2.11.0
:m16	transitive	androidx.lifecycle:lifecycle-runtime-compose-iosarm64:2.9.4
:m17	transitive	co.touchlab:stately-strict-jvm:2.1.0
:m16	transitive	androidx.lifecycle:lifecycle-runtime-compose-iossimulatorarm64:2.11.0
:m17	transitive	co.touchlab:stately-strict-wasm-js:2.1.0
:m16	transitive	androidx.lifecycle:lifecycle-runtime-compose-iossimulatorarm64:2.9.4
:m16	transitive	androidx.lifecycle:lifecycle-runtime-compose-js:2.11.0
:m16	transitive	androidx.lifecycle:lifecycle-runtime-compose-js:2.9.4
:m16	transitive	androidx.lifecycle:lifecycle-runtime-compose-wasm-js:2.11.0
:m16	transitive	androidx.lifecycle:lifecycle-runtime-compose-wasm-js:2.9.4
:m16	transitive	androidx.lifecycle:lifecycle-runtime-compose:2.11.0
:m16	transitive	androidx.lifecycle:lifecycle-runtime-compose:2.9.4
:m16	transitive	androidx.lifecycle:lifecycle-runtime-desktop:2.11.0
:m16	transitive	androidx.lifecycle:lifecycle-runtime-desktop:2.9.4
:m16	transitive	androidx.lifecycle:lifecycle-runtime-iosarm64:2.11.0
:m16	transitive	androidx.lifecycle:lifecycle-runtime-iosarm64:2.9.4
:m16	transitive	androidx.lifecycle:lifecycle-runtime-iossimulatorarm64:2.11.0
:m16	transitive	androidx.lifecycle:lifecycle-runtime-iossimulatorarm64:2.9.4
:m16	transitive	androidx.lifecycle:lifecycle-runtime-js:2.11.0
:m16	transitive	androidx.lifecycle:lifecycle-runtime-js:2.9.4
:m16	transitive	androidx.lifecycle:lifecycle-runtime-ktx-android:2.11.0
:m16	transitive	androidx.lifecycle:lifecycle-runtime-ktx-android:2.9.4
:m16	transitive	androidx.lifecycle:lifecycle-runtime-ktx:2.11.0
:m16	transitive	androidx.lifecycle:lifecycle-runtime-ktx:2.9.4
:m16	transitive	androidx.lifecycle:lifecycle-runtime-wasm-js:2.11.0
:m16	transitive	androidx.lifecycle:lifecycle-runtime-wasm-js:2.9.4
:m16	transitive	androidx.lifecycle:lifecycle-runtime:2.11.0
:m16	transitive	androidx.lifecycle:lifecycle-runtime:2.9.4
:m16	transitive	androidx.lifecycle:lifecycle-viewmodel-android:2.11.0
:m16	transitive	androidx.lifecycle:lifecycle-viewmodel-compose-android:2.11.0
:m16	transitive	androidx.lifecycle:lifecycle-viewmodel-compose-desktop:2.11.0
:m16	transitive	androidx.lifecycle:lifecycle-viewmodel-compose-iosarm64:2.11.0
:m16	transitive	androidx.lifecycle:lifecycle-viewmodel-compose-iossimulatorarm64:2.11.0
:m16	transitive	androidx.lifecycle:lifecycle-viewmodel-compose-js:2.11.0
:m16	transitive	androidx.lifecycle:lifecycle-viewmodel-compose-wasm-js:2.11.0
:m17	transitive	co.touchlab:stately-strict:2.1.0
:m17	transitive	com.google.android.gms:play-services-auth-api-phone:18.0.2
:m17	transitive	com.google.android.gms:play-services-auth-base:18.0.10
:m17	transitive	com.google.android.gms:play-services-auth-blockstore:16.4.0
:m17	transitive	com.google.android.gms:play-services-auth:21.1.1
:m17	transitive	com.google.android.gms:play-services-base:18.5.0
:m17	transitive	com.google.android.gms:play-services-basement:18.5.0
:m17	transitive	com.google.android.gms:play-services-fido:21.0.0
:m17	transitive	com.google.android.gms:play-services-identity-credentials:16.0.0-alpha08
:m17	transitive	com.google.android.gms:play-services-tasks:18.2.0
:m17	transitive	com.google.android.libraries.identity.googleid:googleid:1.2.0
:m17	transitive	com.google.guava:listenablefuture:1.0
:m17	transitive	com.mikepenz:multiplatform-markdown-renderer-android:0.43.0
:m17	transitive	com.mikepenz:multiplatform-markdown-renderer-iosarm64:0.43.0
:m17	transitive	com.mikepenz:multiplatform-markdown-renderer-iossimulatorarm64:0.43.0
:m17	transitive	com.mikepenz:multiplatform-markdown-renderer-js:0.43.0
:m17	transitive	com.mikepenz:multiplatform-markdown-renderer-jvm:0.43.0
:m17	transitive	com.mikepenz:multiplatform-markdown-renderer-m3-android:0.43.0
:m17	transitive	com.mikepenz:multiplatform-markdown-renderer-m3-iosarm64:0.43.0
:m17	transitive	com.mikepenz:multiplatform-markdown-renderer-m3-iossimulatorarm64:0.43.0
:m17	transitive	com.mikepenz:multiplatform-markdown-renderer-m3-js:0.43.0
:m17	transitive	com.mikepenz:multiplatform-markdown-renderer-m3-jvm:0.43.0
:m17	transitive	com.mikepenz:multiplatform-markdown-renderer-m3-wasm-js:0.43.0
:m17	transitive	com.mikepenz:multiplatform-markdown-renderer-m3:0.43.0
:m17	transitive	com.mikepenz:multiplatform-markdown-renderer-wasm-js:0.43.0
:m17	transitive	com.mikepenz:multiplatform-markdown-renderer:0.43.0
:m17	transitive	com.squareup.okio:okio-iosarm64:3.9.1
:m17	transitive	com.squareup.okio:okio-iossimulatorarm64:3.9.1
:m17	transitive	com.squareup.okio:okio-jvm:3.9.1
:m17	transitive	com.squareup.okio:okio:3.9.1
:m17	transitive	dev.whyoleg.cryptography:cryptography-bigint-iosarm64:0.6.0
:m17	transitive	dev.whyoleg.cryptography:cryptography-bigint-iossimulatorarm64:0.6.0
:m17	transitive	dev.whyoleg.cryptography:cryptography-bigint:0.6.0
:m17	transitive	dev.whyoleg.cryptography:cryptography-core-iosarm64:0.6.0
:m17	transitive	dev.whyoleg.cryptography:cryptography-core-iossimulatorarm64:0.6.0
:m17	transitive	dev.whyoleg.cryptography:cryptography-core:0.6.0
:m17	transitive	dev.whyoleg.cryptography:cryptography-provider-base-iosarm64:0.6.0
:m17	transitive	dev.whyoleg.cryptography:cryptography-provider-base-iossimulatorarm64:0.6.0
:m17	transitive	dev.whyoleg.cryptography:cryptography-provider-base:0.6.0
:m17	transitive	dev.whyoleg.cryptography:cryptography-provider-cryptokit-iosarm64:0.6.0
:m17	transitive	dev.whyoleg.cryptography:cryptography-provider-cryptokit-iossimulatorarm64:0.6.0
:m17	transitive	dev.whyoleg.cryptography:cryptography-provider-cryptokit:0.6.0
:m17	transitive	dev.whyoleg.cryptography:cryptography-random-iosarm64:0.6.0
:m17	transitive	dev.whyoleg.cryptography:cryptography-random-iossimulatorarm64:0.6.0
:m17	transitive	dev.whyoleg.cryptography:cryptography-random:0.6.0
:m17	transitive	dev.whyoleg.cryptography:cryptography-serialization-asn1-iosarm64:0.6.0
:m17	transitive	dev.whyoleg.cryptography:cryptography-serialization-asn1-iossimulatorarm64:0.6.0
:m17	transitive	dev.whyoleg.cryptography:cryptography-serialization-asn1-modules-iosarm64:0.6.0
:m17	transitive	dev.whyoleg.cryptography:cryptography-serialization-asn1-modules-iossimulatorarm64:0.6.0
:m17	transitive	dev.whyoleg.cryptography:cryptography-serialization-asn1-modules:0.6.0
:m17	transitive	dev.whyoleg.cryptography:cryptography-serialization-asn1:0.6.0
:m16	transitive	androidx.lifecycle:lifecycle-viewmodel-compose:2.11.0
:m16	transitive	androidx.lifecycle:lifecycle-viewmodel-desktop:2.11.0
:m16	transitive	androidx.lifecycle:lifecycle-viewmodel-iosarm64:2.11.0
:m16	transitive	androidx.lifecycle:lifecycle-viewmodel-iosarm64:2.9.4
:m16	transitive	androidx.lifecycle:lifecycle-viewmodel-iossimulatorarm64:2.11.0
:m16	transitive	androidx.lifecycle:lifecycle-viewmodel-iossimulatorarm64:2.9.4
:m16	transitive	androidx.lifecycle:lifecycle-viewmodel-js:2.11.0
:m16	transitive	androidx.lifecycle:lifecycle-viewmodel-ktx:2.11.0
:m16	transitive	androidx.lifecycle:lifecycle-viewmodel-savedstate-android:2.11.0
:m16	transitive	androidx.lifecycle:lifecycle-viewmodel-savedstate-desktop:2.11.0
:m16	transitive	androidx.lifecycle:lifecycle-viewmodel-savedstate-iosarm64:2.11.0
:m16	transitive	androidx.lifecycle:lifecycle-viewmodel-savedstate-iosarm64:2.9.4
:m16	transitive	androidx.lifecycle:lifecycle-viewmodel-savedstate-iossimulatorarm64:2.11.0
:m16	transitive	androidx.lifecycle:lifecycle-viewmodel-savedstate-iossimulatorarm64:2.9.4
:m16	transitive	androidx.lifecycle:lifecycle-viewmodel-savedstate-js:2.11.0
:m16	transitive	androidx.lifecycle:lifecycle-viewmodel-savedstate-wasm-js:2.11.0
:m16	transitive	androidx.lifecycle:lifecycle-viewmodel-savedstate:2.11.0
:m16	transitive	androidx.lifecycle:lifecycle-viewmodel-savedstate:2.9.4
:m16	transitive	androidx.lifecycle:lifecycle-viewmodel-wasm-js:2.11.0
:m16	transitive	androidx.lifecycle:lifecycle-viewmodel:2.11.0
:m16	transitive	androidx.lifecycle:lifecycle-viewmodel:2.9.4
:m16	transitive	androidx.loader:loader:1.1.0
:m16	transitive	androidx.localbroadcastmanager:localbroadcastmanager:1.0.0
:m16	transitive	androidx.navigationevent:navigationevent-android:1.0.0
:m16	transitive	androidx.navigationevent:navigationevent-compose-android:1.0.0
:m16	transitive	androidx.navigationevent:navigationevent-compose:1.0.0
:m16	transitive	androidx.navigationevent:navigationevent-desktop:1.0.1
:m16	transitive	androidx.navigationevent:navigationevent-iosarm64:1.0.1
:m17	transitive	dev.whyoleg.cryptography:cryptography-serialization-pem-iosarm64:0.6.0
:m16	transitive	androidx.navigationevent:navigationevent-iossimulatorarm64:1.0.1
:m16	transitive	androidx.navigationevent:navigationevent-js:1.0.1
:m16	transitive	androidx.navigationevent:navigationevent-wasm-js:1.0.1
:m16	transitive	androidx.navigationevent:navigationevent:1.0.0
:m16	transitive	androidx.navigationevent:navigationevent:1.0.1
:m16	transitive	androidx.print:print:1.0.0
:m16	transitive	androidx.privacysandbox.ads:ads-adservices-java:1.1.0-beta11
:m16	transitive	androidx.privacysandbox.ads:ads-adservices:1.1.0-beta11
:m17	transitive	dev.whyoleg.cryptography:cryptography-serialization-pem-iossimulatorarm64:0.6.0
:m16	transitive	androidx.profileinstaller:profileinstaller:1.4.0
:m17	transitive	dev.whyoleg.cryptography:cryptography-serialization-pem:0.6.0
:m17	transitive	eu.anifantakis:ksafe-android:3.0.0
:m17	transitive	eu.anifantakis:ksafe-iosarm64:3.0.0
:m17	transitive	eu.anifantakis:ksafe-iossimulatorarm64:3.0.0
:m17	transitive	eu.anifantakis:ksafe-js:3.0.0
:m17	transitive	eu.anifantakis:ksafe-jvm:3.0.0
:m17	transitive	eu.anifantakis:ksafe-wasm-js:3.0.0
:m17	transitive	eu.anifantakis:ksafe:3.0.0
:m17	transitive	io.insert-koin:koin-android:4.2.2
:m17	transitive	io.insert-koin:koin-compose-android:4.2.2
:m17	transitive	io.insert-koin:koin-compose-iosarm64:4.2.2
:m17	transitive	io.insert-koin:koin-compose-iossimulatorarm64:4.2.2
:m17	transitive	io.insert-koin:koin-compose-js:4.2.2
:m17	transitive	io.insert-koin:koin-compose-jvm:4.2.2
:m17	transitive	io.insert-koin:koin-compose-viewmodel-android:4.2.2
:m17	transitive	io.insert-koin:koin-compose-viewmodel-iosarm64:4.2.2
:m17	transitive	io.insert-koin:koin-compose-viewmodel-iossimulatorarm64:4.2.2
:m16	transitive	androidx.resourceinspection:resourceinspection-annotation:1.0.1
:m17	transitive	io.insert-koin:koin-compose-viewmodel-js:4.2.2
:m16	transitive	androidx.savedstate:savedstate-android:1.4.0
:m16	transitive	androidx.savedstate:savedstate-compose-android:1.4.0
:m16	transitive	androidx.savedstate:savedstate-compose-desktop:1.4.0
:m17	transitive	io.insert-koin:koin-compose-viewmodel-jvm:4.2.2
:m17	transitive	io.insert-koin:koin-compose-viewmodel-wasm-js:4.2.2
:m17	transitive	io.insert-koin:koin-compose-viewmodel:4.2.2
:m17	transitive	io.insert-koin:koin-compose-wasm-js:4.2.2
:m17	transitive	io.insert-koin:koin-compose:4.2.2
:m16	transitive	androidx.savedstate:savedstate-compose-iosarm64:1.4.0
:m16	transitive	androidx.savedstate:savedstate-compose-iossimulatorarm64:1.4.0
:m16	transitive	androidx.savedstate:savedstate-compose-js:1.4.0
:m16	transitive	androidx.savedstate:savedstate-compose-wasm-js:1.4.0
:m16	transitive	androidx.savedstate:savedstate-compose:1.4.0
:m16	transitive	androidx.savedstate:savedstate-desktop:1.4.0
:m16	transitive	androidx.savedstate:savedstate-iosarm64:1.4.0
:m16	transitive	androidx.savedstate:savedstate-iossimulatorarm64:1.4.0
:m16	transitive	androidx.savedstate:savedstate-js:1.4.0
:m16	transitive	androidx.savedstate:savedstate-ktx:1.4.0
:m16	transitive	androidx.savedstate:savedstate-wasm-js:1.4.0
:m16	transitive	androidx.savedstate:savedstate:1.4.0
:m16	transitive	androidx.startup:startup-runtime:1.2.0
:m16	transitive	androidx.tracing:tracing:1.2.0
:m16	transitive	androidx.transition:transition:1.6.0
:m16	transitive	androidx.vectordrawable:vectordrawable-animated:1.1.0
:m16	transitive	androidx.vectordrawable:vectordrawable:1.1.0
:m16	transitive	androidx.versionedparcelable:versionedparcelable:1.1.1
:m16	transitive	androidx.viewpager:viewpager:1.0.0
:m16	transitive	androidx.window:window-core-android:1.5.0
:m16	transitive	androidx.window:window-core-iosarm64:1.5.0
:m16	transitive	androidx.window:window-core-iossimulatorarm64:1.5.0
:m16	transitive	androidx.window:window-core-js:1.5.0
:m16	transitive	androidx.window:window-core-jvm:1.5.0
:m16	transitive	androidx.window:window-core-wasm-js:1.5.0
:m16	transitive	androidx.window:window-core:1.5.0
:m16	transitive	androidx.window:window:1.5.0
:m16	transitive	co.touchlab:stately-concurrency-iosarm64:2.1.0
:m16	transitive	co.touchlab:stately-concurrency-iossimulatorarm64:2.1.0
:m16	transitive	co.touchlab:stately-concurrency-js:2.1.0
:m16	transitive	co.touchlab:stately-concurrency-jvm:2.1.0
:m16	transitive	co.touchlab:stately-concurrency-wasm-js:2.1.0
:m16	transitive	co.touchlab:stately-concurrency:2.1.0
:m17	transitive	io.insert-koin:koin-core-iosarm64:4.2.2
:m17	transitive	io.insert-koin:koin-core-iossimulatorarm64:4.2.2
:m17	transitive	io.insert-koin:koin-core-js:4.2.2
:m17	transitive	io.insert-koin:koin-core-jvm:4.2.2
:m17	transitive	io.insert-koin:koin-core-viewmodel-android:4.2.2
:m17	transitive	io.insert-koin:koin-core-viewmodel-iosarm64:4.2.2
:m17	transitive	io.insert-koin:koin-core-viewmodel-iossimulatorarm64:4.2.2
:m17	transitive	io.insert-koin:koin-core-viewmodel-js:4.2.2
:m17	transitive	io.insert-koin:koin-core-viewmodel-jvm:4.2.2
:m17	transitive	io.insert-koin:koin-core-viewmodel-wasm-js:4.2.2
:m17	transitive	io.insert-koin:koin-core-viewmodel:4.2.2
:m17	transitive	io.insert-koin:koin-core-wasm-js:4.2.2
:m17	transitive	io.ktor:ktor-client-core-iosarm64:3.5.1
:m17	transitive	io.ktor:ktor-client-core-iossimulatorarm64:3.5.1
:m17	transitive	io.ktor:ktor-client-core-js:3.5.1
:m17	transitive	io.ktor:ktor-client-core-jvm:3.5.1
:m17	transitive	io.ktor:ktor-client-core-wasm-js:3.5.1
:m17	transitive	io.ktor:ktor-client-mock-iosarm64:3.5.1
:m17	transitive	io.ktor:ktor-client-mock-iossimulatorarm64:3.5.1
:m17	transitive	io.ktor:ktor-client-mock-js:3.5.1
:m17	transitive	io.ktor:ktor-client-mock-jvm:3.5.1
:m17	transitive	io.ktor:ktor-client-mock-wasm-js:3.5.1
:m17	transitive	io.ktor:ktor-events-iosarm64:3.5.1
:m17	transitive	io.ktor:ktor-events-iossimulatorarm64:3.5.1
:m17	transitive	io.ktor:ktor-events-js:3.5.1
:m17	transitive	io.ktor:ktor-events-jvm:3.5.1
:m17	transitive	io.ktor:ktor-events-wasm-js:3.5.1
:m17	transitive	io.ktor:ktor-events:3.5.1
:m17	transitive	io.ktor:ktor-http-cio-iosarm64:3.5.1
:m17	transitive	io.ktor:ktor-http-cio-iossimulatorarm64:3.5.1
:m17	transitive	io.ktor:ktor-http-cio-js:3.5.1
:m17	transitive	io.ktor:ktor-http-cio-jvm:3.5.1
:m17	transitive	io.ktor:ktor-http-cio-wasm-js:3.5.1
:m17	transitive	io.ktor:ktor-http-cio:3.5.1
:m17	transitive	io.ktor:ktor-http-iosarm64:3.5.1
:m17	transitive	io.ktor:ktor-http-iossimulatorarm64:3.5.1
:m17	transitive	io.ktor:ktor-http-js:3.5.1
:m17	transitive	io.ktor:ktor-http-jvm:3.5.1
:m17	transitive	io.ktor:ktor-http-wasm-js:3.5.1
:m17	transitive	io.ktor:ktor-http:3.5.1
:m17	transitive	io.ktor:ktor-io-iosarm64:3.5.1
:m17	transitive	io.ktor:ktor-io-iossimulatorarm64:3.5.1
:m17	transitive	io.ktor:ktor-io-js:3.5.1
:m17	transitive	io.ktor:ktor-io-jvm:3.5.1
:m17	transitive	io.ktor:ktor-io-wasm-js:3.5.1
:m17	transitive	io.ktor:ktor-io:3.5.1
:m17	transitive	io.ktor:ktor-network-jvm:3.5.1
:m17	transitive	io.ktor:ktor-network:3.5.1
:m17	transitive	io.ktor:ktor-serialization-iosarm64:3.5.1
:m17	transitive	io.ktor:ktor-serialization-iossimulatorarm64:3.5.1
:m17	transitive	io.ktor:ktor-serialization-js:3.5.1
:m17	transitive	io.ktor:ktor-serialization-jvm:3.5.1
:m17	transitive	io.ktor:ktor-serialization-wasm-js:3.5.1
:m17	transitive	io.ktor:ktor-serialization:3.5.1
:m17	transitive	io.ktor:ktor-sse-iosarm64:3.5.1
:m17	transitive	io.ktor:ktor-sse-iossimulatorarm64:3.5.1
:m17	transitive	io.ktor:ktor-sse-js:3.5.1
:m17	transitive	io.ktor:ktor-sse-jvm:3.5.1
:m17	transitive	io.ktor:ktor-sse-wasm-js:3.5.1
:m17	transitive	io.ktor:ktor-sse:3.5.1
:m17	transitive	io.ktor:ktor-utils-iosarm64:3.5.1
:m17	transitive	io.ktor:ktor-utils-iossimulatorarm64:3.5.1
:m17	transitive	io.ktor:ktor-utils-js:3.5.1
:m17	transitive	io.ktor:ktor-utils-jvm:3.5.1
:m17	transitive	io.ktor:ktor-utils-wasm-js:3.5.1
:m17	transitive	io.ktor:ktor-utils:3.5.1
:m17	transitive	io.ktor:ktor-websocket-serialization-iosarm64:3.5.1
:m17	transitive	io.ktor:ktor-websocket-serialization-iossimulatorarm64:3.5.1
:m17	transitive	io.ktor:ktor-websocket-serialization-js:3.5.1
:m17	transitive	io.ktor:ktor-websocket-serialization-jvm:3.5.1
:m17	transitive	io.ktor:ktor-websocket-serialization-wasm-js:3.5.1
:m17	transitive	io.ktor:ktor-websocket-serialization:3.5.1
:m17	transitive	io.ktor:ktor-websockets-iosarm64:3.5.1
:m17	transitive	io.ktor:ktor-websockets-iossimulatorarm64:3.5.1
:m17	transitive	io.ktor:ktor-websockets-js:3.5.1
:m17	transitive	io.ktor:ktor-websockets-jvm:3.5.1
:m17	transitive	io.ktor:ktor-websockets-wasm-js:3.5.1
:m17	transitive	io.ktor:ktor-websockets:3.5.1
:m17	transitive	junit:junit:4.13.2
:m17	transitive	net.java.dev.jna:jna-platform:5.19.1
:m17	transitive	net.java.dev.jna:jna:5.19.1
:m17	transitive	org.hamcrest:hamcrest-core:1.3
:m17	transitive	org.jetbrains.androidx.lifecycle:lifecycle-common-iosarm64:2.11.0
:m17	transitive	org.jetbrains.androidx.lifecycle:lifecycle-common-iossimulatorarm64:2.11.0
:m17	transitive	org.jetbrains.androidx.lifecycle:lifecycle-common-js:2.11.0
:m17	transitive	org.jetbrains.androidx.lifecycle:lifecycle-common-js:2.9.6
:m17	transitive	org.jetbrains.androidx.lifecycle:lifecycle-common-jvm:2.11.0
:m17	transitive	org.jetbrains.androidx.lifecycle:lifecycle-common-wasm-js:2.11.0
:m17	transitive	org.jetbrains.androidx.lifecycle:lifecycle-common-wasm-js:2.9.6
:m17	transitive	org.jetbrains.androidx.lifecycle:lifecycle-common:2.11.0
:m17	transitive	org.jetbrains.androidx.lifecycle:lifecycle-common:2.9.6
:m17	transitive	org.jetbrains.androidx.lifecycle:lifecycle-runtime-android:2.11.0
:m17	transitive	org.jetbrains.androidx.lifecycle:lifecycle-runtime-compose-android:2.11.0
:m17	transitive	org.jetbrains.androidx.lifecycle:lifecycle-runtime-compose-desktop:2.11.0
:m17	transitive	org.jetbrains.androidx.lifecycle:lifecycle-runtime-compose-desktop:2.9.6
:m17	transitive	org.jetbrains.androidx.lifecycle:lifecycle-runtime-compose-iosarm64:2.11.0
:m17	transitive	org.jetbrains.androidx.lifecycle:lifecycle-runtime-compose-iossimulatorarm64:2.11.0
:m17	transitive	org.jetbrains.androidx.lifecycle:lifecycle-runtime-compose-js:2.11.0
:m17	transitive	org.jetbrains.androidx.lifecycle:lifecycle-runtime-compose-js:2.9.6
:m17	transitive	org.jetbrains.androidx.lifecycle:lifecycle-runtime-compose-uikitarm64:2.9.6
:m17	transitive	org.jetbrains.androidx.lifecycle:lifecycle-runtime-compose-uikitsimarm64:2.9.6
:m17	transitive	org.jetbrains.androidx.lifecycle:lifecycle-runtime-compose-wasm-js:2.11.0
:m17	transitive	org.jetbrains.androidx.lifecycle:lifecycle-runtime-compose-wasm-js:2.9.6
:m17	transitive	org.jetbrains.androidx.lifecycle:lifecycle-runtime-compose:2.11.0
:m17	transitive	org.jetbrains.androidx.lifecycle:lifecycle-runtime-compose:2.9.6
:m17	transitive	org.jetbrains.androidx.lifecycle:lifecycle-runtime-desktop:2.11.0
:m17	transitive	org.jetbrains.androidx.lifecycle:lifecycle-runtime-iosarm64:2.11.0
:m17	transitive	org.jetbrains.androidx.lifecycle:lifecycle-runtime-iossimulatorarm64:2.11.0
:m17	transitive	org.jetbrains.androidx.lifecycle:lifecycle-runtime-js:2.11.0
:m17	transitive	org.jetbrains.androidx.lifecycle:lifecycle-runtime-js:2.9.6
:m17	transitive	org.jetbrains.androidx.lifecycle:lifecycle-runtime-wasm-js:2.11.0
:m17	transitive	org.jetbrains.androidx.lifecycle:lifecycle-runtime-wasm-js:2.9.6
:m17	transitive	org.jetbrains.androidx.lifecycle:lifecycle-runtime:2.11.0
:m17	transitive	org.jetbrains.androidx.lifecycle:lifecycle-runtime:2.9.6
:m17	transitive	org.jetbrains.androidx.lifecycle:lifecycle-viewmodel-android:2.11.0
:m17	transitive	org.jetbrains.androidx.lifecycle:lifecycle-viewmodel-compose-android:2.11.0
:m17	transitive	org.jetbrains.androidx.lifecycle:lifecycle-viewmodel-compose-desktop:2.11.0
:m17	transitive	org.jetbrains.androidx.lifecycle:lifecycle-viewmodel-compose-iosarm64:2.11.0
:m17	transitive	org.jetbrains.androidx.lifecycle:lifecycle-viewmodel-compose-iossimulatorarm64:2.11.0
:m17	transitive	org.jetbrains.androidx.lifecycle:lifecycle-viewmodel-compose-js:2.11.0
:m17	transitive	org.jetbrains.androidx.lifecycle:lifecycle-viewmodel-compose-wasm-js:2.11.0
:m17	transitive	org.jetbrains.androidx.lifecycle:lifecycle-viewmodel-compose:2.11.0
:m17	transitive	org.jetbrains.androidx.lifecycle:lifecycle-viewmodel-desktop:2.11.0
:m17	transitive	org.jetbrains.androidx.lifecycle:lifecycle-viewmodel-iosarm64:2.11.0
:m17	transitive	org.jetbrains.androidx.lifecycle:lifecycle-viewmodel-iossimulatorarm64:2.11.0
:m16	transitive	co.touchlab:stately-concurrent-collections-iosarm64:2.1.0
:m16	transitive	co.touchlab:stately-concurrent-collections-iossimulatorarm64:2.1.0
:m16	transitive	co.touchlab:stately-concurrent-collections-js:2.1.0
:m16	transitive	co.touchlab:stately-concurrent-collections-jvm:2.1.0
:m16	transitive	co.touchlab:stately-concurrent-collections-wasm-js:2.1.0
:m16	transitive	co.touchlab:stately-concurrent-collections:2.1.0
:m16	transitive	co.touchlab:stately-strict-iosarm64:2.1.0
:m16	transitive	co.touchlab:stately-strict-iossimulatorarm64:2.1.0
:m16	transitive	co.touchlab:stately-strict-js:2.1.0
:m17	transitive	org.jetbrains.androidx.lifecycle:lifecycle-viewmodel-js:2.11.0
:m16	transitive	co.touchlab:stately-strict-jvm:2.1.0
:m16	transitive	co.touchlab:stately-strict-wasm-js:2.1.0
:m16	transitive	co.touchlab:stately-strict:2.1.0
:m16	transitive	com.google.android.datatransport:transport-api:3.2.0
:m16	transitive	com.google.android.datatransport:transport-backend-cct:3.3.0
:m16	transitive	com.google.android.datatransport:transport-runtime:3.3.0
:m16	transitive	com.google.android.gms:play-services-ads-identifier:18.0.0
:m16	transitive	com.google.android.gms:play-services-auth-api-phone:18.0.2
:m16	transitive	com.google.android.gms:play-services-auth-base:18.0.10
:m16	transitive	com.google.android.gms:play-services-auth-blockstore:16.4.0
:m16	transitive	com.google.android.gms:play-services-auth:21.1.1
:m16	transitive	com.google.android.gms:play-services-base:18.9.0
:m16	transitive	com.google.android.gms:play-services-basement:16.0.1
:m16	transitive	com.google.android.gms:play-services-basement:18.9.0
:m16	transitive	com.google.android.gms:play-services-cloud-messaging:17.4.0
:m16	transitive	com.google.android.gms:play-services-fido:21.0.0
:m16	transitive	com.google.android.gms:play-services-identity-credentials:16.0.0-alpha08
:m16	transitive	com.google.android.gms:play-services-measurement-api:23.2.0
:m16	transitive	com.google.android.gms:play-services-measurement-base:23.2.0
:m16	transitive	com.google.android.gms:play-services-measurement-impl:23.2.0
:m16	transitive	com.google.android.gms:play-services-measurement-sdk-api:23.2.0
:m16	transitive	com.google.android.gms:play-services-measurement-sdk:23.2.0
:m16	transitive	com.google.android.gms:play-services-measurement:23.2.0
:m16	transitive	com.google.android.gms:play-services-stats:17.0.2
:m16	transitive	com.google.android.gms:play-services-tasks:16.0.1
:m16	transitive	com.google.android.gms:play-services-tasks:18.4.0
:m16	transitive	com.google.android.libraries.identity.googleid:googleid:1.2.0
:m16	transitive	com.google.android.play:core-common:2.0.3
:m16	transitive	com.google.android.play:integrity:1.3.0
:m16	transitive	com.google.android.recaptcha:recaptcha:18.6.1
:m16	transitive	com.google.android:annotations:4.1.1.4
:m16	transitive	com.google.code.findbugs:jsr305:3.0.2
:m16	transitive	com.google.code.gson:gson:2.11.0
:m16	transitive	com.google.errorprone:error_prone_annotations:2.26.0
:m16	transitive	com.google.errorprone:error_prone_annotations:2.28.0
:m16	transitive	com.google.firebase:firebase-abt:21.1.1
:m16	transitive	com.google.firebase:firebase-analytics:23.2.0
:m16	transitive	com.google.firebase:firebase-annotations:17.0.0
:m16	transitive	com.google.firebase:firebase-appcheck-interop:17.0.0
:m16	transitive	com.google.firebase:firebase-auth-interop:20.0.0
:m16	transitive	com.google.firebase:firebase-auth:24.2.0
:m16	transitive	com.google.firebase:firebase-bom:34.17.0
:m16	transitive	com.google.firebase:firebase-common:22.2.0
:m16	transitive	com.google.firebase:firebase-components:19.0.0
:m16	transitive	com.google.firebase:firebase-config-interop:16.0.1
:m16	transitive	com.google.firebase:firebase-config:23.1.0
:m16	transitive	com.google.firebase:firebase-crashlytics:20.1.0
:m16	transitive	com.google.firebase:firebase-datatransport:19.0.0
:m16	transitive	com.google.firebase:firebase-encoders-json:18.0.1
:m16	transitive	com.google.firebase:firebase-encoders-proto:16.0.0
:m16	transitive	com.google.firebase:firebase-encoders:17.0.0
:m16	transitive	com.google.firebase:firebase-iid-interop:17.1.0
:m16	transitive	com.google.firebase:firebase-installations-interop:17.3.0
:m16	transitive	com.google.firebase:firebase-installations:19.1.2
:m16	transitive	com.google.firebase:firebase-measurement-connector:20.0.1
:m16	transitive	com.google.firebase:firebase-messaging:25.1.1
:m16	transitive	com.google.firebase:firebase-sessions:3.0.7
:m16	transitive	com.google.guava:failureaccess:1.0.1
:m16	transitive	com.google.guava:failureaccess:1.0.2
:m16	transitive	com.google.guava:guava:31.1-android
:m17	transitive	org.jetbrains.androidx.lifecycle:lifecycle-viewmodel-savedstate-android:2.11.0
:m17	transitive	org.jetbrains.androidx.lifecycle:lifecycle-viewmodel-savedstate-desktop:2.11.0
:m17	transitive	org.jetbrains.androidx.lifecycle:lifecycle-viewmodel-savedstate-iosarm64:2.11.0
:m17	transitive	org.jetbrains.androidx.lifecycle:lifecycle-viewmodel-savedstate-iossimulatorarm64:2.11.0
:m17	transitive	org.jetbrains.androidx.lifecycle:lifecycle-viewmodel-savedstate-js:2.11.0
:m17	transitive	org.jetbrains.androidx.lifecycle:lifecycle-viewmodel-savedstate-wasm-js:2.11.0
:m17	transitive	org.jetbrains.androidx.lifecycle:lifecycle-viewmodel-savedstate:2.11.0
:m17	transitive	org.jetbrains.androidx.lifecycle:lifecycle-viewmodel-savedstate:2.9.6
:m17	transitive	org.jetbrains.androidx.lifecycle:lifecycle-viewmodel-wasm-js:2.11.0
:m17	transitive	org.jetbrains.androidx.lifecycle:lifecycle-viewmodel:2.11.0
:m17	transitive	org.jetbrains.androidx.lifecycle:lifecycle-viewmodel:2.9.6
:m17	transitive	org.jetbrains.androidx.savedstate:savedstate-compose-desktop:1.3.6
:m17	transitive	org.jetbrains.androidx.savedstate:savedstate-compose-js:1.3.6
:m17	transitive	org.jetbrains.androidx.savedstate:savedstate-compose-uikitarm64:1.3.6
:m17	transitive	org.jetbrains.androidx.savedstate:savedstate-compose-uikitsimarm64:1.3.6
:m17	transitive	org.jetbrains.androidx.savedstate:savedstate-compose-wasm-js:1.3.6
:m17	transitive	org.jetbrains.androidx.savedstate:savedstate-compose:1.3.6
:m17	transitive	org.jetbrains.androidx.savedstate:savedstate-js:1.3.6
:m17	transitive	org.jetbrains.androidx.savedstate:savedstate-wasm-js:1.3.6
:m17	transitive	org.jetbrains.androidx.savedstate:savedstate:1.3.6
:m17	transitive	org.jetbrains.androidx.window:window-core-desktop:1.5.0
:m17	transitive	org.jetbrains.androidx.window:window-core-iosarm64:1.5.0
:m17	transitive	org.jetbrains.androidx.window:window-core-iossimulatorarm64:1.5.0
:m17	transitive	org.jetbrains.androidx.window:window-core-js:1.5.0
:m17	transitive	org.jetbrains.androidx.window:window-core-wasm-js:1.5.0
:m17	transitive	org.jetbrains.androidx.window:window-core:1.5.0
:m17	transitive	org.jetbrains.compose.animation:animation-core-desktop:1.11.1
:m16	transitive	com.google.guava:guava:33.2.1-android
:m16	transitive	com.google.guava:listenablefuture:9999.0-empty-to-avoid-conflict-with-guava
:m16	transitive	com.google.j2objc:j2objc-annotations:1.3
:m16	transitive	com.google.protobuf:protobuf-javalite:3.25.3
:m16	transitive	com.mikepenz:multiplatform-markdown-renderer-android:0.43.0
:m16	transitive	com.mikepenz:multiplatform-markdown-renderer-iosarm64:0.43.0
:m16	transitive	com.mikepenz:multiplatform-markdown-renderer-iossimulatorarm64:0.43.0
:m16	transitive	com.mikepenz:multiplatform-markdown-renderer-js:0.43.0
:m16	transitive	com.mikepenz:multiplatform-markdown-renderer-jvm:0.43.0
:m16	transitive	com.mikepenz:multiplatform-markdown-renderer-m3-android:0.43.0
:m16	transitive	com.mikepenz:multiplatform-markdown-renderer-m3-iosarm64:0.43.0
:m16	transitive	com.mikepenz:multiplatform-markdown-renderer-m3-iossimulatorarm64:0.43.0
:m16	transitive	com.mikepenz:multiplatform-markdown-renderer-m3-js:0.43.0
:m16	transitive	com.mikepenz:multiplatform-markdown-renderer-m3-jvm:0.43.0
:m16	transitive	com.mikepenz:multiplatform-markdown-renderer-m3-wasm-js:0.43.0
:m16	transitive	com.mikepenz:multiplatform-markdown-renderer-m3:0.43.0
:m16	transitive	com.mikepenz:multiplatform-markdown-renderer-wasm-js:0.43.0
:m16	transitive	com.mikepenz:multiplatform-markdown-renderer:0.43.0
:m16	transitive	com.squareup.okhttp3:okhttp:3.12.13
:m16	transitive	com.squareup.okio:okio-iosarm64:3.9.1
:m16	transitive	com.squareup.okio:okio-iossimulatorarm64:3.9.1
:m16	transitive	com.squareup.okio:okio-jvm:3.9.1
:m16	transitive	com.squareup.okio:okio:3.9.1
:m16	transitive	dev.gitlive:firebase-analytics-android:2.5.0
:m16	transitive	dev.gitlive:firebase-analytics-iosarm64:2.5.0
:m16	transitive	dev.gitlive:firebase-analytics-iossimulatorarm64:2.5.0
:m16	transitive	dev.gitlive:firebase-analytics-js:2.5.0
:m16	transitive	dev.gitlive:firebase-analytics:2.5.0
:m16	transitive	dev.gitlive:firebase-app-android:2.5.0
:m16	transitive	dev.gitlive:firebase-app-iosarm64:2.5.0
:m16	transitive	dev.gitlive:firebase-app-iossimulatorarm64:2.5.0
:m16	transitive	dev.gitlive:firebase-app-js:2.5.0
:m16	transitive	dev.gitlive:firebase-app-jvm:2.5.0
:m16	transitive	dev.gitlive:firebase-app:2.5.0
:m16	transitive	dev.gitlive:firebase-auth-android:2.5.0
:m16	transitive	dev.gitlive:firebase-auth-iosarm64:2.5.0
:m16	transitive	dev.gitlive:firebase-auth-iossimulatorarm64:2.5.0
:m16	transitive	dev.gitlive:firebase-auth-js:2.5.0
:m16	transitive	dev.gitlive:firebase-auth-jvm:2.5.0
:m16	transitive	dev.gitlive:firebase-auth:2.5.0
:m16	transitive	dev.gitlive:firebase-common-android:2.5.0
:m16	transitive	dev.gitlive:firebase-common-iosarm64:2.5.0
:m16	transitive	dev.gitlive:firebase-common-iossimulatorarm64:2.5.0
:m16	transitive	dev.gitlive:firebase-common-js:2.5.0
:m16	transitive	dev.gitlive:firebase-common-jvm:2.5.0
:m16	transitive	dev.gitlive:firebase-common:2.5.0
:m16	transitive	dev.gitlive:firebase-config-android:2.5.0
:m16	transitive	dev.gitlive:firebase-config-iosarm64:2.5.0
:m16	transitive	dev.gitlive:firebase-config-iossimulatorarm64:2.5.0
:m16	transitive	dev.gitlive:firebase-config-js:2.5.0
:m16	transitive	dev.gitlive:firebase-config:2.5.0
:m16	transitive	dev.gitlive:firebase-crashlytics-android:2.5.0
:m16	transitive	dev.gitlive:firebase-crashlytics-iosarm64:2.5.0
:m16	transitive	dev.gitlive:firebase-crashlytics-iossimulatorarm64:2.5.0
:m16	transitive	dev.gitlive:firebase-crashlytics:2.5.0
:m16	transitive	dev.gitlive:firebase-installations-android:2.5.0
:m16	transitive	dev.gitlive:firebase-installations-iosarm64:2.5.0
:m16	transitive	dev.gitlive:firebase-installations-iossimulatorarm64:2.5.0
:m16	transitive	dev.gitlive:firebase-installations-js:2.5.0
:m16	transitive	dev.gitlive:firebase-installations-jvm:2.5.0
:m16	transitive	dev.gitlive:firebase-installations:2.5.0
:m16	transitive	dev.gitlive:firebase-java-sdk:0.6.3
:m17	transitive	org.jetbrains.compose.animation:animation-core-iosarm64:1.11.1
:m17	transitive	org.jetbrains.compose.animation:animation-core-iossimulatorarm64:1.11.1
:m16	transitive	dev.gitlive:firebase-messaging-android:2.5.0
:m16	transitive	dev.gitlive:firebase-messaging-iosarm64:2.5.0
:m16	transitive	dev.gitlive:firebase-messaging-iossimulatorarm64:2.5.0
:m16	transitive	dev.gitlive:firebase-messaging-js:2.5.0
:m16	transitive	dev.gitlive:firebase-messaging:2.5.0
:m17	transitive	org.jetbrains.compose.animation:animation-core-js:1.11.1
:m16	transitive	dev.whyoleg.cryptography:cryptography-bigint-iosarm64:0.6.0
:m16	transitive	dev.whyoleg.cryptography:cryptography-bigint-iossimulatorarm64:0.6.0
:m16	transitive	dev.whyoleg.cryptography:cryptography-bigint:0.6.0
:m16	transitive	dev.whyoleg.cryptography:cryptography-core-iosarm64:0.6.0
:m16	transitive	dev.whyoleg.cryptography:cryptography-core-iossimulatorarm64:0.6.0
:m16	transitive	dev.whyoleg.cryptography:cryptography-core:0.6.0
:m16	transitive	dev.whyoleg.cryptography:cryptography-provider-base-iosarm64:0.6.0
:m16	transitive	dev.whyoleg.cryptography:cryptography-provider-base-iossimulatorarm64:0.6.0
:m16	transitive	dev.whyoleg.cryptography:cryptography-provider-base:0.6.0
:m16	transitive	dev.whyoleg.cryptography:cryptography-provider-cryptokit-iosarm64:0.6.0
:m16	transitive	dev.whyoleg.cryptography:cryptography-provider-cryptokit-iossimulatorarm64:0.6.0
:m17	transitive	org.jetbrains.compose.animation:animation-core-wasm-js:1.11.1
:m17	transitive	org.jetbrains.compose.animation:animation-core:1.11.1
:m17	transitive	org.jetbrains.compose.animation:animation-desktop:1.11.1
:m17	transitive	org.jetbrains.compose.animation:animation-iosarm64:1.11.1
:m17	transitive	org.jetbrains.compose.animation:animation-iossimulatorarm64:1.11.1
:m17	transitive	org.jetbrains.compose.animation:animation-js:1.11.1
:m16	transitive	dev.whyoleg.cryptography:cryptography-provider-cryptokit:0.6.0
:m16	transitive	dev.whyoleg.cryptography:cryptography-random-iosarm64:0.6.0
:m16	transitive	dev.whyoleg.cryptography:cryptography-random-iossimulatorarm64:0.6.0
:m16	transitive	dev.whyoleg.cryptography:cryptography-random:0.6.0
:m16	transitive	dev.whyoleg.cryptography:cryptography-serialization-asn1-iosarm64:0.6.0
:m16	transitive	dev.whyoleg.cryptography:cryptography-serialization-asn1-iossimulatorarm64:0.6.0
:m16	transitive	dev.whyoleg.cryptography:cryptography-serialization-asn1-modules-iosarm64:0.6.0
:m16	transitive	dev.whyoleg.cryptography:cryptography-serialization-asn1-modules-iossimulatorarm64:0.6.0
:m16	transitive	dev.whyoleg.cryptography:cryptography-serialization-asn1-modules:0.6.0
:m17	transitive	org.jetbrains.compose.animation:animation-wasm-js:1.11.1
:m17	transitive	org.jetbrains.compose.animation:animation:1.11.1
:m17	transitive	org.jetbrains.compose.annotation-internal:annotation-js:1.10.0
:m17	transitive	org.jetbrains.compose.annotation-internal:annotation-wasm-js:1.10.0
:m17	transitive	org.jetbrains.compose.annotation-internal:annotation:1.10.0
:m17	transitive	org.jetbrains.compose.annotation-internal:annotation:1.9.3
:m17	transitive	org.jetbrains.compose.collection-internal:collection-js:1.10.0
:m17	transitive	org.jetbrains.compose.collection-internal:collection-wasm-js:1.10.0
:m17	transitive	org.jetbrains.compose.collection-internal:collection:1.10.0
:m17	transitive	org.jetbrains.compose.collection-internal:collection:1.9.3
:m17	transitive	org.jetbrains.compose.components:components-resources-android:1.11.1
:m17	transitive	org.jetbrains.compose.components:components-resources-desktop:1.11.1
:m17	transitive	org.jetbrains.compose.components:components-resources-iosArm64:1.11.1
:m17	transitive	org.jetbrains.compose.components:components-resources-iosSimulatorArm64:1.11.1
:m17	transitive	org.jetbrains.compose.components:components-resources-js:1.11.1
:m17	transitive	org.jetbrains.compose.components:components-resources-wasmJs:1.11.1
:m17	transitive	org.jetbrains.compose.components:components-resources:1.11.1
:m17	transitive	org.jetbrains.compose.foundation:foundation-desktop:1.11.1
:m17	transitive	org.jetbrains.compose.foundation:foundation-iosarm64:1.11.1
:m17	transitive	org.jetbrains.compose.foundation:foundation-iossimulatorarm64:1.11.1
:m17	transitive	org.jetbrains.compose.foundation:foundation-js:1.11.1
:m17	transitive	org.jetbrains.compose.foundation:foundation-layout-desktop:1.11.1
:m17	transitive	org.jetbrains.compose.foundation:foundation-layout-iosarm64:1.11.1
:m17	transitive	org.jetbrains.compose.foundation:foundation-layout-iossimulatorarm64:1.11.1
:m17	transitive	org.jetbrains.compose.foundation:foundation-layout-js:1.11.1
:m17	transitive	org.jetbrains.compose.foundation:foundation-layout-wasm-js:1.11.1
:m17	transitive	org.jetbrains.compose.foundation:foundation-layout:1.11.1
:m17	transitive	org.jetbrains.compose.foundation:foundation-wasm-js:1.11.1
:m17	transitive	org.jetbrains.compose.foundation:foundation:1.11.1
:m17	transitive	org.jetbrains.compose.material3.adaptive:adaptive-desktop:1.3.0-beta02
:m17	transitive	org.jetbrains.compose.material3.adaptive:adaptive-iosarm64:1.3.0-beta02
:m17	transitive	org.jetbrains.compose.material3.adaptive:adaptive-iossimulatorarm64:1.3.0-beta02
:m17	transitive	org.jetbrains.compose.material3.adaptive:adaptive-js:1.3.0-beta02
:m17	transitive	org.jetbrains.compose.material3.adaptive:adaptive-layout-desktop:1.3.0-beta02
:m17	transitive	org.jetbrains.compose.material3.adaptive:adaptive-layout-iosarm64:1.3.0-beta02
:m17	transitive	org.jetbrains.compose.material3.adaptive:adaptive-layout-iossimulatorarm64:1.3.0-beta02
:m17	transitive	org.jetbrains.compose.material3.adaptive:adaptive-layout-js:1.3.0-beta02
:m17	transitive	org.jetbrains.compose.material3.adaptive:adaptive-layout-wasm-js:1.3.0-beta02
:m17	transitive	org.jetbrains.compose.material3.adaptive:adaptive-layout:1.3.0-beta02
:m17	transitive	org.jetbrains.compose.material3.adaptive:adaptive-wasm-js:1.3.0-beta02
:m17	transitive	org.jetbrains.compose.material3.adaptive:adaptive:1.3.0-beta02
:m17	transitive	org.jetbrains.compose.material3:material3-desktop:1.10.0-alpha05
:m17	transitive	org.jetbrains.compose.material3:material3-js:1.10.0-alpha05
:m17	transitive	org.jetbrains.compose.material3:material3-uikitarm64:1.10.0-alpha05
:m17	transitive	org.jetbrains.compose.material3:material3-uikitsimarm64:1.10.0-alpha05
:m17	transitive	org.jetbrains.compose.material3:material3-wasm-js:1.10.0-alpha05
:m17	transitive	org.jetbrains.compose.material3:material3:1.10.0-alpha05
:m17	transitive	org.jetbrains.compose.material:material-icons-core-desktop:1.7.3
:m17	transitive	org.jetbrains.compose.material:material-icons-core-js:1.7.3
:m17	transitive	org.jetbrains.compose.material:material-icons-core-uikitarm64:1.7.3
:m17	transitive	org.jetbrains.compose.material:material-icons-core-uikitsimarm64:1.7.3
:m17	transitive	org.jetbrains.compose.material:material-icons-core-wasm-js:1.7.3
:m17	transitive	org.jetbrains.compose.material:material-icons-core:1.7.3
:m17	transitive	org.jetbrains.compose.material:material-icons-extended-desktop:1.7.3
:m17	transitive	org.jetbrains.compose.material:material-icons-extended-js:1.7.3
:m17	transitive	org.jetbrains.compose.material:material-icons-extended-uikitarm64:1.7.3
:m17	transitive	org.jetbrains.compose.material:material-icons-extended-uikitsimarm64:1.7.3
:m17	transitive	org.jetbrains.compose.material:material-icons-extended-wasm-js:1.7.3
:m17	transitive	org.jetbrains.compose.material:material-icons-extended:1.7.3
:m17	transitive	org.jetbrains.compose.material:material-ripple-desktop:1.9.3
:m17	transitive	org.jetbrains.compose.material:material-ripple-js:1.9.3
:m17	transitive	org.jetbrains.compose.material:material-ripple-uikitarm64:1.9.3
:m17	transitive	org.jetbrains.compose.material:material-ripple-uikitsimarm64:1.9.3
:m17	transitive	org.jetbrains.compose.material:material-ripple-wasm-js:1.9.3
:m17	transitive	org.jetbrains.compose.material:material-ripple:1.9.3
:m17	transitive	org.jetbrains.compose.runtime:runtime-desktop:1.11.1
:m17	transitive	org.jetbrains.compose.runtime:runtime-iosarm64:1.11.1
:m17	transitive	org.jetbrains.compose.runtime:runtime-iossimulatorarm64:1.11.1
:m17	transitive	org.jetbrains.compose.runtime:runtime-js:1.11.1
:m17	transitive	org.jetbrains.compose.runtime:runtime-saveable-desktop:1.11.1
:m17	transitive	org.jetbrains.compose.runtime:runtime-saveable-iosarm64:1.11.1
:m17	transitive	org.jetbrains.compose.runtime:runtime-saveable-iossimulatorarm64:1.11.1
:m17	transitive	org.jetbrains.compose.runtime:runtime-saveable-js:1.11.1
:m17	transitive	org.jetbrains.compose.runtime:runtime-saveable-wasm-js:1.11.1
:m17	transitive	org.jetbrains.compose.runtime:runtime-saveable:1.11.1
:m17	transitive	org.jetbrains.compose.runtime:runtime-wasm-js:1.11.1
:m17	transitive	org.jetbrains.compose.runtime:runtime:1.11.1
:m17	transitive	org.jetbrains.compose.ui:ui-backhandler-android:1.9.3
:m17	transitive	org.jetbrains.compose.ui:ui-backhandler-desktop:1.11.1
:m17	transitive	org.jetbrains.compose.ui:ui-backhandler-iosarm64:1.11.1
:m17	transitive	org.jetbrains.compose.ui:ui-backhandler-iossimulatorarm64:1.11.1
:m17	transitive	org.jetbrains.compose.ui:ui-backhandler-js:1.11.1
:m17	transitive	org.jetbrains.compose.ui:ui-backhandler-wasm-js:1.11.1
:m17	transitive	org.jetbrains.compose.ui:ui-backhandler:1.11.1
:m17	transitive	org.jetbrains.compose.ui:ui-backhandler:1.9.3
:m17	transitive	org.jetbrains.compose.ui:ui-desktop:1.11.1
:m17	transitive	org.jetbrains.compose.ui:ui-geometry-desktop:1.11.1
:m17	transitive	org.jetbrains.compose.ui:ui-geometry-iosarm64:1.11.1
:m17	transitive	org.jetbrains.compose.ui:ui-geometry-iossimulatorarm64:1.11.1
:m17	transitive	org.jetbrains.compose.ui:ui-geometry-js:1.11.1
:m17	transitive	org.jetbrains.compose.ui:ui-geometry-wasm-js:1.11.1
:m17	transitive	org.jetbrains.compose.ui:ui-geometry:1.11.1
:m17	transitive	org.jetbrains.compose.ui:ui-graphics-desktop:1.11.1
:m17	transitive	org.jetbrains.compose.ui:ui-graphics-iosarm64:1.11.1
:m17	transitive	org.jetbrains.compose.ui:ui-graphics-iossimulatorarm64:1.11.1
:m17	transitive	org.jetbrains.compose.ui:ui-graphics-js:1.11.1
:m17	transitive	org.jetbrains.compose.ui:ui-graphics-wasm-js:1.11.1
:m17	transitive	org.jetbrains.compose.ui:ui-graphics:1.11.1
:m17	transitive	org.jetbrains.compose.ui:ui-iosarm64:1.11.1
:m17	transitive	org.jetbrains.compose.ui:ui-iossimulatorarm64:1.11.1
:m17	transitive	org.jetbrains.compose.ui:ui-js:1.11.1
:m17	transitive	org.jetbrains.compose.ui:ui-text-desktop:1.11.1
:m17	transitive	org.jetbrains.compose.ui:ui-text-iosarm64:1.11.1
:m17	transitive	org.jetbrains.compose.ui:ui-text-iossimulatorarm64:1.11.1
:m17	transitive	org.jetbrains.compose.ui:ui-text-js:1.11.1
:m17	transitive	org.jetbrains.compose.ui:ui-text-wasm-js:1.11.1
:m17	transitive	org.jetbrains.compose.ui:ui-text:1.11.1
:m17	transitive	org.jetbrains.compose.ui:ui-tooling-data:1.11.1
:m17	transitive	org.jetbrains.compose.ui:ui-tooling-preview-desktop:1.11.1
:m17	transitive	org.jetbrains.compose.ui:ui-tooling-preview-iosarm64:1.11.1
:m17	transitive	org.jetbrains.compose.ui:ui-tooling-preview-iossimulatorarm64:1.11.1
:m17	transitive	org.jetbrains.compose.ui:ui-tooling-preview-js:1.11.1
:m17	transitive	org.jetbrains.compose.ui:ui-tooling-preview-wasm-js:1.11.1
:m17	transitive	org.jetbrains.compose.ui:ui-tooling-preview:1.11.1
:m17	transitive	org.jetbrains.compose.ui:ui-tooling:1.11.1
:m17	transitive	org.jetbrains.compose.ui:ui-uikit-iosarm64:1.11.1
:m17	transitive	org.jetbrains.compose.ui:ui-uikit-iossimulatorarm64:1.11.1
:m17	transitive	org.jetbrains.compose.ui:ui-uikit:1.11.1
:m17	transitive	org.jetbrains.compose.ui:ui-unit-desktop:1.11.1
:m17	transitive	org.jetbrains.compose.ui:ui-unit-iosarm64:1.11.1
:m17	transitive	org.jetbrains.compose.ui:ui-unit-iossimulatorarm64:1.11.1
:m17	transitive	org.jetbrains.compose.ui:ui-unit-js:1.11.1
:m17	transitive	org.jetbrains.compose.ui:ui-unit-wasm-js:1.11.1
:m17	transitive	org.jetbrains.compose.ui:ui-unit:1.11.1
:m17	transitive	org.jetbrains.compose.ui:ui-util-desktop:1.11.1
:m17	transitive	org.jetbrains.compose.ui:ui-util-iosarm64:1.11.1
:m17	transitive	org.jetbrains.compose.ui:ui-util-iossimulatorarm64:1.11.1
:m17	transitive	org.jetbrains.compose.ui:ui-util-js:1.11.1
:m17	transitive	org.jetbrains.compose.ui:ui-util-wasm-js:1.11.1
:m17	transitive	org.jetbrains.compose.ui:ui-util:1.11.1
:m17	transitive	org.jetbrains.compose.ui:ui-wasm-js:1.11.1
:m17	transitive	org.jetbrains.compose.ui:ui:1.11.1
:m17	transitive	org.jetbrains.kotlin:kotlin-stdlib-common:2.4.10
:m17	transitive	org.jetbrains.kotlin:kotlin-stdlib-jdk7:1.9.0
:m17	transitive	org.jetbrains.kotlin:kotlin-stdlib-jdk8:1.8.0
:m17	transitive	org.jetbrains.kotlin:kotlin-stdlib-js:2.4.10
:m17	transitive	org.jetbrains.kotlin:kotlin-stdlib-wasm-js:2.4.10
:m17	transitive	org.jetbrains.kotlin:kotlin-test-js:2.4.10
:m17	transitive	org.jetbrains.kotlin:kotlin-test-junit:2.4.10
:m17	transitive	org.jetbrains.kotlin:kotlin-test-wasm-js:2.4.10
:m17	transitive	org.jetbrains.kotlin:kotlinx-atomicfu-runtime:2.2.20
:m17	transitive	org.jetbrains.kotlinx:atomicfu-iosarm64:0.32.1
:m17	transitive	org.jetbrains.kotlinx:atomicfu-iossimulatorarm64:0.32.1
:m17	transitive	org.jetbrains.kotlinx:atomicfu-js:0.32.1
:m17	transitive	org.jetbrains.kotlinx:atomicfu-jvm:0.28.0
:m17	transitive	org.jetbrains.kotlinx:atomicfu-wasm-js:0.32.1
:m17	transitive	org.jetbrains.kotlinx:atomicfu:0.28.0
:m17	transitive	org.jetbrains.kotlinx:atomicfu:0.32.1
:m17	transitive	org.jetbrains.kotlinx:kotlinx-browser-js:0.5.0
:m17	transitive	org.jetbrains.kotlinx:kotlinx-browser-wasm-js:0.5.0
:m17	transitive	org.jetbrains.kotlinx:kotlinx-browser:0.5.0
:m17	transitive	org.jetbrains.kotlinx:kotlinx-collections-immutable-iosarm64:0.5.0
:m17	transitive	org.jetbrains.kotlinx:kotlinx-collections-immutable-iossimulatorarm64:0.5.0
:m17	transitive	org.jetbrains.kotlinx:kotlinx-collections-immutable-js:0.5.0
:m17	transitive	org.jetbrains.kotlinx:kotlinx-collections-immutable-jvm:0.5.0
:m17	transitive	org.jetbrains.kotlinx:kotlinx-collections-immutable-wasm-js:0.5.0
:m17	transitive	org.jetbrains.kotlinx:kotlinx-collections-immutable:0.5.0
:m17	transitive	org.jetbrains.kotlinx:kotlinx-coroutines-android:1.11.0
:m16	transitive	dev.whyoleg.cryptography:cryptography-serialization-asn1:0.6.0
:m17	transitive	org.jetbrains.kotlinx:kotlinx-coroutines-bom:1.11.0
:m16	transitive	dev.whyoleg.cryptography:cryptography-serialization-pem-iosarm64:0.6.0
:m16	transitive	dev.whyoleg.cryptography:cryptography-serialization-pem-iossimulatorarm64:0.6.0
:m17	transitive	org.jetbrains.kotlinx:kotlinx-coroutines-core-iosarm64:1.11.0
:m17	transitive	org.jetbrains.kotlinx:kotlinx-coroutines-core-iossimulatorarm64:1.11.0
:m17	transitive	org.jetbrains.kotlinx:kotlinx-coroutines-core-js:1.11.0
:m17	transitive	org.jetbrains.kotlinx:kotlinx-coroutines-core-jvm:1.11.0
:m17	transitive	org.jetbrains.kotlinx:kotlinx-coroutines-core-wasm-js:1.11.0
:m17	transitive	org.jetbrains.kotlinx:kotlinx-coroutines-slf4j:1.11.0
:m17	transitive	org.jetbrains.kotlinx:kotlinx-coroutines-test-iosarm64:1.11.0
:m17	transitive	org.jetbrains.kotlinx:kotlinx-coroutines-test-iossimulatorarm64:1.11.0
:m17	transitive	org.jetbrains.kotlinx:kotlinx-coroutines-test-js:1.11.0
:m17	transitive	org.jetbrains.kotlinx:kotlinx-coroutines-test-jvm:1.11.0
:m17	transitive	org.jetbrains.kotlinx:kotlinx-coroutines-test-wasm-js:1.11.0
:m17	transitive	org.jetbrains.kotlinx:kotlinx-datetime-iosarm64:0.7.1
:m17	transitive	org.jetbrains.kotlinx:kotlinx-datetime-iossimulatorarm64:0.7.1
:m17	transitive	org.jetbrains.kotlinx:kotlinx-datetime-js:0.7.1
:m17	transitive	org.jetbrains.kotlinx:kotlinx-datetime-jvm:0.7.1
:m17	transitive	org.jetbrains.kotlinx:kotlinx-datetime-wasm-js:0.7.1
:m17	transitive	org.jetbrains.kotlinx:kotlinx-datetime:0.7.1
:m17	transitive	org.jetbrains.kotlinx:kotlinx-io-bytestring-iosarm64:0.9.0
:m17	transitive	org.jetbrains.kotlinx:kotlinx-io-bytestring-iossimulatorarm64:0.9.0
:m16	transitive	dev.whyoleg.cryptography:cryptography-serialization-pem:0.6.0
:m16	transitive	eu.anifantakis:ksafe-android:3.0.0
:m16	transitive	eu.anifantakis:ksafe-iosarm64:3.0.0
:m16	transitive	eu.anifantakis:ksafe-iossimulatorarm64:3.0.0
:m16	transitive	eu.anifantakis:ksafe-js:3.0.0
:m16	transitive	eu.anifantakis:ksafe-jvm:3.0.0
:m16	transitive	eu.anifantakis:ksafe-wasm-js:3.0.0
:m16	transitive	eu.anifantakis:ksafe:3.0.0
:m16	transitive	io.grpc:grpc-api:1.68.0
:m16	transitive	io.grpc:grpc-context:1.68.0
:m16	transitive	io.grpc:grpc-core:1.68.0
:m16	transitive	io.grpc:grpc-okhttp:1.68.0
:m16	transitive	io.grpc:grpc-protobuf-lite:1.68.0
:m16	transitive	io.grpc:grpc-stub:1.68.0
:m16	transitive	io.grpc:grpc-util:1.68.0
:m16	transitive	io.insert-koin:koin-android:4.2.2
:m16	transitive	io.insert-koin:koin-compose-android:4.2.2
:m16	transitive	io.insert-koin:koin-compose-iosarm64:4.2.2
:m16	transitive	io.insert-koin:koin-compose-iossimulatorarm64:4.2.2
:m16	transitive	io.insert-koin:koin-compose-js:4.2.2
:m16	transitive	io.insert-koin:koin-compose-jvm:4.2.2
:m16	transitive	io.insert-koin:koin-compose-viewmodel-android:4.2.2
:m16	transitive	io.insert-koin:koin-compose-viewmodel-iosarm64:4.2.2
:m16	transitive	io.insert-koin:koin-compose-viewmodel-iossimulatorarm64:4.2.2
:m16	transitive	io.insert-koin:koin-compose-viewmodel-js:4.2.2
:m16	transitive	io.insert-koin:koin-compose-viewmodel-jvm:4.2.2
:m16	transitive	io.insert-koin:koin-compose-viewmodel-wasm-js:4.2.2
:m16	transitive	io.insert-koin:koin-compose-viewmodel:4.2.2
:m16	transitive	io.insert-koin:koin-compose-wasm-js:4.2.2
:m16	transitive	io.insert-koin:koin-compose:4.2.2
:m16	transitive	io.insert-koin:koin-core-iosarm64:4.2.2
:m16	transitive	io.insert-koin:koin-core-iossimulatorarm64:4.2.2
:m16	transitive	io.insert-koin:koin-core-js:4.2.2
:m16	transitive	io.insert-koin:koin-core-jvm:4.2.2
:m16	transitive	io.insert-koin:koin-core-viewmodel-android:4.2.2
:m16	transitive	io.insert-koin:koin-core-viewmodel-iosarm64:4.2.2
:m16	transitive	io.insert-koin:koin-core-viewmodel-iossimulatorarm64:4.2.2
:m16	transitive	io.insert-koin:koin-core-viewmodel-js:4.2.2
:m16	transitive	io.insert-koin:koin-core-viewmodel-jvm:4.2.2
:m16	transitive	io.insert-koin:koin-core-viewmodel-wasm-js:4.2.2
:m16	transitive	io.insert-koin:koin-core-viewmodel:4.2.2
:m16	transitive	io.insert-koin:koin-core-wasm-js:4.2.2
:m16	transitive	io.perfmark:perfmark-api:0.27.0
:m16	transitive	javax.inject:javax.inject:1
:m16	transitive	junit:junit:4.13.2
:m16	transitive	net.java.dev.jna:jna-platform:5.19.1
:m16	transitive	net.java.dev.jna:jna:5.19.1
:m17	transitive	org.jetbrains.kotlinx:kotlinx-io-bytestring-js:0.9.0
:m17	transitive	org.jetbrains.kotlinx:kotlinx-io-bytestring-jvm:0.9.0
:m17	transitive	org.jetbrains.kotlinx:kotlinx-io-bytestring-wasm-js:0.9.0
:m17	transitive	org.jetbrains.kotlinx:kotlinx-io-bytestring:0.9.0
:m17	transitive	org.jetbrains.kotlinx:kotlinx-io-core-iosarm64:0.9.0
:m17	transitive	org.jetbrains.kotlinx:kotlinx-io-core-iossimulatorarm64:0.9.0
:m17	transitive	org.jetbrains.kotlinx:kotlinx-io-core-js:0.9.0
:m17	transitive	org.jetbrains.kotlinx:kotlinx-io-core-jvm:0.9.0
:m17	transitive	org.jetbrains.kotlinx:kotlinx-io-core-wasm-js:0.9.0
:m17	transitive	org.jetbrains.kotlinx:kotlinx-io-core:0.9.0
:m17	transitive	org.jetbrains.kotlinx:kotlinx-serialization-bom:1.11.0
:m17	transitive	org.jetbrains.kotlinx:kotlinx-serialization-core-iosarm64:1.11.0
:m17	transitive	org.jetbrains.kotlinx:kotlinx-serialization-core-iossimulatorarm64:1.11.0
:m17	transitive	org.jetbrains.kotlinx:kotlinx-serialization-core-js:1.11.0
:m17	transitive	org.jetbrains.kotlinx:kotlinx-serialization-core-jvm:1.11.0
:m17	transitive	org.jetbrains.kotlinx:kotlinx-serialization-core-wasm-js:1.11.0
:m17	transitive	org.jetbrains.kotlinx:kotlinx-serialization-core:1.11.0
:m17	transitive	org.jetbrains.kotlinx:kotlinx-serialization-json-iosarm64:1.11.0
:m17	transitive	org.jetbrains.kotlinx:kotlinx-serialization-json-iossimulatorarm64:1.11.0
:m17	transitive	org.jetbrains.kotlinx:kotlinx-serialization-json-js:1.11.0
:m17	transitive	org.jetbrains.kotlinx:kotlinx-serialization-json-jvm:1.11.0
:m17	transitive	org.jetbrains.kotlinx:kotlinx-serialization-json-wasm-js:1.11.0
:m17	transitive	org.jetbrains.kotlinx:kotlinx-serialization-protobuf-iosarm64:1.7.3
:m17	transitive	org.jetbrains.kotlinx:kotlinx-serialization-protobuf-iossimulatorarm64:1.7.3
:m17	transitive	org.jetbrains.kotlinx:kotlinx-serialization-protobuf:1.7.3
:m17	transitive	org.jetbrains.runtime:jbr-api:1.9.0
:m17	transitive	org.jetbrains.skiko:skiko-awt:0.144.6
:m17	transitive	org.jetbrains.skiko:skiko-iosarm64:0.144.6
:m17	transitive	org.jetbrains.skiko:skiko-iossimulatorarm64:0.144.6
:m17	transitive	org.jetbrains.skiko:skiko-js-wasm-runtime:0.144.6
:m17	transitive	org.jetbrains.skiko:skiko-js:0.144.6
:m17	transitive	org.jetbrains.skiko:skiko-wasm-js:0.144.6
:m17	transitive	org.jetbrains.skiko:skiko:0.144.6
:m17	transitive	org.jetbrains:annotations:23.0.0
:m17	transitive	org.jetbrains:markdown-iosarm64:0.7.5
:m17	transitive	org.jetbrains:markdown-iossimulatorarm64:0.7.5
:m17	transitive	org.jetbrains:markdown-js:0.7.5
:m17	transitive	org.jetbrains:markdown-jvm:0.7.5
:m17	transitive	org.jetbrains:markdown-wasm-js:0.7.5
:m17	transitive	org.jetbrains:markdown:0.7.5
:m17	transitive	org.jspecify:jspecify:1.0.0
:m17	transitive	org.slf4j:slf4j-api:2.0.18
:m16	transitive	org.checkerframework:checker-qual:3.12.0
:m16	transitive	org.checkerframework:checker-qual:3.42.0
:m16	transitive	org.codehaus.mojo:animal-sniffer-annotations:1.24
:m16	transitive	org.hamcrest:hamcrest-core:1.3
:m16	transitive	org.jetbrains.androidx.lifecycle:lifecycle-common-iosarm64:2.11.0
:m16	transitive	org.jetbrains.androidx.lifecycle:lifecycle-common-iossimulatorarm64:2.11.0
:m16	transitive	org.jetbrains.androidx.lifecycle:lifecycle-common-js:2.11.0
:m16	transitive	org.jetbrains.androidx.lifecycle:lifecycle-common-js:2.9.6
:m16	transitive	org.jetbrains.androidx.lifecycle:lifecycle-common-jvm:2.11.0
:m16	transitive	org.jetbrains.androidx.lifecycle:lifecycle-common-wasm-js:2.11.0
:m16	transitive	org.jetbrains.androidx.lifecycle:lifecycle-common-wasm-js:2.9.6
:m16	transitive	org.jetbrains.androidx.lifecycle:lifecycle-common:2.11.0
:m16	transitive	org.jetbrains.androidx.lifecycle:lifecycle-common:2.9.6
:m16	transitive	org.jetbrains.androidx.lifecycle:lifecycle-runtime-android:2.11.0
:m16	transitive	org.jetbrains.androidx.lifecycle:lifecycle-runtime-compose-android:2.11.0
:m16	transitive	org.jetbrains.androidx.lifecycle:lifecycle-runtime-compose-desktop:2.11.0
:m16	transitive	org.jetbrains.androidx.lifecycle:lifecycle-runtime-compose-desktop:2.9.6
:m16	transitive	org.jetbrains.androidx.lifecycle:lifecycle-runtime-compose-iosarm64:2.11.0
:m16	transitive	org.jetbrains.androidx.lifecycle:lifecycle-runtime-compose-iossimulatorarm64:2.11.0
:m16	transitive	org.jetbrains.androidx.lifecycle:lifecycle-runtime-compose-js:2.11.0
:m16	transitive	org.jetbrains.androidx.lifecycle:lifecycle-runtime-compose-js:2.9.6
:m16	transitive	org.jetbrains.androidx.lifecycle:lifecycle-runtime-compose-uikitarm64:2.9.6
:m16	transitive	org.jetbrains.androidx.lifecycle:lifecycle-runtime-compose-uikitsimarm64:2.9.6
:m16	transitive	org.jetbrains.androidx.lifecycle:lifecycle-runtime-compose-wasm-js:2.11.0
:m16	transitive	org.jetbrains.androidx.lifecycle:lifecycle-runtime-compose-wasm-js:2.9.6
:m16	transitive	org.jetbrains.androidx.lifecycle:lifecycle-runtime-compose:2.11.0
:m16	transitive	org.jetbrains.androidx.lifecycle:lifecycle-runtime-compose:2.9.6
:m16	transitive	org.jetbrains.androidx.lifecycle:lifecycle-runtime-desktop:2.11.0
:m16	transitive	org.jetbrains.androidx.lifecycle:lifecycle-runtime-iosarm64:2.11.0
:m16	transitive	org.jetbrains.androidx.lifecycle:lifecycle-runtime-iossimulatorarm64:2.11.0
:m16	transitive	org.jetbrains.androidx.lifecycle:lifecycle-runtime-js:2.11.0
:m16	transitive	org.jetbrains.androidx.lifecycle:lifecycle-runtime-js:2.9.6
:m16	transitive	org.jetbrains.androidx.lifecycle:lifecycle-runtime-wasm-js:2.11.0
:m16	transitive	org.jetbrains.androidx.lifecycle:lifecycle-runtime-wasm-js:2.9.6
:m16	transitive	org.jetbrains.androidx.lifecycle:lifecycle-runtime:2.11.0
:m16	transitive	org.jetbrains.androidx.lifecycle:lifecycle-runtime:2.9.6
:m16	transitive	org.jetbrains.androidx.lifecycle:lifecycle-viewmodel-android:2.11.0
:m16	transitive	org.jetbrains.androidx.lifecycle:lifecycle-viewmodel-compose-android:2.11.0
:m16	transitive	org.jetbrains.androidx.lifecycle:lifecycle-viewmodel-compose-desktop:2.11.0
:m16	transitive	org.jetbrains.androidx.lifecycle:lifecycle-viewmodel-compose-iosarm64:2.11.0
:m16	transitive	org.jetbrains.androidx.lifecycle:lifecycle-viewmodel-compose-iossimulatorarm64:2.11.0
:m16	transitive	org.jetbrains.androidx.lifecycle:lifecycle-viewmodel-compose-js:2.11.0
:m16	transitive	org.jetbrains.androidx.lifecycle:lifecycle-viewmodel-compose-wasm-js:2.11.0
:m16	transitive	org.jetbrains.androidx.lifecycle:lifecycle-viewmodel-compose:2.11.0
:m16	transitive	org.jetbrains.androidx.lifecycle:lifecycle-viewmodel-desktop:2.11.0
:m16	transitive	org.jetbrains.androidx.lifecycle:lifecycle-viewmodel-iosarm64:2.11.0
:m16	transitive	org.jetbrains.androidx.lifecycle:lifecycle-viewmodel-iossimulatorarm64:2.11.0
:m16	transitive	org.jetbrains.androidx.lifecycle:lifecycle-viewmodel-js:2.11.0
:m16	transitive	org.jetbrains.androidx.lifecycle:lifecycle-viewmodel-savedstate-android:2.11.0
:m16	transitive	org.jetbrains.androidx.lifecycle:lifecycle-viewmodel-savedstate-desktop:2.11.0
:m16	transitive	org.jetbrains.androidx.lifecycle:lifecycle-viewmodel-savedstate-iosarm64:2.11.0
:m16	transitive	org.jetbrains.androidx.lifecycle:lifecycle-viewmodel-savedstate-iossimulatorarm64:2.11.0
:m16	transitive	org.jetbrains.androidx.lifecycle:lifecycle-viewmodel-savedstate-js:2.11.0
:m16	transitive	org.jetbrains.androidx.lifecycle:lifecycle-viewmodel-savedstate-wasm-js:2.11.0
:m16	transitive	org.jetbrains.androidx.lifecycle:lifecycle-viewmodel-savedstate:2.11.0
:m16	transitive	org.jetbrains.androidx.lifecycle:lifecycle-viewmodel-savedstate:2.9.6
:m16	transitive	org.jetbrains.androidx.lifecycle:lifecycle-viewmodel-wasm-js:2.11.0
:m16	transitive	org.jetbrains.androidx.lifecycle:lifecycle-viewmodel:2.11.0
:m16	transitive	org.jetbrains.androidx.lifecycle:lifecycle-viewmodel:2.9.6
:m16	transitive	org.jetbrains.androidx.savedstate:savedstate-compose-desktop:1.3.6
:m16	transitive	org.jetbrains.androidx.savedstate:savedstate-compose-js:1.3.6
:m16	transitive	org.jetbrains.androidx.savedstate:savedstate-compose-uikitarm64:1.3.6
:m16	transitive	org.jetbrains.androidx.savedstate:savedstate-compose-uikitsimarm64:1.3.6
:m16	transitive	org.jetbrains.androidx.savedstate:savedstate-compose-wasm-js:1.3.6
:m16	transitive	org.jetbrains.androidx.savedstate:savedstate-compose:1.3.6
:m16	transitive	org.jetbrains.androidx.savedstate:savedstate-js:1.3.6
:m16	transitive	org.jetbrains.androidx.savedstate:savedstate-wasm-js:1.3.6
:m16	transitive	org.jetbrains.androidx.savedstate:savedstate:1.3.6
:m16	transitive	org.jetbrains.androidx.window:window-core-desktop:1.5.0
:m16	transitive	org.jetbrains.androidx.window:window-core-iosarm64:1.5.0
:m16	transitive	org.jetbrains.androidx.window:window-core-iossimulatorarm64:1.5.0
:m16	transitive	org.jetbrains.androidx.window:window-core-js:1.5.0
:m16	transitive	org.jetbrains.androidx.window:window-core-wasm-js:1.5.0
:m16	transitive	org.jetbrains.androidx.window:window-core:1.5.0
:m16	transitive	org.jetbrains.compose.animation:animation-core-desktop:1.11.1
:m16	transitive	org.jetbrains.compose.animation:animation-core-iosarm64:1.11.1
:m16	transitive	org.jetbrains.compose.animation:animation-core-iossimulatorarm64:1.11.1
:m16	transitive	org.jetbrains.compose.animation:animation-core-js:1.11.1
:m16	transitive	org.jetbrains.compose.animation:animation-core-wasm-js:1.11.1
:m16	transitive	org.jetbrains.compose.animation:animation-core:1.11.1
:m16	transitive	org.jetbrains.compose.animation:animation-desktop:1.11.1
:m16	transitive	org.jetbrains.compose.animation:animation-iosarm64:1.11.1
:m16	transitive	org.jetbrains.compose.animation:animation-iossimulatorarm64:1.11.1
:m16	transitive	org.jetbrains.compose.animation:animation-js:1.11.1
:m16	transitive	org.jetbrains.compose.animation:animation-wasm-js:1.11.1
:m16	transitive	org.jetbrains.compose.animation:animation:1.11.1
:m16	transitive	org.jetbrains.compose.annotation-internal:annotation-js:1.10.0
:m16	transitive	org.jetbrains.compose.annotation-internal:annotation-wasm-js:1.10.0
:m16	transitive	org.jetbrains.compose.annotation-internal:annotation:1.10.0
:m16	transitive	org.jetbrains.compose.annotation-internal:annotation:1.9.3
:m16	transitive	org.jetbrains.compose.collection-internal:collection-js:1.10.0
:m16	transitive	org.jetbrains.compose.collection-internal:collection-wasm-js:1.10.0
:m16	transitive	org.jetbrains.compose.collection-internal:collection:1.10.0
:m16	transitive	org.jetbrains.compose.collection-internal:collection:1.9.3
:m16	transitive	org.jetbrains.compose.components:components-resources-android:1.11.1
:m16	transitive	org.jetbrains.compose.components:components-resources-desktop:1.11.1
:m16	transitive	org.jetbrains.compose.components:components-resources-iosArm64:1.11.1
:m16	transitive	org.jetbrains.compose.components:components-resources-iosSimulatorArm64:1.11.1
:m16	transitive	org.jetbrains.compose.components:components-resources-js:1.11.1
:m16	transitive	org.jetbrains.compose.components:components-resources-wasmJs:1.11.1
:m16	transitive	org.jetbrains.compose.components:components-resources:1.11.1
:m16	transitive	org.jetbrains.compose.foundation:foundation-desktop:1.11.1
:m16	transitive	org.jetbrains.compose.foundation:foundation-iosarm64:1.11.1
:m16	transitive	org.jetbrains.compose.foundation:foundation-iossimulatorarm64:1.11.1
:m16	transitive	org.jetbrains.compose.foundation:foundation-js:1.11.1
:m16	transitive	org.jetbrains.compose.foundation:foundation-layout-desktop:1.11.1
:m16	transitive	org.jetbrains.compose.foundation:foundation-layout-iosarm64:1.11.1
:m16	transitive	org.jetbrains.compose.foundation:foundation-layout-iossimulatorarm64:1.11.1
:m16	transitive	org.jetbrains.compose.foundation:foundation-layout-js:1.11.1
:m16	transitive	org.jetbrains.compose.foundation:foundation-layout-wasm-js:1.11.1
:m16	transitive	org.jetbrains.compose.foundation:foundation-layout:1.11.1
:m16	transitive	org.jetbrains.compose.foundation:foundation-wasm-js:1.11.1
:m16	transitive	org.jetbrains.compose.foundation:foundation:1.11.1
:m16	transitive	org.jetbrains.compose.material3.adaptive:adaptive-desktop:1.3.0-beta02
:m16	transitive	org.jetbrains.compose.material3.adaptive:adaptive-iosarm64:1.3.0-beta02
:m16	transitive	org.jetbrains.compose.material3.adaptive:adaptive-iossimulatorarm64:1.3.0-beta02
:m16	transitive	org.jetbrains.compose.material3.adaptive:adaptive-js:1.3.0-beta02
:m16	transitive	org.jetbrains.compose.material3.adaptive:adaptive-layout-desktop:1.3.0-beta02
:m16	transitive	org.jetbrains.compose.material3.adaptive:adaptive-layout-iosarm64:1.3.0-beta02
:m16	transitive	org.jetbrains.compose.material3.adaptive:adaptive-layout-iossimulatorarm64:1.3.0-beta02
:m16	transitive	org.jetbrains.compose.material3.adaptive:adaptive-layout-js:1.3.0-beta02
:m16	transitive	org.jetbrains.compose.material3.adaptive:adaptive-layout-wasm-js:1.3.0-beta02
:m16	transitive	org.jetbrains.compose.material3.adaptive:adaptive-layout:1.3.0-beta02
:m16	transitive	org.jetbrains.compose.material3.adaptive:adaptive-wasm-js:1.3.0-beta02
:m16	transitive	org.jetbrains.compose.material3.adaptive:adaptive:1.3.0-beta02
:m16	transitive	org.jetbrains.compose.material3:material3-desktop:1.10.0-alpha05
:m16	transitive	org.jetbrains.compose.material3:material3-js:1.10.0-alpha05
:m16	transitive	org.jetbrains.compose.material3:material3-uikitarm64:1.10.0-alpha05
:m16	transitive	org.jetbrains.compose.material3:material3-uikitsimarm64:1.10.0-alpha05
:m16	transitive	org.jetbrains.compose.material3:material3-wasm-js:1.10.0-alpha05
:m16	transitive	org.jetbrains.compose.material3:material3:1.10.0-alpha05
:m16	transitive	org.jetbrains.compose.material:material-icons-core-desktop:1.7.3
:m16	transitive	org.jetbrains.compose.material:material-icons-core-js:1.7.3
:m16	transitive	org.jetbrains.compose.material:material-icons-core-uikitarm64:1.7.3
:m16	transitive	org.jetbrains.compose.material:material-icons-core-uikitsimarm64:1.7.3
:m16	transitive	org.jetbrains.compose.material:material-icons-core-wasm-js:1.7.3
:m16	transitive	org.jetbrains.compose.material:material-icons-core:1.7.3
:m16	transitive	org.jetbrains.compose.material:material-icons-extended-desktop:1.7.3
:m16	transitive	org.jetbrains.compose.material:material-icons-extended-js:1.7.3
:m16	transitive	org.jetbrains.compose.material:material-icons-extended-uikitarm64:1.7.3
:m16	transitive	org.jetbrains.compose.material:material-icons-extended-uikitsimarm64:1.7.3
:m16	transitive	org.jetbrains.compose.material:material-icons-extended-wasm-js:1.7.3
:m16	transitive	org.jetbrains.compose.material:material-icons-extended:1.7.3
:m16	transitive	org.jetbrains.compose.material:material-ripple-desktop:1.9.3
:m16	transitive	org.jetbrains.compose.material:material-ripple-js:1.9.3
:m16	transitive	org.jetbrains.compose.material:material-ripple-uikitarm64:1.9.3
:m16	transitive	org.jetbrains.compose.material:material-ripple-uikitsimarm64:1.9.3
:m16	transitive	org.jetbrains.compose.material:material-ripple-wasm-js:1.9.3
:m16	transitive	org.jetbrains.compose.material:material-ripple:1.9.3
:m16	transitive	org.jetbrains.compose.runtime:runtime-desktop:1.11.1
:m16	transitive	org.jetbrains.compose.runtime:runtime-iosarm64:1.11.1
:m16	transitive	org.jetbrains.compose.runtime:runtime-iossimulatorarm64:1.11.1
:m16	transitive	org.jetbrains.compose.runtime:runtime-js:1.11.1
:m16	transitive	org.jetbrains.compose.runtime:runtime-saveable-desktop:1.11.1
:m16	transitive	org.jetbrains.compose.runtime:runtime-saveable-iosarm64:1.11.1
:m16	transitive	org.jetbrains.compose.runtime:runtime-saveable-iossimulatorarm64:1.11.1
:m16	transitive	org.jetbrains.compose.runtime:runtime-saveable-js:1.11.1
:m16	transitive	org.jetbrains.compose.runtime:runtime-saveable-wasm-js:1.11.1
:m16	transitive	org.jetbrains.compose.runtime:runtime-saveable:1.11.1
:m16	transitive	org.jetbrains.compose.runtime:runtime-wasm-js:1.11.1
:m16	transitive	org.jetbrains.compose.runtime:runtime:1.11.1
:m16	transitive	org.jetbrains.compose.ui:ui-backhandler-android:1.9.3
:m16	transitive	org.jetbrains.compose.ui:ui-backhandler-desktop:1.11.1
:m16	transitive	org.jetbrains.compose.ui:ui-backhandler-iosarm64:1.11.1
:m16	transitive	org.jetbrains.compose.ui:ui-backhandler-iossimulatorarm64:1.11.1
:m16	transitive	org.jetbrains.compose.ui:ui-backhandler-js:1.11.1
:m16	transitive	org.jetbrains.compose.ui:ui-backhandler-wasm-js:1.11.1
:m16	transitive	org.jetbrains.compose.ui:ui-backhandler:1.11.1
:m16	transitive	org.jetbrains.compose.ui:ui-backhandler:1.9.3
:m16	transitive	org.jetbrains.compose.ui:ui-desktop:1.11.1
:m16	transitive	org.jetbrains.compose.ui:ui-geometry-desktop:1.11.1
:m16	transitive	org.jetbrains.compose.ui:ui-geometry-iosarm64:1.11.1
:m16	transitive	org.jetbrains.compose.ui:ui-geometry-iossimulatorarm64:1.11.1
:m16	transitive	org.jetbrains.compose.ui:ui-geometry-js:1.11.1
:m16	transitive	org.jetbrains.compose.ui:ui-geometry-wasm-js:1.11.1
:m16	transitive	org.jetbrains.compose.ui:ui-geometry:1.11.1
:m16	transitive	org.jetbrains.compose.ui:ui-graphics-desktop:1.11.1
:m16	transitive	org.jetbrains.compose.ui:ui-graphics-iosarm64:1.11.1
:m16	transitive	org.jetbrains.compose.ui:ui-graphics-iossimulatorarm64:1.11.1
:m16	transitive	org.jetbrains.compose.ui:ui-graphics-js:1.11.1
:m16	transitive	org.jetbrains.compose.ui:ui-graphics-wasm-js:1.11.1
:m16	transitive	org.jetbrains.compose.ui:ui-graphics:1.11.1
:m16	transitive	org.jetbrains.compose.ui:ui-iosarm64:1.11.1
:m16	transitive	org.jetbrains.compose.ui:ui-iossimulatorarm64:1.11.1
:m16	transitive	org.jetbrains.compose.ui:ui-js:1.11.1
:m16	transitive	org.jetbrains.compose.ui:ui-text-desktop:1.11.1
:m16	transitive	org.jetbrains.compose.ui:ui-text-iosarm64:1.11.1
:m16	transitive	org.jetbrains.compose.ui:ui-text-iossimulatorarm64:1.11.1
:m16	transitive	org.jetbrains.compose.ui:ui-text-js:1.11.1
:m16	transitive	org.jetbrains.compose.ui:ui-text-wasm-js:1.11.1
:m16	transitive	org.jetbrains.compose.ui:ui-text:1.11.1
:m16	transitive	org.jetbrains.compose.ui:ui-tooling-data:1.11.1
:m16	transitive	org.jetbrains.compose.ui:ui-tooling-preview-desktop:1.11.1
:m16	transitive	org.jetbrains.compose.ui:ui-tooling-preview-iosarm64:1.11.1
:m16	transitive	org.jetbrains.compose.ui:ui-tooling-preview-iossimulatorarm64:1.11.1
:m16	transitive	org.jetbrains.compose.ui:ui-tooling-preview-js:1.11.1
:m16	transitive	org.jetbrains.compose.ui:ui-tooling-preview-wasm-js:1.11.1
:m16	transitive	org.jetbrains.compose.ui:ui-tooling-preview:1.11.1
:m16	transitive	org.jetbrains.compose.ui:ui-tooling:1.11.1
:m16	transitive	org.jetbrains.compose.ui:ui-uikit-iosarm64:1.11.1
:m16	transitive	org.jetbrains.compose.ui:ui-uikit-iossimulatorarm64:1.11.1
:m16	transitive	org.jetbrains.compose.ui:ui-uikit:1.11.1
:m16	transitive	org.jetbrains.compose.ui:ui-unit-desktop:1.11.1
:m16	transitive	org.jetbrains.compose.ui:ui-unit-iosarm64:1.11.1
:m16	transitive	org.jetbrains.compose.ui:ui-unit-iossimulatorarm64:1.11.1
:m16	transitive	org.jetbrains.compose.ui:ui-unit-js:1.11.1
:m16	transitive	org.jetbrains.compose.ui:ui-unit-wasm-js:1.11.1
:m16	transitive	org.jetbrains.compose.ui:ui-unit:1.11.1
:m16	transitive	org.jetbrains.compose.ui:ui-util-desktop:1.11.1
:m16	transitive	org.jetbrains.compose.ui:ui-util-iosarm64:1.11.1
:m16	transitive	org.jetbrains.compose.ui:ui-util-iossimulatorarm64:1.11.1
:m16	transitive	org.jetbrains.compose.ui:ui-util-js:1.11.1
:m16	transitive	org.jetbrains.compose.ui:ui-util-wasm-js:1.11.1
:m16	transitive	org.jetbrains.compose.ui:ui-util:1.11.1
:m16	transitive	org.jetbrains.compose.ui:ui-wasm-js:1.11.1
:m16	transitive	org.jetbrains.compose.ui:ui:1.11.1
:m16	transitive	org.jetbrains.kotlin:kotlin-stdlib-common:2.4.10
:m16	transitive	org.jetbrains.kotlin:kotlin-stdlib-jdk7:1.9.0
:m16	transitive	org.jetbrains.kotlin:kotlin-stdlib-jdk8:1.8.22
:m16	transitive	org.jetbrains.kotlin:kotlin-stdlib-js:2.4.10
:m16	transitive	org.jetbrains.kotlin:kotlin-stdlib-wasm-js:2.4.10
:m16	transitive	org.jetbrains.kotlin:kotlin-test-js:2.4.10
:m16	transitive	org.jetbrains.kotlin:kotlin-test-junit:2.4.10
:m16	transitive	org.jetbrains.kotlin:kotlin-test-wasm-js:2.4.10
:m16	transitive	org.jetbrains.kotlin:kotlinx-atomicfu-runtime:2.2.20
:m16	transitive	org.jetbrains.kotlinx:atomicfu-iosarm64:0.32.1
:m16	transitive	org.jetbrains.kotlinx:atomicfu-iossimulatorarm64:0.32.1
:m16	transitive	org.jetbrains.kotlinx:atomicfu-js:0.32.1
:m16	transitive	org.jetbrains.kotlinx:atomicfu-jvm:0.28.0
:m16	transitive	org.jetbrains.kotlinx:atomicfu-wasm-js:0.32.1
:m16	transitive	org.jetbrains.kotlinx:atomicfu:0.28.0
:m16	transitive	org.jetbrains.kotlinx:atomicfu:0.32.1
:m16	transitive	org.jetbrains.kotlinx:kotlinx-browser-js:0.5.0
:m16	transitive	org.jetbrains.kotlinx:kotlinx-browser-wasm-js:0.5.0
:m16	transitive	org.jetbrains.kotlinx:kotlinx-browser:0.5.0
:m16	transitive	org.jetbrains.kotlinx:kotlinx-collections-immutable-iosarm64:0.5.0
:m16	transitive	org.jetbrains.kotlinx:kotlinx-collections-immutable-iossimulatorarm64:0.5.0
:m16	transitive	org.jetbrains.kotlinx:kotlinx-collections-immutable-js:0.5.0
:m16	transitive	org.jetbrains.kotlinx:kotlinx-collections-immutable-jvm:0.5.0
:m16	transitive	org.jetbrains.kotlinx:kotlinx-collections-immutable-wasm-js:0.5.0
:m16	transitive	org.jetbrains.kotlinx:kotlinx-collections-immutable:0.5.0
:m16	transitive	org.jetbrains.kotlinx:kotlinx-coroutines-android:1.11.0
:m16	transitive	org.jetbrains.kotlinx:kotlinx-coroutines-bom:1.11.0
:m16	transitive	org.jetbrains.kotlinx:kotlinx-coroutines-core-iosarm64:1.11.0
:m16	transitive	org.jetbrains.kotlinx:kotlinx-coroutines-core-iossimulatorarm64:1.11.0
:m16	transitive	org.jetbrains.kotlinx:kotlinx-coroutines-core-js:1.11.0
:m16	transitive	org.jetbrains.kotlinx:kotlinx-coroutines-core-jvm:1.11.0
:m16	transitive	org.jetbrains.kotlinx:kotlinx-coroutines-core-wasm-js:1.11.0
:m16	transitive	org.jetbrains.kotlinx:kotlinx-coroutines-play-services:1.11.0
:m16	transitive	org.jetbrains.kotlinx:kotlinx-coroutines-test-iosarm64:1.11.0
:m16	transitive	org.jetbrains.kotlinx:kotlinx-coroutines-test-iossimulatorarm64:1.11.0
:m16	transitive	org.jetbrains.kotlinx:kotlinx-coroutines-test-js:1.11.0
:m16	transitive	org.jetbrains.kotlinx:kotlinx-coroutines-test-jvm:1.11.0
:m16	transitive	org.jetbrains.kotlinx:kotlinx-coroutines-test-wasm-js:1.11.0
:m16	transitive	org.jetbrains.kotlinx:kotlinx-datetime-iosarm64:0.7.1
:m16	transitive	org.jetbrains.kotlinx:kotlinx-datetime-iossimulatorarm64:0.7.1
:m16	transitive	org.jetbrains.kotlinx:kotlinx-datetime-js:0.7.1
:m16	transitive	org.jetbrains.kotlinx:kotlinx-datetime-jvm:0.7.1
:m16	transitive	org.jetbrains.kotlinx:kotlinx-datetime-wasm-js:0.7.1
:m16	transitive	org.jetbrains.kotlinx:kotlinx-datetime:0.7.1
:m16	transitive	org.jetbrains.kotlinx:kotlinx-io-bytestring-iosarm64:0.9.0
:m16	transitive	org.jetbrains.kotlinx:kotlinx-io-bytestring-iossimulatorarm64:0.9.0
:m16	transitive	org.jetbrains.kotlinx:kotlinx-io-bytestring:0.9.0
:m16	transitive	org.jetbrains.kotlinx:kotlinx-io-core-iosarm64:0.9.0
:m16	transitive	org.jetbrains.kotlinx:kotlinx-io-core-iossimulatorarm64:0.9.0
:m16	transitive	org.jetbrains.kotlinx:kotlinx-io-core:0.9.0
:m16	transitive	org.jetbrains.kotlinx:kotlinx-serialization-bom:1.11.0
:m16	transitive	org.jetbrains.kotlinx:kotlinx-serialization-bom:1.7.3
:m16	transitive	org.jetbrains.kotlinx:kotlinx-serialization-core-iosarm64:1.11.0
:m16	transitive	org.jetbrains.kotlinx:kotlinx-serialization-core-iosarm64:1.7.3
:m16	transitive	org.jetbrains.kotlinx:kotlinx-serialization-core-iossimulatorarm64:1.11.0
:m16	transitive	org.jetbrains.kotlinx:kotlinx-serialization-core-iossimulatorarm64:1.7.3
:m16	transitive	org.jetbrains.kotlinx:kotlinx-serialization-core-js:1.11.0
:m16	transitive	org.jetbrains.kotlinx:kotlinx-serialization-core-js:1.7.3
:m16	transitive	org.jetbrains.kotlinx:kotlinx-serialization-core-jvm:1.11.0
:m16	transitive	org.jetbrains.kotlinx:kotlinx-serialization-core-jvm:1.7.3
:m16	transitive	org.jetbrains.kotlinx:kotlinx-serialization-core-wasm-js:1.11.0
:m16	transitive	org.jetbrains.kotlinx:kotlinx-serialization-core-wasm-js:1.7.3
:m16	transitive	org.jetbrains.kotlinx:kotlinx-serialization-core:1.11.0
:m16	transitive	org.jetbrains.kotlinx:kotlinx-serialization-core:1.7.3
:m16	transitive	org.jetbrains.kotlinx:kotlinx-serialization-json-iosarm64:1.11.0
:m16	transitive	org.jetbrains.kotlinx:kotlinx-serialization-json-iossimulatorarm64:1.11.0
:m16	transitive	org.jetbrains.kotlinx:kotlinx-serialization-json-js:1.11.0
:m16	transitive	org.jetbrains.kotlinx:kotlinx-serialization-json-jvm:1.11.0
:m16	transitive	org.jetbrains.kotlinx:kotlinx-serialization-json-wasm-js:1.11.0
:m16	transitive	org.jetbrains.kotlinx:kotlinx-serialization-json:1.11.0
:m16	transitive	org.jetbrains.kotlinx:kotlinx-serialization-protobuf-iosarm64:1.7.3
:m16	transitive	org.jetbrains.kotlinx:kotlinx-serialization-protobuf-iossimulatorarm64:1.7.3
:m16	transitive	org.jetbrains.kotlinx:kotlinx-serialization-protobuf:1.7.3
:m16	transitive	org.jetbrains.runtime:jbr-api:1.9.0
:m16	transitive	org.jetbrains.skiko:skiko-awt:0.144.6
:m16	transitive	org.jetbrains.skiko:skiko-iosarm64:0.144.6
:m16	transitive	org.jetbrains.skiko:skiko-iossimulatorarm64:0.144.6
:m16	transitive	org.jetbrains.skiko:skiko-js-wasm-runtime:0.144.6
:m16	transitive	org.jetbrains.skiko:skiko-js:0.144.6
:m16	transitive	org.jetbrains.skiko:skiko-wasm-js:0.144.6
:m16	transitive	org.jetbrains.skiko:skiko:0.144.6
:m16	transitive	org.jetbrains:annotations:23.0.0
:m16	transitive	org.jetbrains:markdown-iosarm64:0.7.5
:m16	transitive	org.jetbrains:markdown-iossimulatorarm64:0.7.5
:m16	transitive	org.jetbrains:markdown-js:0.7.5
:m16	transitive	org.jetbrains:markdown-jvm:0.7.5
:m16	transitive	org.jetbrains:markdown-wasm-js:0.7.5
:m16	transitive	org.jetbrains:markdown:0.7.5
:m16	transitive	org.jspecify:jspecify:1.0.0
:m16	transitive	org.slf4j:slf4j-api:1.7.36
:m16	transitive	org.xerial:sqlite-jdbc:3.46.1.0
:m18	direct	com.mikepenz:multiplatform-markdown-renderer-code:0.43.0
:m18	direct	com.mikepenz:multiplatform-markdown-renderer-coil3:0.43.0
:m18	direct	com.mikepenz:multiplatform-markdown-renderer-m3:0.43.0
:m18	direct	com.mikepenz:multiplatform-markdown-renderer:0.43.0
:m18	direct	io.insert-koin:koin-compose-viewmodel:4.2.2
:m18	direct	io.insert-koin:koin-compose:4.2.2
:m18	direct	io.insert-koin:koin-core:4.2.2
:m18	direct	io.ktor:ktor-client-cio:3.5.1
:m18	direct	io.ktor:ktor-client-content-negotiation:3.5.1
:m18	direct	io.ktor:ktor-client-core:3.5.1
:m18	direct	io.ktor:ktor-client-js:3.5.1
:m18	direct	io.ktor:ktor-client-mock:3.5.1
:m18	direct	io.ktor:ktor-client-resources:3.5.1
:m18	direct	io.ktor:ktor-serialization-kotlinx-json:3.5.1
:m18	direct	org.jetbrains.androidx.lifecycle:lifecycle-runtime-compose:2.11.0
:m18	direct	org.jetbrains.androidx.lifecycle:lifecycle-viewmodel-compose:2.11.0
:m18	direct	org.jetbrains.androidx.navigation3:navigation3-ui:1.1.1
:m18	direct	org.jetbrains.compose.components:components-resources:1.11.1
:m18	direct	org.jetbrains.compose.foundation:foundation:1.11.1
:m18	direct	org.jetbrains.compose.hot-reload:hot-reload-runtime-jvm:1.1.1
:m18	direct	org.jetbrains.compose.material3.adaptive:adaptive-layout:1.3.0-beta02
:m18	direct	org.jetbrains.compose.material3.adaptive:adaptive-navigation3:1.3.0-beta02
:m18	direct	org.jetbrains.compose.material3.adaptive:adaptive-navigation:1.3.0-beta02
:m18	direct	org.jetbrains.compose.material3.adaptive:adaptive:1.3.0-beta02
:m18	direct	org.jetbrains.compose.material3:material3-adaptive-navigation-suite:1.9.0
:m18	direct	org.jetbrains.compose.material3:material3:1.10.0-alpha05
:m18	direct	org.jetbrains.compose.material:material-icons-extended:1.7.3
:m18	direct	org.jetbrains.compose.runtime:runtime:1.11.1
:m18	direct	org.jetbrains.compose.ui:ui-tooling-preview:1.11.1
:m18	direct	org.jetbrains.kotlin:kotlin-stdlib:2.4.10
:m18	direct	org.jetbrains.kotlin:kotlin-test:2.4.10
:m18	direct	org.jetbrains.kotlinx:kotlinx-coroutines-test:1.11.0
:m18	transitive	androidx.annotation:annotation-jvm:1.9.1
:m18	transitive	androidx.annotation:annotation-wasm-js:1.9.1
:m18	transitive	androidx.annotation:annotation:1.9.1
:m18	transitive	androidx.arch.core:core-common:2.2.0
:m18	transitive	androidx.collection:collection-jvm:1.5.0
:m18	transitive	androidx.collection:collection-wasm-js:1.5.0
:m18	transitive	androidx.collection:collection:1.5.0
:m18	transitive	androidx.compose.runtime:runtime-annotation-jvm:1.11.2
:m18	transitive	androidx.compose.runtime:runtime-annotation-wasm-js:1.11.2
:m18	transitive	androidx.compose.runtime:runtime-annotation:1.11.2
:m18	transitive	androidx.compose.runtime:runtime-desktop:1.11.2
:m18	transitive	androidx.compose.runtime:runtime-retain-desktop:1.11.2
:m18	transitive	androidx.compose.runtime:runtime-retain-wasm-js:1.11.2
:m18	transitive	androidx.compose.runtime:runtime-retain:1.11.2
:m18	transitive	androidx.compose.runtime:runtime-saveable-desktop:1.11.2
:m18	transitive	androidx.compose.runtime:runtime-saveable-wasm-js:1.11.2
:m18	transitive	androidx.compose.runtime:runtime-saveable:1.11.2
:m18	transitive	androidx.compose.runtime:runtime-wasm-js:1.11.2
:m18	transitive	androidx.compose.runtime:runtime:1.11.2
:m18	transitive	androidx.datastore:datastore-core-jvm:1.2.1
:m18	transitive	androidx.datastore:datastore-core-okio-jvm:1.2.1
:m18	transitive	androidx.datastore:datastore-core-okio:1.2.1
:m18	transitive	androidx.datastore:datastore-core:1.2.1
:m18	transitive	androidx.datastore:datastore-jvm:1.2.1
:m18	transitive	androidx.datastore:datastore-preferences-core-jvm:1.2.1
:m18	transitive	androidx.datastore:datastore-preferences-core:1.2.1
:m18	transitive	androidx.datastore:datastore-preferences-external-protobuf:1.2.1
:m18	transitive	androidx.datastore:datastore-preferences-jvm:1.2.1
:m18	transitive	androidx.datastore:datastore-preferences-proto:1.2.1
:m18	transitive	androidx.datastore:datastore-preferences:1.2.1
:m18	transitive	androidx.datastore:datastore:1.2.1
:m18	transitive	androidx.graphics:graphics-shapes-desktop:1.1.0
:m18	transitive	androidx.graphics:graphics-shapes-wasm-js:1.1.0
:m18	transitive	androidx.graphics:graphics-shapes:1.1.0
:m18	transitive	androidx.lifecycle:lifecycle-common-jvm:2.11.0
:m18	transitive	androidx.lifecycle:lifecycle-common-wasm-js:2.11.0
:m18	transitive	androidx.lifecycle:lifecycle-common:2.11.0
:m18	transitive	androidx.lifecycle:lifecycle-runtime-compose-desktop:2.11.0
:m18	transitive	androidx.lifecycle:lifecycle-runtime-compose-wasm-js:2.11.0
:m18	transitive	androidx.lifecycle:lifecycle-runtime-compose:2.11.0
:m18	transitive	androidx.lifecycle:lifecycle-runtime-desktop:2.11.0
:m18	transitive	androidx.lifecycle:lifecycle-runtime-wasm-js:2.11.0
:m18	transitive	androidx.lifecycle:lifecycle-runtime:2.11.0
:m18	transitive	androidx.lifecycle:lifecycle-viewmodel-compose-desktop:2.11.0
:m18	transitive	androidx.lifecycle:lifecycle-viewmodel-compose-wasm-js:2.11.0
:m18	transitive	androidx.lifecycle:lifecycle-viewmodel-compose:2.11.0
:m18	transitive	androidx.lifecycle:lifecycle-viewmodel-desktop:2.11.0
:m18	transitive	androidx.lifecycle:lifecycle-viewmodel-navigation3-desktop:2.11.0
:m18	transitive	androidx.lifecycle:lifecycle-viewmodel-navigation3-wasm-js:2.11.0
:m18	transitive	androidx.lifecycle:lifecycle-viewmodel-navigation3:2.11.0
:m18	transitive	androidx.lifecycle:lifecycle-viewmodel-savedstate-desktop:2.11.0
:m18	transitive	androidx.lifecycle:lifecycle-viewmodel-savedstate-wasm-js:2.11.0
:m18	transitive	androidx.lifecycle:lifecycle-viewmodel-savedstate:2.11.0
:m18	transitive	androidx.lifecycle:lifecycle-viewmodel-wasm-js:2.11.0
:m18	transitive	androidx.lifecycle:lifecycle-viewmodel:2.11.0
:m18	transitive	androidx.navigation3:navigation3-runtime-desktop:1.1.1
:m18	transitive	androidx.navigation3:navigation3-runtime-wasm-js:1.1.1
:m18	transitive	androidx.navigation3:navigation3-runtime:1.1.1
:m18	transitive	androidx.navigationevent:navigationevent-desktop:1.0.2
:m18	transitive	androidx.navigationevent:navigationevent-wasm-js:1.0.2
:m18	transitive	androidx.navigationevent:navigationevent:1.0.2
:m18	transitive	androidx.savedstate:savedstate-compose-desktop:1.4.0
:m18	transitive	androidx.savedstate:savedstate-compose-wasm-js:1.4.0
:m18	transitive	androidx.savedstate:savedstate-compose:1.4.0
:m18	transitive	androidx.savedstate:savedstate-desktop:1.4.0
:m18	transitive	androidx.savedstate:savedstate-wasm-js:1.4.0
:m18	transitive	androidx.savedstate:savedstate:1.4.0
:m18	transitive	androidx.window:window-core-jvm:1.5.0
:m18	transitive	androidx.window:window-core-wasm-js:1.5.0
:m18	transitive	androidx.window:window-core:1.5.0
:m18	transitive	co.touchlab:stately-concurrency-jvm:2.1.0
:m18	transitive	co.touchlab:stately-concurrency-wasm-js:2.1.0
:m18	transitive	co.touchlab:stately-concurrency:2.1.0
:m18	transitive	co.touchlab:stately-concurrent-collections-jvm:2.1.0
:m18	transitive	co.touchlab:stately-concurrent-collections-wasm-js:2.1.0
:m18	transitive	co.touchlab:stately-concurrent-collections:2.1.0
:m18	transitive	co.touchlab:stately-strict-jvm:2.1.0
:m18	transitive	co.touchlab:stately-strict-wasm-js:2.1.0
:m18	transitive	co.touchlab:stately-strict:2.1.0
:m18	transitive	com.mikepenz:multiplatform-markdown-renderer-code-jvm:0.43.0
:m18	transitive	com.mikepenz:multiplatform-markdown-renderer-code-wasm-js:0.43.0
:m18	transitive	com.mikepenz:multiplatform-markdown-renderer-coil3-jvm:0.43.0
:m18	transitive	com.mikepenz:multiplatform-markdown-renderer-coil3-wasm-js:0.43.0
:m18	transitive	com.mikepenz:multiplatform-markdown-renderer-jvm:0.43.0
:m18	transitive	com.mikepenz:multiplatform-markdown-renderer-m3-jvm:0.43.0
:m18	transitive	com.mikepenz:multiplatform-markdown-renderer-m3-wasm-js:0.43.0
:m18	transitive	com.mikepenz:multiplatform-markdown-renderer-wasm-js:0.43.0
:m18	transitive	com.squareup.okio:okio-jvm:3.17.0
:m18	transitive	com.squareup.okio:okio-wasm-js:3.17.0
:m18	transitive	com.squareup.okio:okio:3.17.0
:m18	transitive	dev.snipme:highlights-jvm:1.1.0
:m18	transitive	dev.snipme:highlights-wasm-js:1.1.0
:m18	transitive	dev.snipme:highlights:1.1.0
:m18	transitive	dev.whyoleg.cryptography:cryptography-bigint:0.6.0
:m18	transitive	dev.whyoleg.cryptography:cryptography-core:0.6.0
:m18	transitive	dev.whyoleg.cryptography:cryptography-provider-base:0.6.0
:m18	transitive	dev.whyoleg.cryptography:cryptography-provider-cryptokit:0.6.0
:m18	transitive	dev.whyoleg.cryptography:cryptography-random:0.6.0
:m18	transitive	dev.whyoleg.cryptography:cryptography-serialization-asn1-modules:0.6.0
:m18	transitive	dev.whyoleg.cryptography:cryptography-serialization-asn1:0.6.0
:m18	transitive	dev.whyoleg.cryptography:cryptography-serialization-pem:0.6.0
:m18	transitive	eu.anifantakis:ksafe-jvm:3.0.0
:m18	transitive	eu.anifantakis:ksafe-wasm-js:3.0.0
:m18	transitive	eu.anifantakis:ksafe:3.0.0
:m18	transitive	io.coil-kt.coil3:coil-compose-core-jvm:3.5.0
:m18	transitive	io.coil-kt.coil3:coil-compose-core-wasm-js:3.5.0
:m18	transitive	io.coil-kt.coil3:coil-compose-core:3.5.0
:m18	transitive	io.coil-kt.coil3:coil-compose-jvm:3.5.0
:m18	transitive	io.coil-kt.coil3:coil-compose-wasm-js:3.5.0
:m18	transitive	io.coil-kt.coil3:coil-compose:3.5.0
:m18	transitive	io.coil-kt.coil3:coil-core-jvm:3.5.0
:m18	transitive	io.coil-kt.coil3:coil-core-wasm-js:3.5.0
:m18	transitive	io.coil-kt.coil3:coil-core:3.5.0
:m18	transitive	io.coil-kt.coil3:coil-jvm:3.5.0
:m18	transitive	io.coil-kt.coil3:coil-wasm-js:3.5.0
:m18	transitive	io.coil-kt.coil3:coil:3.5.0
:m18	transitive	io.github.aughtone:format-datetime-jvm:3.1.0
:m18	transitive	io.github.aughtone:format-datetime-wasm-js:3.1.0
:m18	transitive	io.github.aughtone:format-datetime:3.1.0
:m18	transitive	io.github.aughtone:format-readable-jvm:3.1.0
:m18	transitive	io.github.aughtone:format-readable-wasm-js:3.1.0
:m18	transitive	io.github.aughtone:format-readable:3.1.0
:m18	transitive	io.github.aughtone:format-toolbox-jvm:3.1.0
:m18	transitive	io.github.aughtone:format-toolbox-wasm-js:3.1.0
:m18	transitive	io.github.aughtone:format-toolbox:3.1.0
:m18	transitive	io.github.aughtone:types-jvm:3.2.0
:m18	transitive	io.github.aughtone:types-wasm-js:3.2.0
:m18	transitive	io.github.aughtone:types:3.2.0
:m18	transitive	io.github.turansky.seskar:seskar-core-wasm-js:4.60.0
:m18	transitive	io.github.turansky.seskar:seskar-core:4.60.0
:m18	transitive	io.insert-koin:koin-compose-jvm:4.2.2
:m18	transitive	io.insert-koin:koin-compose-viewmodel-jvm:4.2.2
:m18	transitive	io.insert-koin:koin-compose-viewmodel-wasm-js:4.2.2
:m18	transitive	io.insert-koin:koin-compose-wasm-js:4.2.2
:m18	transitive	io.insert-koin:koin-core-jvm:4.2.2
:m18	transitive	io.insert-koin:koin-core-viewmodel-jvm:4.2.2
:m18	transitive	io.insert-koin:koin-core-viewmodel-wasm-js:4.2.2
:m18	transitive	io.insert-koin:koin-core-viewmodel:4.2.2
:m18	transitive	io.insert-koin:koin-core-wasm-js:4.2.2
:m18	transitive	io.ktor:ktor-client-cio-jvm:3.5.1
:m18	transitive	io.ktor:ktor-client-content-negotiation-jvm:3.5.1
:m18	transitive	io.ktor:ktor-client-content-negotiation-wasm-js:3.5.1
:m18	transitive	io.ktor:ktor-client-core-jvm:3.5.1
:m18	transitive	io.ktor:ktor-client-core-wasm-js:3.5.1
:m18	transitive	io.ktor:ktor-client-js-wasm-js:3.5.1
:m18	transitive	io.ktor:ktor-client-mock-wasm-js:3.5.1
:m18	transitive	io.ktor:ktor-client-resources-jvm:3.5.1
:m18	transitive	io.ktor:ktor-client-resources-wasm-js:3.5.1
:m18	transitive	io.ktor:ktor-events-jvm:3.5.1
:m18	transitive	io.ktor:ktor-events-wasm-js:3.5.1
:m18	transitive	io.ktor:ktor-events:3.5.1
:m18	transitive	io.ktor:ktor-http-cio-jvm:3.5.1
:m18	transitive	io.ktor:ktor-http-cio-wasm-js:3.5.1
:m18	transitive	io.ktor:ktor-http-cio:3.5.1
:m18	transitive	io.ktor:ktor-http-jvm:3.5.1
:m18	transitive	io.ktor:ktor-http-wasm-js:3.5.1
:m18	transitive	io.ktor:ktor-http:3.5.1
:m18	transitive	io.ktor:ktor-io-jvm:3.5.1
:m18	transitive	io.ktor:ktor-io-wasm-js:3.5.1
:m18	transitive	io.ktor:ktor-io:3.5.1
:m18	transitive	io.ktor:ktor-network-jvm:3.5.1
:m18	transitive	io.ktor:ktor-network-tls-jvm:3.5.1
:m18	transitive	io.ktor:ktor-network-tls:3.5.1
:m18	transitive	io.ktor:ktor-network:3.5.1
:m18	transitive	io.ktor:ktor-resources-jvm:3.5.1
:m18	transitive	io.ktor:ktor-resources-wasm-js:3.5.1
:m18	transitive	io.ktor:ktor-resources:3.5.1
:m18	transitive	io.ktor:ktor-serialization-jvm:3.5.1
:m18	transitive	io.ktor:ktor-serialization-kotlinx-json-jvm:3.5.1
:m18	transitive	io.ktor:ktor-serialization-kotlinx-json-wasm-js:3.5.1
:m18	transitive	io.ktor:ktor-serialization-kotlinx-jvm:3.5.1
:m18	transitive	io.ktor:ktor-serialization-kotlinx-wasm-js:3.5.1
:m18	transitive	io.ktor:ktor-serialization-kotlinx:3.5.1
:m18	transitive	io.ktor:ktor-serialization-wasm-js:3.5.1
:m18	transitive	io.ktor:ktor-serialization:3.5.1
:m18	transitive	io.ktor:ktor-sse-jvm:3.5.1
:m18	transitive	io.ktor:ktor-sse-wasm-js:3.5.1
:m18	transitive	io.ktor:ktor-sse:3.5.1
:m18	transitive	io.ktor:ktor-utils-jvm:3.5.1
:m18	transitive	io.ktor:ktor-utils-wasm-js:3.5.1
:m18	transitive	io.ktor:ktor-utils:3.5.1
:m18	transitive	io.ktor:ktor-websocket-serialization-jvm:3.5.1
:m18	transitive	io.ktor:ktor-websocket-serialization-wasm-js:3.5.1
:m18	transitive	io.ktor:ktor-websocket-serialization:3.5.1
:m18	transitive	io.ktor:ktor-websockets-jvm:3.5.1
:m18	transitive	io.ktor:ktor-websockets-wasm-js:3.5.1
:m18	transitive	io.ktor:ktor-websockets:3.5.1
:m18	transitive	net.java.dev.jna:jna-platform:5.19.1
:m18	transitive	net.java.dev.jna:jna:5.19.1
:m18	transitive	org.jetbrains.androidx.lifecycle:lifecycle-common-jvm:2.11.0
:m18	transitive	org.jetbrains.androidx.lifecycle:lifecycle-common-wasm-js:2.11.0
:m18	transitive	org.jetbrains.androidx.lifecycle:lifecycle-common:2.11.0
:m18	transitive	org.jetbrains.androidx.lifecycle:lifecycle-runtime-compose-desktop:2.11.0
:m18	transitive	org.jetbrains.androidx.lifecycle:lifecycle-runtime-compose-wasm-js:2.11.0
:m18	transitive	org.jetbrains.androidx.lifecycle:lifecycle-runtime-desktop:2.11.0
:m18	transitive	org.jetbrains.androidx.lifecycle:lifecycle-runtime-wasm-js:2.11.0
:m18	transitive	org.jetbrains.androidx.lifecycle:lifecycle-runtime:2.11.0
:m18	transitive	org.jetbrains.androidx.lifecycle:lifecycle-viewmodel-compose-desktop:2.11.0
:m18	transitive	org.jetbrains.androidx.lifecycle:lifecycle-viewmodel-compose-wasm-js:2.11.0
:m18	transitive	org.jetbrains.androidx.lifecycle:lifecycle-viewmodel-desktop:2.11.0
:m18	transitive	org.jetbrains.androidx.lifecycle:lifecycle-viewmodel-navigation3-desktop:2.11.0
:m18	transitive	org.jetbrains.androidx.lifecycle:lifecycle-viewmodel-navigation3-wasm-js:2.11.0
:m18	transitive	org.jetbrains.androidx.lifecycle:lifecycle-viewmodel-navigation3:2.11.0
:m18	transitive	org.jetbrains.androidx.lifecycle:lifecycle-viewmodel-savedstate-desktop:2.11.0
:m18	transitive	org.jetbrains.androidx.lifecycle:lifecycle-viewmodel-savedstate-wasm-js:2.11.0
:m18	transitive	org.jetbrains.androidx.lifecycle:lifecycle-viewmodel-savedstate:2.11.0
:m18	transitive	org.jetbrains.androidx.lifecycle:lifecycle-viewmodel-wasm-js:2.11.0
:m18	transitive	org.jetbrains.androidx.lifecycle:lifecycle-viewmodel:2.11.0
:m18	transitive	org.jetbrains.androidx.navigation3:navigation3-ui-desktop:1.1.1
:m18	transitive	org.jetbrains.androidx.navigation3:navigation3-ui-wasm-js:1.1.1
:m18	transitive	org.jetbrains.androidx.navigationevent:navigationevent-compose-desktop:1.0.1
:m18	transitive	org.jetbrains.androidx.navigationevent:navigationevent-compose-wasm-js:1.0.1
:m18	transitive	org.jetbrains.androidx.navigationevent:navigationevent-compose:1.0.1
:m18	transitive	org.jetbrains.androidx.savedstate:savedstate-compose-desktop:1.3.6
:m18	transitive	org.jetbrains.androidx.savedstate:savedstate-compose-desktop:1.4.0
:m18	transitive	org.jetbrains.androidx.savedstate:savedstate-compose-wasm-js:1.3.6
:m18	transitive	org.jetbrains.androidx.savedstate:savedstate-compose-wasm-js:1.4.0
:m18	transitive	org.jetbrains.androidx.savedstate:savedstate-compose:1.3.6
:m18	transitive	org.jetbrains.androidx.savedstate:savedstate-compose:1.4.0
:m18	transitive	org.jetbrains.androidx.savedstate:savedstate-wasm-js:1.3.6
:m18	transitive	org.jetbrains.androidx.savedstate:savedstate-wasm-js:1.4.0
:m18	transitive	org.jetbrains.androidx.savedstate:savedstate:1.3.6
:m18	transitive	org.jetbrains.androidx.savedstate:savedstate:1.4.0
:m18	transitive	org.jetbrains.androidx.window:window-core-desktop:1.5.0
:m18	transitive	org.jetbrains.androidx.window:window-core-wasm-js:1.5.0
:m18	transitive	org.jetbrains.androidx.window:window-core:1.5.0
:m18	transitive	org.jetbrains.compose.animation:animation-core-desktop:1.11.1
:m18	transitive	org.jetbrains.compose.animation:animation-core-wasm-js:1.11.1
:m18	transitive	org.jetbrains.compose.animation:animation-core:1.11.1
:m18	transitive	org.jetbrains.compose.animation:animation-desktop:1.11.1
:m18	transitive	org.jetbrains.compose.animation:animation-wasm-js:1.11.1
:m18	transitive	org.jetbrains.compose.animation:animation:1.11.1
:m18	transitive	org.jetbrains.compose.annotation-internal:annotation-wasm-js:1.10.0
:m18	transitive	org.jetbrains.compose.annotation-internal:annotation-wasm-js:1.9.1
:m18	transitive	org.jetbrains.compose.annotation-internal:annotation:1.10.0
:m18	transitive	org.jetbrains.compose.annotation-internal:annotation:1.9.1
:m18	transitive	org.jetbrains.compose.collection-internal:collection-wasm-js:1.10.0
:m18	transitive	org.jetbrains.compose.collection-internal:collection:1.10.0
:m18	transitive	org.jetbrains.compose.collection-internal:collection:1.9.3
:m18	transitive	org.jetbrains.compose.components:components-resources-desktop:1.11.1
:m18	transitive	org.jetbrains.compose.components:components-resources-wasmJs:1.11.1
:m18	transitive	org.jetbrains.compose.foundation:foundation-desktop:1.11.1
:m18	transitive	org.jetbrains.compose.foundation:foundation-layout-desktop:1.11.1
:m18	transitive	org.jetbrains.compose.foundation:foundation-layout-wasm-js:1.11.1
:m18	transitive	org.jetbrains.compose.foundation:foundation-layout:1.11.1
:m18	transitive	org.jetbrains.compose.foundation:foundation-wasm-js:1.11.1
:m18	transitive	org.jetbrains.compose.hot-reload:hot-reload-annotations-jvm:1.1.1
:m18	transitive	org.jetbrains.compose.hot-reload:hot-reload-annotations:1.1.1
:m18	transitive	org.jetbrains.compose.hot-reload:hot-reload-core:1.1.1
:m18	transitive	org.jetbrains.compose.hot-reload:hot-reload-devtools-api:1.1.1
:m18	transitive	org.jetbrains.compose.hot-reload:hot-reload-orchestration:1.1.1
:m18	transitive	org.jetbrains.compose.material3.adaptive:adaptive-desktop:1.3.0-beta02
:m18	transitive	org.jetbrains.compose.material3.adaptive:adaptive-layout-desktop:1.3.0-beta02
:m18	transitive	org.jetbrains.compose.material3.adaptive:adaptive-layout-wasm-js:1.3.0-beta02
:m18	transitive	org.jetbrains.compose.material3.adaptive:adaptive-navigation-desktop:1.3.0-beta02
:m18	transitive	org.jetbrains.compose.material3.adaptive:adaptive-navigation-wasm-js:1.3.0-beta02
:m18	transitive	org.jetbrains.compose.material3.adaptive:adaptive-navigation3-desktop:1.3.0-beta02
:m18	transitive	org.jetbrains.compose.material3.adaptive:adaptive-navigation3-wasm-js:1.3.0-beta02
:m18	transitive	org.jetbrains.compose.material3.adaptive:adaptive-wasm-js:1.3.0-beta02
:m18	transitive	org.jetbrains.compose.material3:material3-adaptive-navigation-suite-desktop:1.9.0
:m18	transitive	org.jetbrains.compose.material3:material3-adaptive-navigation-suite-wasm-js:1.9.0
:m18	transitive	org.jetbrains.compose.material3:material3-desktop:1.10.0-alpha05
:m18	transitive	org.jetbrains.compose.material3:material3-wasm-js:1.10.0-alpha05
:m18	transitive	org.jetbrains.compose.material:material-icons-core-desktop:1.7.3
:m18	transitive	org.jetbrains.compose.material:material-icons-core-wasm-js:1.7.3
:m18	transitive	org.jetbrains.compose.material:material-icons-core:1.7.3
:m18	transitive	org.jetbrains.compose.material:material-icons-extended-desktop:1.7.3
:m18	transitive	org.jetbrains.compose.material:material-icons-extended-wasm-js:1.7.3
:m18	transitive	org.jetbrains.compose.material:material-ripple-desktop:1.9.3
:m18	transitive	org.jetbrains.compose.material:material-ripple-wasm-js:1.9.3
:m18	transitive	org.jetbrains.compose.material:material-ripple:1.9.3
:m18	transitive	org.jetbrains.compose.runtime:runtime-desktop:1.11.1
:m18	transitive	org.jetbrains.compose.runtime:runtime-saveable-desktop:1.11.1
:m18	transitive	org.jetbrains.compose.runtime:runtime-saveable-wasm-js:1.11.1
:m18	transitive	org.jetbrains.compose.runtime:runtime-saveable:1.11.1
:m18	transitive	org.jetbrains.compose.runtime:runtime-wasm-js:1.11.1
:m18	transitive	org.jetbrains.compose.ui:ui-backhandler-desktop:1.11.1
:m18	transitive	org.jetbrains.compose.ui:ui-backhandler-wasm-js:1.11.1
:m18	transitive	org.jetbrains.compose.ui:ui-backhandler:1.11.1
:m18	transitive	org.jetbrains.compose.ui:ui-desktop:1.11.1
:m18	transitive	org.jetbrains.compose.ui:ui-geometry-desktop:1.11.1
:m18	transitive	org.jetbrains.compose.ui:ui-geometry-wasm-js:1.11.1
:m18	transitive	org.jetbrains.compose.ui:ui-geometry:1.11.1
:m18	transitive	org.jetbrains.compose.ui:ui-graphics-desktop:1.11.1
:m18	transitive	org.jetbrains.compose.ui:ui-graphics-wasm-js:1.11.1
:m18	transitive	org.jetbrains.compose.ui:ui-graphics:1.11.1
:m18	transitive	org.jetbrains.compose.ui:ui-text-desktop:1.11.1
:m18	transitive	org.jetbrains.compose.ui:ui-text-wasm-js:1.11.1
:m18	transitive	org.jetbrains.compose.ui:ui-text:1.11.1
:m18	transitive	org.jetbrains.compose.ui:ui-tooling-preview-desktop:1.11.1
:m18	transitive	org.jetbrains.compose.ui:ui-tooling-preview-wasm-js:1.11.1
:m18	transitive	org.jetbrains.compose.ui:ui-uikit:1.11.1
:m18	transitive	org.jetbrains.compose.ui:ui-unit-desktop:1.11.1
:m18	transitive	org.jetbrains.compose.ui:ui-unit-wasm-js:1.11.1
:m18	transitive	org.jetbrains.compose.ui:ui-unit:1.11.1
:m18	transitive	org.jetbrains.compose.ui:ui-util-desktop:1.11.1
:m18	transitive	org.jetbrains.compose.ui:ui-util-wasm-js:1.11.1
:m18	transitive	org.jetbrains.compose.ui:ui-util:1.11.1
:m18	transitive	org.jetbrains.compose.ui:ui-wasm-js:1.11.1
:m18	transitive	org.jetbrains.compose.ui:ui:1.11.1
:m18	transitive	org.jetbrains.kotlin-wrappers:kotlin-browser-wasm-js:2026.7.1
:m18	transitive	org.jetbrains.kotlin-wrappers:kotlin-browser:2026.7.1
:m18	transitive	org.jetbrains.kotlin-wrappers:kotlin-cssom-core-wasm-js:2026.7.1
:m18	transitive	org.jetbrains.kotlin-wrappers:kotlin-cssom-core:2026.7.1
:m18	transitive	org.jetbrains.kotlin-wrappers:kotlin-js-core-wasm-js:2026.7.1
:m18	transitive	org.jetbrains.kotlin-wrappers:kotlin-js-core:2026.7.1
:m18	transitive	org.jetbrains.kotlin-wrappers:kotlin-js-plain-object-wasm-js:2026.7.1
:m18	transitive	org.jetbrains.kotlin-wrappers:kotlin-js-plain-object:2026.7.1
:m18	transitive	org.jetbrains.kotlin-wrappers:kotlin-js-wasm-js:2026.7.1
:m18	transitive	org.jetbrains.kotlin-wrappers:kotlin-js:2026.7.1
:m18	transitive	org.jetbrains.kotlin-wrappers:kotlin-web-wasm-js:2026.7.1
:m18	transitive	org.jetbrains.kotlin-wrappers:kotlin-web:2026.7.1
:m18	transitive	org.jetbrains.kotlin:kotlin-stdlib-common:2.4.10
:m18	transitive	org.jetbrains.kotlin:kotlin-stdlib-wasm-js:2.4.10
:m18	transitive	org.jetbrains.kotlin:kotlin-test-wasm-js:2.4.10
:m18	transitive	org.jetbrains.kotlinx:atomicfu-jvm:0.28.0
:m18	transitive	org.jetbrains.kotlinx:atomicfu-wasm-js:0.33.0
:m18	transitive	org.jetbrains.kotlinx:atomicfu:0.28.0
:m18	transitive	org.jetbrains.kotlinx:atomicfu:0.33.0
:m18	transitive	org.jetbrains.kotlinx:kotlinx-browser-wasm-js:0.5.0
:m18	transitive	org.jetbrains.kotlinx:kotlinx-browser:0.5.0
:m18	transitive	org.jetbrains.kotlinx:kotlinx-collections-immutable-jvm:0.5.0
:m18	transitive	org.jetbrains.kotlinx:kotlinx-collections-immutable-wasm-js:0.5.0
:m18	transitive	org.jetbrains.kotlinx:kotlinx-collections-immutable:0.5.0
:m18	transitive	org.jetbrains.kotlinx:kotlinx-coroutines-bom:1.11.0
:m18	transitive	org.jetbrains.kotlinx:kotlinx-coroutines-core-jvm:1.11.0
:m18	transitive	org.jetbrains.kotlinx:kotlinx-coroutines-core-wasm-js:1.11.0
:m18	transitive	org.jetbrains.kotlinx:kotlinx-coroutines-core:1.11.0
:m18	transitive	org.jetbrains.kotlinx:kotlinx-coroutines-slf4j:1.11.0
:m18	transitive	org.jetbrains.kotlinx:kotlinx-coroutines-test-wasm-js:1.11.0
:m18	transitive	org.jetbrains.kotlinx:kotlinx-datetime-jvm:0.8.0
:m18	transitive	org.jetbrains.kotlinx:kotlinx-datetime-wasm-js:0.8.0
:m18	transitive	org.jetbrains.kotlinx:kotlinx-datetime:0.8.0
:m18	transitive	org.jetbrains.kotlinx:kotlinx-io-bytestring-jvm:0.9.0
:m18	transitive	org.jetbrains.kotlinx:kotlinx-io-bytestring-wasm-js:0.9.0
:m18	transitive	org.jetbrains.kotlinx:kotlinx-io-bytestring:0.9.0
:m18	transitive	org.jetbrains.kotlinx:kotlinx-io-core-jvm:0.9.0
:m18	transitive	org.jetbrains.kotlinx:kotlinx-io-core-wasm-js:0.9.0
:m18	transitive	org.jetbrains.kotlinx:kotlinx-io-core:0.9.0
:m18	transitive	org.jetbrains.kotlinx:kotlinx-serialization-bom:1.11.0
:m18	transitive	org.jetbrains.kotlinx:kotlinx-serialization-core-jvm:1.11.0
:m18	transitive	org.jetbrains.kotlinx:kotlinx-serialization-core-wasm-js:1.11.0
:m18	transitive	org.jetbrains.kotlinx:kotlinx-serialization-core:1.11.0
:m18	transitive	org.jetbrains.kotlinx:kotlinx-serialization-json-io-jvm:1.11.0
:m18	transitive	org.jetbrains.kotlinx:kotlinx-serialization-json-io-wasm-js:1.11.0
:m18	transitive	org.jetbrains.kotlinx:kotlinx-serialization-json-io:1.11.0
:m18	transitive	org.jetbrains.kotlinx:kotlinx-serialization-json-jvm:1.11.0
:m18	transitive	org.jetbrains.kotlinx:kotlinx-serialization-json-wasm-js:1.11.0
:m18	transitive	org.jetbrains.kotlinx:kotlinx-serialization-json:1.11.0
:m18	transitive	org.jetbrains.kotlinx:kotlinx-serialization-protobuf:1.7.3
:m18	transitive	org.jetbrains.runtime:jbr-api:1.9.0
:m18	transitive	org.jetbrains.skiko:skiko-awt:0.144.6
:m18	transitive	org.jetbrains.skiko:skiko-js-wasm-runtime:0.144.6
:m18	transitive	org.jetbrains.skiko:skiko-wasm-js:0.144.6
:m18	transitive	org.jetbrains.skiko:skiko:0.144.6
:m18	transitive	org.jetbrains:annotations:23.0.0
:m18	transitive	org.jetbrains:markdown-jvm:0.7.5
:m18	transitive	org.jetbrains:markdown-wasm-js:0.7.5
:m18	transitive	org.jetbrains:markdown:0.7.5
:m18	transitive	org.jspecify:jspecify:1.0.0
:m18	transitive	org.slf4j:slf4j-api:2.0.18
